customerID,Churn_Probability,Predicted_Churn,Risk_Category,tenure,MonthlyCharges,TotalCharges,Contract,InternetService,PaymentMethod,Churn
7590-VHVEG,0.6166999190464325,1,Medium Risk,1,29.85,29.85,Month-to-month,DSL,Electronic check,No
5575-GNVDE,0.0463343831611277,0,Low Risk,34,56.95,1889.5,One year,DSL,Mailed check,No
3668-QPYBK,0.2962591972972773,0,Low Risk,2,53.85,108.15,Month-to-month,DSL,Mailed check,Yes
7795-CFOCW,0.029120682595814934,0,Low Risk,45,42.3,1840.75,One year,DSL,Bank transfer (automatic),No
9237-HQITU,0.6971692430487495,1,Medium Risk,2,70.7,151.65,Month-to-month,Fiber optic,Electronic check,Yes
9305-CDSKC,0.7940510992776993,1,High Risk,8,99.65,820.5,Month-to-month,Fiber optic,Electronic check,Yes
1452-KIOVK,0.4803864763682655,0,Medium Risk,22,89.1,1949.4,Month-to-month,Fiber optic,Credit card (automatic),No
6713-OKOMC,0.28905303036304153,0,Low Risk,10,29.75,301.9,Month-to-month,DSL,Mailed check,No
7892-POOKP,0.6201445105288824,1,Medium Risk,28,104.8,3046.05,Month-to-month,Fiber optic,Electronic check,Yes
6388-TABGU,0.01074340603707338,0,Low Risk,62,56.15,3487.95,One year,DSL,Bank transfer (automatic),No
9763-GRSKD,0.20603779322145646,0,Low Risk,13,49.95,587.45,Month-to-month,DSL,Mailed check,No
7469-LKBCI,0.028068863267457066,0,Low Risk,16,18.95,326.8,Two year,No,Credit card (automatic),No
8091-TTVAX,0.18131580229466887,0,Low Risk,58,100.35,5681.1,One year,Fiber optic,Credit card (automatic),No
0280-XJGEX,0.4233980205821668,0,Medium Risk,49,103.7,5036.3,Month-to-month,Fiber optic,Bank transfer (automatic),Yes
5129-JLPIS,0.46226907595501543,0,Medium Risk,25,105.5,2686.05,Month-to-month,Fiber optic,Electronic check,No
3655-SNQYZ,0.0321576689502405,0,Low Risk,69,113.25,7895.15,Two year,Fiber optic,Credit card (automatic),No
8191-XWSZG,0.010416514938145287,0,Low Risk,52,20.65,1022.95,One year,No,Mailed check,No
9959-WOFKT,0.045475268080312777,0,Low Risk,71,106.7,7382.25,Two year,Fiber optic,Bank transfer (automatic),No
4190-MFLUW,0.15495834786794657,0,Low Risk,10,55.2,528.35,Month-to-month,DSL,Credit card (automatic),Yes
4183-MYFRB,0.5621636079147523,1,Medium Risk,21,90.05,1862.9,Month-to-month,Fiber optic,Electronic check,No
8779-QRDMV,0.7263880872245672,1,High Risk,1,39.65,39.65,Month-to-month,DSL,Electronic check,Yes
1680-VDCWW,0.06377318330873082,0,Low Risk,12,19.8,202.25,One year,No,Bank transfer (automatic),No
1066-JKSGK,0.19388171631531537,0,Low Risk,1,20.15,20.15,Month-to-month,No,Mailed check,Yes
3638-WEABW,0.017307687513112364,0,Low Risk,58,59.9,3505.1,Two year,DSL,Credit card (automatic),No
6322-HRPFA,0.02469109412781763,0,Low Risk,49,59.6,2970.3,Month-to-month,DSL,Credit card (automatic),No
6865-JZNKO,0.11232083584281399,0,Low Risk,30,55.3,1530.6,Month-to-month,DSL,Bank transfer (automatic),No
6467-CHFZW,0.4896711868340035,0,Medium Risk,47,99.35,4749.15,Month-to-month,Fiber optic,Electronic check,Yes
8665-UTDHZ,0.47401619530231803,0,Medium Risk,1,30.2,30.2,Month-to-month,DSL,Electronic check,Yes
5248-YGIJN,0.016477691584362693,0,Low Risk,72,90.25,6369.45,Two year,DSL,Credit card (automatic),No
8773-HHUOZ,0.34946483793798255,0,Low Risk,17,64.7,1093.1,Month-to-month,DSL,Mailed check,Yes
3841-NFECX,0.03040734900795682,0,Low Risk,71,96.35,6766.95,Two year,Fiber optic,Credit card (automatic),No
4929-XIHVW,0.7291419214378132,1,High Risk,2,95.5,181.65,Month-to-month,Fiber optic,Credit card (automatic),No
6827-IEAUQ,0.0307653534294872,0,Low Risk,27,66.15,1874.45,One year,DSL,Mailed check,No
7310-EGVHZ,0.1837589576254797,0,Low Risk,1,20.2,20.2,Month-to-month,No,Bank transfer (automatic),No
3413-BMNZE,0.37433478076925086,0,Low Risk,1,45.25,45.25,Month-to-month,DSL,Bank transfer (automatic),No
6234-RAAPL,0.02061837157223193,0,Low Risk,72,99.9,7251.7,Two year,Fiber optic,Bank transfer (automatic),No
6047-YHPVI,0.6766341373747771,1,Medium Risk,5,69.7,316.9,Month-to-month,Fiber optic,Electronic check,Yes
6572-ADKRS,0.2499684688906045,0,Low Risk,46,74.8,3548.3,Month-to-month,Fiber optic,Credit card (automatic),No
5380-WJKOV,0.6236398552081545,1,Medium Risk,34,106.35,3549.25,Month-to-month,Fiber optic,Electronic check,Yes
8168-UQWWF,0.7042371393392655,1,High Risk,11,97.85,1105.4,Month-to-month,Fiber optic,Bank transfer (automatic),Yes
8865-TNMNX,0.11599855831903931,0,Low Risk,10,49.55,475.7,One year,DSL,Mailed check,No
9489-DEDVP,0.01226234734769473,0,Low Risk,70,69.2,4872.35,Two year,DSL,Credit card (automatic),No
9867-JCZSP,0.0441357709484931,0,Low Risk,17,20.75,418.25,One year,No,Mailed check,No
4671-VJLCL,0.014132068320213772,0,Low Risk,63,79.85,4861.45,Two year,DSL,Credit card (automatic),No
4080-IIARD,0.313781623674166,0,Low Risk,13,76.2,981.45,Month-to-month,DSL,Electronic check,No
3714-NTNFO,0.4494398036244049,0,Medium Risk,49,84.5,3906.7,Month-to-month,Fiber optic,Electronic check,No
5948-UJZLF,0.3065814744302118,0,Low Risk,2,49.25,97.0,Month-to-month,DSL,Mailed check,No
7760-OYPDY,0.7397180368699753,1,High Risk,2,80.65,144.15,Month-to-month,Fiber optic,Electronic check,Yes
7639-LIAYI,0.03329104630500075,0,Low Risk,52,79.75,4217.8,Two year,DSL,Credit card (automatic),No
2954-PIBKO,0.007038912878353458,0,Low Risk,69,64.15,4254.1,Two year,DSL,Credit card (automatic),No
8012-SOUDQ,0.5159615387683385,1,Medium Risk,43,90.25,3838.75,Month-to-month,Fiber optic,Electronic check,No
9420-LOJKX,0.4662264322557342,0,Medium Risk,15,99.1,1426.4,Month-to-month,Fiber optic,Credit card (automatic),Yes
6575-SUVOI,0.21171966299211753,0,Low Risk,25,69.5,1752.65,Month-to-month,DSL,Credit card (automatic),No
7495-OOKFY,0.6202516850106655,1,Medium Risk,8,80.65,633.3,Month-to-month,Fiber optic,Credit card (automatic),Yes
4667-QONEA,0.019903251974154414,0,Low Risk,60,74.85,4456.35,One year,DSL,Credit card (automatic),No
1658-BYGOY,0.7811018768227759,1,High Risk,18,95.45,1752.55,Month-to-month,Fiber optic,Electronic check,Yes
8769-KKTPH,0.13385458279992507,0,Low Risk,63,99.65,6311.2,One year,Fiber optic,Credit card (automatic),No
5067-XJQFU,0.19423023451579086,0,Low Risk,66,108.45,7076.35,One year,Fiber optic,Electronic check,No
3957-SQXML,0.013522085712209593,0,Low Risk,34,24.95,894.3,Two year,No,Credit card (automatic),No
5954-BDFSG,0.08462766010940788,0,Low Risk,72,107.5,7853.7,Two year,Fiber optic,Credit card (automatic),No
0434-CSFON,0.5713489709447263,1,Medium Risk,47,100.5,4707.1,Month-to-month,Fiber optic,Electronic check,No
1215-FIGMP,0.27883156031401185,0,Low Risk,60,89.9,5450.7,Month-to-month,Fiber optic,Bank transfer (automatic),No
0526-SXDJP,0.006339026117272703,0,Low Risk,72,42.1,2962.0,Two year,DSL,Bank transfer (automatic),No
0557-ASKVU,0.08968561305225067,0,Low Risk,18,54.4,957.1,One year,DSL,Credit card (automatic),No
5698-BQJOH,0.7262175996497547,1,High Risk,9,94.4,857.25,Month-to-month,Fiber optic,Electronic check,Yes
5122-CYFXA,0.4738276199905301,0,Medium Risk,3,75.3,244.1,Month-to-month,DSL,Electronic check,No
8627-ZYGSZ,0.23198806094567329,0,Low Risk,47,78.9,3650.35,One year,Fiber optic,Electronic check,No
3410-YOQBQ,0.043958934084516114,0,Low Risk,31,79.2,2497.2,Two year,DSL,Mailed check,No
3170-NMYVV,0.004603923713242438,0,Low Risk,50,20.15,930.9,Two year,No,Bank transfer (automatic),No
7410-OIEDU,0.4543831655210044,0,Medium Risk,10,79.85,887.35,Month-to-month,Fiber optic,Mailed check,No
2273-QCKXA,0.2733276186356419,0,Low Risk,1,49.05,49.05,Month-to-month,DSL,Mailed check,No
0731-EBJQB,0.01730188828887192,0,Low Risk,52,20.4,1090.65,One year,No,Electronic check,No
1891-QRQSA,0.07013681621239631,0,Low Risk,64,111.6,7099.0,Two year,Fiber optic,Bank transfer (automatic),No
8028-PNXHQ,0.005476170113416479,0,Low Risk,62,24.25,1424.6,Two year,No,Bank transfer (automatic),No
5630-AHZIL,0.2311419044632473,0,Low Risk,3,64.5,177.4,Month-to-month,DSL,Bank transfer (automatic),No
2673-CXQEU,0.20323506834615304,0,Low Risk,56,110.5,6139.5,One year,Fiber optic,Electronic check,No
6416-JNVRK,0.05288470004801624,0,Low Risk,46,55.65,2688.85,One year,DSL,Credit card (automatic),No
5590-ZSKRV,0.15581698142374284,0,Low Risk,8,54.65,482.25,Month-to-month,DSL,Mailed check,No
0191-ZHSKZ,0.2822405400476599,0,Low Risk,30,74.75,2111.3,Month-to-month,DSL,Electronic check,No
3887-PBQAO,0.022350233172080246,0,Low Risk,45,25.9,1216.6,One year,No,Credit card (automatic),No
5919-TMRGD,0.7015320656725398,1,High Risk,1,79.35,79.35,Month-to-month,Fiber optic,Electronic check,Yes
8108-UXRQN,0.41610163978855386,0,Medium Risk,11,50.55,565.35,Month-to-month,DSL,Electronic check,No
9191-MYQKX,0.558997869202731,1,Medium Risk,7,75.15,496.9,Month-to-month,Fiber optic,Bank transfer (automatic),Yes
9919-YLNNG,0.30902249970435447,0,Low Risk,42,103.8,4327.5,Month-to-month,Fiber optic,Bank transfer (automatic),No
0318-ZOPWS,0.008906111199908862,0,Low Risk,49,20.15,973.35,Two year,No,Bank transfer (automatic),No
4445-ZJNMU,0.6871370697776228,1,Medium Risk,9,99.3,918.75,Month-to-month,Fiber optic,Credit card (automatic),No
4808-YNLEU,0.08086482664144216,0,Low Risk,35,62.15,2215.45,One year,DSL,Bank transfer (automatic),No
1862-QRWPE,0.005272576623079708,0,Low Risk,48,20.65,1057.0,Two year,No,Bank transfer (automatic),No
2796-NNUFI,0.008785605103795271,0,Low Risk,46,19.95,927.1,Two year,No,Mailed check,No
3016-KSVCP,0.2610577127905677,0,Low Risk,29,33.75,1009.25,Month-to-month,DSL,Mailed check,No
4767-HZZHQ,0.22908458094365045,0,Low Risk,30,82.05,2570.2,Month-to-month,Fiber optic,Bank transfer (automatic),No
2424-WVHPL,0.5695062004116141,1,Medium Risk,1,74.7,74.7,Month-to-month,Fiber optic,Electronic check,No
7233-PAHHL,0.020033023164485974,0,Low Risk,66,84.0,5714.25,Two year,DSL,Mailed check,No
6067-NGCEU,0.24793178983692657,0,Low Risk,65,111.05,7107.0,Month-to-month,Fiber optic,Credit card (automatic),No
9848-JQJTX,0.09694763874016248,0,Low Risk,72,100.9,7459.05,Two year,Fiber optic,Bank transfer (automatic),No
8637-XJIVR,0.5885449567106371,1,Medium Risk,12,78.95,927.35,Month-to-month,Fiber optic,Electronic check,Yes
9803-FTJCG,0.011996004100117386,0,Low Risk,71,66.85,4748.7,One year,DSL,Credit card (automatic),No
0278-YXOOG,0.16646277745222654,0,Low Risk,5,21.05,113.85,Month-to-month,No,Mailed check,Yes
3212-KXOCR,0.005434364813771865,0,Low Risk,52,21.0,1107.2,Two year,No,Bank transfer (automatic),No
4598-XLKNJ,0.6414753416794783,1,Medium Risk,25,98.5,2514.5,Month-to-month,Fiber optic,Electronic check,Yes
6380-ARCEH,0.1938880358106986,0,Low Risk,1,20.2,20.2,Month-to-month,No,Mailed check,No
3679-XASPY,0.21001331421066669,0,Low Risk,1,19.45,19.45,Month-to-month,No,Electronic check,No
7123-WQUHX,0.17362626861979283,0,Low Risk,38,95.0,3605.6,One year,Fiber optic,Bank transfer (automatic),No
5386-THSLQ,0.03470410227953526,0,Low Risk,66,45.55,3027.25,One year,DSL,Bank transfer (automatic),No
3192-NQECA,0.08755391219990571,0,Low Risk,68,110.0,7611.85,Two year,Fiber optic,Bank transfer (automatic),Yes
6180-YBIQI,0.4404160667546064,0,Medium Risk,5,24.3,100.2,Month-to-month,DSL,Mailed check,No
6728-DKUCO,0.13567381521034835,0,Low Risk,72,104.15,7303.05,One year,Fiber optic,Electronic check,No
9750-BOOHV,0.07035961161043114,0,Low Risk,32,30.15,927.65,One year,DSL,Mailed check,No
8597-CWYHH,0.26148931580171914,0,Low Risk,43,94.35,3921.3,One year,Fiber optic,Mailed check,No
2848-YXSMW,0.0016122568595178701,0,Low Risk,72,19.4,1363.25,Two year,No,Credit card (automatic),No
0486-HECZI,0.32014221430575246,0,Low Risk,55,96.75,5238.9,Month-to-month,Fiber optic,Electronic check,Yes
4549-ZDQYY,0.015051455933787672,0,Low Risk,52,57.95,3042.25,One year,DSL,Credit card (automatic),No
5712-AHQNN,0.4048057623265281,0,Medium Risk,43,91.65,3954.1,Month-to-month,Fiber optic,Electronic check,No
4846-WHAFZ,0.5312858157587991,1,Medium Risk,37,76.5,2868.15,Month-to-month,Fiber optic,Electronic check,Yes
5256-SKJGO,0.029803952415146665,0,Low Risk,64,54.6,3423.5,Two year,DSL,Electronic check,No
3071-VBYPO,0.4626688155677232,0,Medium Risk,3,89.85,248.4,Month-to-month,Fiber optic,Electronic check,No
9560-BBZXK,0.03109206001776378,0,Low Risk,36,31.05,1126.35,Two year,DSL,Bank transfer (automatic),No
5299-RULOA,0.6720208885802355,1,Medium Risk,10,100.25,1064.65,Month-to-month,Fiber optic,Electronic check,Yes
8402-OOOHJ,0.009416121411935145,0,Low Risk,41,20.65,835.15,Two year,No,Mailed check,No
9445-ZUEQE,0.2964254645867488,0,Low Risk,27,85.2,2151.6,Month-to-month,Fiber optic,Credit card (automatic),No
1091-SOZGA,0.21162656160909635,0,Low Risk,56,99.8,5515.45,One year,Fiber optic,Credit card (automatic),No
2928-HLDBA,0.15641377419309538,0,Low Risk,6,20.7,112.75,Month-to-month,No,Mailed check,No
0404-SWRVG,0.7513547878136518,1,High Risk,3,74.4,229.55,Month-to-month,Fiber optic,Electronic check,Yes
6497-TILVL,0.18393812574132065,0,Low Risk,7,50.7,350.35,Month-to-month,DSL,Mailed check,No
7219-TLZHO,0.14202133861194532,0,Low Risk,4,20.85,62.9,Month-to-month,No,Mailed check,No
4622-YNKIJ,0.12235719402868624,0,Low Risk,33,88.95,3027.65,Two year,Fiber optic,Electronic check,No
4412-YLTKF,0.5990339435767745,1,Medium Risk,27,78.05,2135.5,Month-to-month,Fiber optic,Electronic check,Yes
6734-PSBAW,0.004378424585857625,0,Low Risk,72,23.55,1723.95,Two year,No,Bank transfer (automatic),No
3930-ZGWVE,0.19383116598390418,0,Low Risk,1,19.75,19.75,Month-to-month,No,Mailed check,No
2639-UGMAZ,0.06025435434614341,0,Low Risk,71,56.45,3985.35,One year,DSL,Electronic check,No
2876-GZYZC,0.7347043271817071,1,High Risk,13,85.95,1215.65,Month-to-month,Fiber optic,Electronic check,No
6207-WIOLX,0.24748085152099356,0,Low Risk,25,58.6,1502.65,Month-to-month,DSL,Credit card (automatic),Yes
8587-XYZSF,0.006544300276743056,0,Low Risk,67,50.55,3260.1,Two year,DSL,Bank transfer (automatic),No
3091-FYHKI,0.7051438771309169,1,High Risk,1,35.45,35.45,Month-to-month,DSL,Electronic check,Yes
2372-HWUHI,0.42251177571627635,0,Medium Risk,2,44.35,81.25,Month-to-month,DSL,Electronic check,Yes
7799-LGRDP,0.016197090724726818,0,Low Risk,43,25.7,1188.2,Two year,No,Credit card (automatic),No
7850-VWJUU,0.33491881828290876,0,Low Risk,23,75.0,1778.5,Month-to-month,Fiber optic,Bank transfer (automatic),No
3774-VBNXY,0.0025786985389951566,0,Low Risk,64,20.2,1277.75,Two year,No,Mailed check,No
6217-KDYWC,0.005270353532070111,0,Low Risk,57,19.6,1170.55,Two year,No,Mailed check,No
0390-DCFDQ,0.6696306635191985,1,Medium Risk,1,70.45,70.45,Month-to-month,Fiber optic,Mailed check,Yes
3146-MSEGF,0.015152019103016872,0,Low Risk,72,88.05,6425.65,Two year,DSL,Credit card (automatic),No
4080-OGPJL,0.30177198015037543,0,Low Risk,8,71.15,563.65,Month-to-month,DSL,Electronic check,Yes
1095-WGNGG,0.1216346375334607,0,Low Risk,61,101.05,5971.25,Two year,Fiber optic,Bank transfer (automatic),No
2636-SJDOU,0.07237867224465745,0,Low Risk,64,84.3,5289.05,One year,Fiber optic,Credit card (automatic),No
1131-QQZEB,0.0037109265312586515,0,Low Risk,71,23.95,1756.2,Two year,No,Bank transfer (automatic),No
5716-EZXZN,0.03381030837318172,0,Low Risk,65,99.05,6416.7,Two year,Fiber optic,Credit card (automatic),No
6837-BJYDQ,0.09945736308892886,0,Low Risk,3,19.6,61.35,One year,No,Mailed check,No
2135-RXIHG,0.5268662946098268,1,Medium Risk,1,45.65,45.65,Month-to-month,DSL,Electronic check,Yes
6440-DKQGE,0.06508040101220261,0,Low Risk,30,64.5,1929.95,One year,DSL,Credit card (automatic),No
3466-BYAVD,0.21419911110079942,0,Low Risk,15,69.5,1071.4,Month-to-month,DSL,Mailed check,No
3780-YVMFA,0.4218659252003498,0,Medium Risk,8,68.55,564.35,Month-to-month,DSL,Electronic check,No
3874-EQOEP,0.6734963984823455,1,Medium Risk,7,95.0,655.5,Month-to-month,Fiber optic,Mailed check,Yes
1679-JRFBR,0.11315224219635966,0,Low Risk,70,108.15,7930.55,One year,Fiber optic,Credit card (automatic),No
9073-ZZIAY,0.013198818237308493,0,Low Risk,62,86.1,5215.25,Two year,DSL,Electronic check,No
3077-RSNTJ,0.13106961361809097,0,Low Risk,6,19.7,113.5,Month-to-month,No,Mailed check,No
6551-GNYDG,0.5164784363655083,1,Medium Risk,14,80.9,1152.8,Month-to-month,Fiber optic,Bank transfer (automatic),No
9167-APMXZ,0.5746718200547802,1,Medium Risk,22,84.15,1821.95,Month-to-month,Fiber optic,Bank transfer (automatic),No
2749-CTKAJ,0.035029484651001495,0,Low Risk,22,20.15,419.9,One year,No,Mailed check,No
6371-NZYEG,0.05106537744364262,0,Low Risk,16,64.25,1024.0,Two year,DSL,Mailed check,No
7554-NEWDD,0.05040163519913273,0,Low Risk,10,25.7,251.6,Two year,No,Bank transfer (automatic),No
8992-VONJD,0.23203705692800264,0,Low Risk,13,56.0,764.55,Month-to-month,DSL,Electronic check,No
0867-MKZVY,0.43758021708091416,0,Medium Risk,20,82.4,1592.35,Month-to-month,Fiber optic,Electronic check,Yes
4482-EWFMI,0.6961906541272287,1,Medium Risk,2,69.7,135.2,Month-to-month,Fiber optic,Electronic check,No
4648-YPBTM,0.030230125262928856,0,Low Risk,53,73.9,3958.25,Two year,DSL,Bank transfer (automatic),No
2907-ILJBN,0.056967436052719624,0,Low Risk,11,20.6,233.9,One year,No,Mailed check,No
6345-FZOQH,0.002594024302924012,0,Low Risk,69,19.9,1363.45,Two year,No,Mailed check,No
3376-BMGFE,0.5902394615215846,1,Medium Risk,4,70.9,273.0,Month-to-month,Fiber optic,Bank transfer (automatic),Yes
5997-OPVFA,0.016448760595911355,0,Low Risk,72,89.05,6254.45,Two year,DSL,Bank transfer (automatic),No
3445-HXXGF,0.17886980244554546,0,Low Risk,58,45.3,2651.2,Month-to-month,DSL,Electronic check,Yes
1159-WFSGR,0.11551039351941426,0,Low Risk,16,20.4,321.4,Month-to-month,No,Electronic check,No
7654-YWJUF,0.08564402504411445,0,Low Risk,43,84.25,3539.25,One year,Fiber optic,Bank transfer (automatic),No
1875-QIVME,0.7611322877770651,1,High Risk,2,104.4,242.8,Month-to-month,Fiber optic,Electronic check,Yes
6727-IOTLZ,0.07786804755190722,0,Low Risk,14,81.95,1181.75,Two year,DSL,Mailed check,No
0691-JVSYA,0.21132086926034288,0,Low Risk,53,94.85,5000.2,One year,Fiber optic,Bank transfer (automatic),Yes
5918-VUKWP,0.02500933288988027,0,Low Risk,32,20.55,654.55,One year,No,Bank transfer (automatic),No
1744-JHKYS,0.08660850696655426,0,Low Risk,34,24.7,780.2,Month-to-month,No,Electronic check,No
2656-FMOKZ,0.6232264950538302,1,Medium Risk,15,74.45,1145.7,Month-to-month,Fiber optic,Mailed check,Yes
2070-FNEXE,0.40399383682902823,0,Medium Risk,7,76.45,503.6,Month-to-month,Fiber optic,Bank transfer (automatic),Yes
5947-SGKCL,0.5953657844911782,1,Medium Risk,15,105.35,1559.25,Month-to-month,Fiber optic,Bank transfer (automatic),No
3712-PKXZA,0.009510979177589243,0,Low Risk,61,20.55,1252.0,One year,No,Credit card (automatic),No
6317-YPKDH,0.42217866836581874,0,Medium Risk,1,29.95,29.95,Month-to-month,DSL,Bank transfer (automatic),Yes
6582-OIVSP,0.35026099413368644,0,Low Risk,1,45.3,45.3,Month-to-month,DSL,Mailed check,No
9367-WXLCH,0.5973537966773647,1,Medium Risk,8,84.5,662.65,Month-to-month,Fiber optic,Bank transfer (automatic),Yes
5524-KHNJP,0.06253948580167476,0,Low Risk,33,74.75,2453.3,One year,DSL,Credit card (automatic),No
1918-ZBFQJ,0.5669731458181304,1,Medium Risk,13,79.25,1111.65,Month-to-month,Fiber optic,Electronic check,Yes
1024-GUALD,0.6578488839741851,1,Medium Risk,1,24.8,24.8,Month-to-month,DSL,Electronic check,Yes
4827-USJHP,0.23994993316505575,0,Low Risk,20,51.8,1023.85,Month-to-month,DSL,Mailed check,No
8167-GJLRN,0.45215918822613554,0,Medium Risk,3,30.4,82.15,Month-to-month,DSL,Electronic check,No
0956-SYCWG,0.08508524033657108,0,Low Risk,13,19.65,244.8,One year,No,Electronic check,No
8017-UVSZU,0.11381070279251305,0,Low Risk,40,56.6,2379.1,Month-to-month,DSL,Credit card (automatic),No
7100-FQPRV,0.05017521161872557,0,Low Risk,43,71.9,3173.35,One year,DSL,Credit card (automatic),No
2472-OVKUP,0.6787285474925252,1,Medium Risk,6,91.0,531.0,Month-to-month,Fiber optic,Electronic check,Yes
2984-RGEYA,0.0019035317149832007,0,Low Risk,69,19.75,1375.4,Two year,No,Bank transfer (automatic),No
9680-NIAUV,0.042234445248452795,0,Low Risk,72,109.7,8129.3,Two year,Fiber optic,Credit card (automatic),No
2146-EGVDT,0.0030501120149430813,0,Low Risk,59,19.3,1192.7,Two year,No,Credit card (automatic),No
2604-IJPDU,0.3936176970544174,0,Low Risk,20,96.55,1901.65,Month-to-month,Fiber optic,Electronic check,No
9178-JHUVJ,0.031744947874352815,0,Low Risk,24,24.1,587.4,Two year,No,Bank transfer (automatic),No
6168-YBYNP,0.3889632277092606,0,Low Risk,59,111.35,6519.75,Month-to-month,Fiber optic,Electronic check,No
7255-SSFBC,0.0646802180987245,0,Low Risk,72,112.25,8041.65,Two year,Fiber optic,Bank transfer (automatic),No
3645-DEYGF,0.16110377541997598,0,Low Risk,1,20.75,20.75,Month-to-month,No,Mailed check,No
9323-HGFWY,0.21114297583123304,0,Low Risk,27,101.9,2681.15,One year,Fiber optic,Credit card (automatic),No
8544-GOQSH,0.36814089553383145,0,Low Risk,14,80.05,1112.3,Month-to-month,Fiber optic,Credit card (automatic),No
3363-DTIVD,0.06753588081587172,0,Low Risk,71,105.55,7405.5,Two year,Fiber optic,Electronic check,No
7018-WBJNK,0.5152855383348462,1,Medium Risk,13,78.3,1033.95,Month-to-month,Fiber optic,Credit card (automatic),No
9142-KZXOP,0.19008111063945865,0,Low Risk,44,68.85,2958.95,Month-to-month,Fiber optic,Credit card (automatic),No
7674-YTAFD,0.141499081994943,0,Low Risk,33,79.95,2684.85,One year,Fiber optic,Bank transfer (automatic),No
6348-SNFUS,0.008164202860412898,0,Low Risk,72,55.45,4179.2,Two year,DSL,Credit card (automatic),No
1285-OKIPP,0.6741629598494088,1,Medium Risk,1,79.9,79.9,Month-to-month,Fiber optic,Electronic check,Yes
7825-ECJRF,0.4891269757755386,0,Medium Risk,19,106.6,1934.45,Month-to-month,Fiber optic,Electronic check,Yes
1347-KTTTA,0.11379961693837387,0,Low Risk,64,102.45,6654.1,One year,Fiber optic,Credit card (automatic),No
7841-TZDMQ,0.41178521290791154,0,Medium Risk,2,46.0,84.5,Month-to-month,DSL,Credit card (automatic),Yes
4195-NZGTA,0.5643492405159355,1,Medium Risk,1,25.25,25.25,Month-to-month,DSL,Electronic check,No
7157-SMCFK,0.002908859977633481,0,Low Risk,61,19.75,1124.2,Two year,No,Mailed check,No
4709-LKHYG,0.0340138801961662,0,Low Risk,29,20.0,540.05,One year,No,Electronic check,No
2504-DSHIH,0.6218432624079312,1,Medium Risk,23,86.8,1975.85,Month-to-month,Fiber optic,Electronic check,No
0699-NDKJM,0.11331123339034527,0,Low Risk,57,58.75,3437.45,Month-to-month,DSL,Bank transfer (automatic),No
9286-BHDQG,0.003518769420561687,0,Low Risk,72,45.25,3139.8,Two year,DSL,Credit card (automatic),No
0230-WEQUW,0.013007168579027579,0,Low Risk,66,56.6,3789.2,Two year,DSL,Bank transfer (automatic),No
2040-LDIWQ,0.022924695168165962,0,Low Risk,65,84.2,5324.5,Two year,DSL,Bank transfer (automatic),No
6496-JDSSB,0.6116745482731182,1,Medium Risk,8,80.0,624.6,Month-to-month,Fiber optic,Bank transfer (automatic),No
9408-SSNVZ,0.6808348526723096,1,Medium Risk,4,70.15,268.35,Month-to-month,Fiber optic,Electronic check,Yes
4443-EMBNA,0.003195685401734594,0,Low Risk,71,24.75,1836.9,Two year,No,Bank transfer (automatic),No
6469-MRVET,0.1665178543530958,0,Low Risk,1,20.2,20.2,One year,No,Electronic check,No
0742-MOABM,0.2529999682585307,0,Low Risk,4,50.05,179.35,Month-to-month,DSL,Mailed check,Yes
5961-VUSRV,0.08724463339355314,0,Low Risk,12,19.35,219.35,One year,No,Bank transfer (automatic),No
6778-JFCMK,0.22280543355841906,0,Low Risk,24,50.6,1288.75,One year,DSL,Mailed check,No
6341-JVQGF,0.07497842276740872,0,Low Risk,31,81.15,2545.75,One year,DSL,Mailed check,No
2232-DMLXU,0.4053007727441925,0,Medium Risk,1,55.2,55.2,Month-to-month,DSL,Mailed check,Yes
4811-JBUVU,0.4300697760029148,0,Medium Risk,30,89.9,2723.15,Month-to-month,Fiber optic,Credit card (automatic),No
0945-TSONX,0.02818286741727284,0,Low Risk,47,85.3,4107.25,Two year,DSL,Credit card (automatic),No
2651-ZCBXV,0.07597570074067928,0,Low Risk,54,108.0,5760.65,Two year,Fiber optic,Credit card (automatic),No
3316-UWXUY,0.15177083925574802,0,Low Risk,50,93.5,4747.5,Month-to-month,Fiber optic,Credit card (automatic),No
8937-RDTHP,0.5862357713836024,1,Medium Risk,1,84.6,84.6,Month-to-month,Fiber optic,Mailed check,Yes
7083-MIOPC,0.0020394658179388246,0,Low Risk,72,20.25,1566.9,Two year,No,Credit card (automatic),No
1984-GPTEH,0.10598859894660803,0,Low Risk,29,25.15,702.0,Month-to-month,No,Electronic check,No
1251-KRREG,0.4621616266014063,0,Medium Risk,2,54.4,114.1,Month-to-month,DSL,Mailed check,Yes
0621-JFHOL,0.14250730117419597,0,Low Risk,10,29.6,299.05,Two year,DSL,Mailed check,No
9903-LYSAB,0.64678685863957,1,Medium Risk,18,73.15,1305.95,Month-to-month,Fiber optic,Electronic check,No
0094-OIFMO,0.7304598686036224,1,High Risk,11,95.0,1120.3,Month-to-month,Fiber optic,Electronic check,Yes
9227-UAQFT,0.030436696475723012,0,Low Risk,16,19.75,284.35,Two year,No,Mailed check,No
7301-ABVAD,0.017038637352794643,0,Low Risk,72,86.6,6350.5,Two year,DSL,Bank transfer (automatic),No
6614-FHDBO,0.052986820400677447,0,Low Risk,72,109.2,7878.3,Two year,Fiber optic,Bank transfer (automatic),No
7576-ASEJU,0.0508362133873762,0,Low Risk,41,74.7,3187.65,One year,DSL,Credit card (automatic),No
9058-HRZSV,0.16303112527332742,0,Low Risk,65,94.4,6126.15,Month-to-month,Fiber optic,Electronic check,No
4522-AKYLR,0.3895843771550271,0,Low Risk,13,54.8,731.3,Month-to-month,DSL,Electronic check,No
0221-WMXNQ,0.5315568388282228,1,Medium Risk,4,75.35,273.4,Month-to-month,Fiber optic,Electronic check,No
0303-UNCIP,0.09043487526096233,0,Low Risk,41,65.0,2531.8,One year,DSL,Mailed check,No
9947-OTFQU,0.5917304939276912,1,Medium Risk,15,74.4,1074.3,Month-to-month,Fiber optic,Electronic check,Yes
0322-YINQP,0.34338399012906334,0,Low Risk,1,48.55,48.55,Month-to-month,DSL,Mailed check,Yes
0959-WHOKV,0.25858478643901844,0,Low Risk,42,99.0,4298.45,One year,Fiber optic,Electronic check,No
4075-JFPGR,0.15021195131912016,0,Low Risk,51,93.5,4619.55,One year,Fiber optic,Electronic check,No
4629-NRXKX,0.5623873003383557,1,Medium Risk,2,70.4,147.15,Month-to-month,Fiber optic,Electronic check,Yes
9514-JDSKI,0.6190577024396758,1,Medium Risk,1,40.2,40.2,Month-to-month,DSL,Electronic check,Yes
3282-ZISZV,0.0772882746195417,0,Low Risk,32,83.7,2633.3,One year,DSL,Credit card (automatic),No
3675-YDUPJ,0.18568659292336087,0,Low Risk,10,19.85,193.05,Month-to-month,No,Mailed check,No
4111-BNXIF,0.028834393940409285,0,Low Risk,67,59.55,4103.9,Two year,DSL,Electronic check,No
7017-VFHAY,0.03903056224661132,0,Low Risk,61,115.1,7008.15,Two year,Fiber optic,Credit card (automatic),No
6655-LHBYW,0.11211148329684453,0,Low Risk,50,114.35,5791.1,One year,Fiber optic,Credit card (automatic),No
4959-JOSRX,0.41091287113833525,0,Medium Risk,2,44.6,80.55,Month-to-month,DSL,Credit card (automatic),Yes
5046-NUHWD,0.3484943103637736,0,Low Risk,29,45.0,1228.65,Month-to-month,DSL,Electronic check,No
7273-TEFQD,0.7099840828892281,1,High Risk,3,41.15,132.2,Month-to-month,DSL,Electronic check,Yes
3606-TWKGI,0.7710549215962357,1,High Risk,13,106.9,1364.3,Month-to-month,Fiber optic,Electronic check,Yes
7529-ZDFXI,0.4110960999454521,0,Medium Risk,57,89.85,4925.35,Month-to-month,Fiber optic,Electronic check,No
7605-BDWDC,0.04511599074133533,0,Low Risk,31,49.85,1520.1,Two year,DSL,Bank transfer (automatic),No
1950-KSVVJ,0.12965380140669433,0,Low Risk,45,113.3,5032.25,One year,Fiber optic,Mailed check,No
0123-CRBRT,0.014042219752757316,0,Low Risk,61,88.1,5526.75,Two year,DSL,Mailed check,No
6292-TOSSS,0.008169739571165747,0,Low Risk,50,24.9,1195.25,Two year,No,Bank transfer (automatic),No
3197-ARFOY,0.41587914927339104,0,Medium Risk,19,105.0,2007.25,Month-to-month,Fiber optic,Mailed check,No
6323-AYBRX,0.004017599968887958,0,Low Risk,59,19.35,1099.6,Two year,No,Mailed check,Yes
7014-ZZXAW,0.004405997932661472,0,Low Risk,71,24.25,1732.95,Two year,No,Credit card (automatic),No
4385-GZQXV,0.6523215319274825,1,Medium Risk,16,94.45,1511.2,Month-to-month,Fiber optic,Electronic check,Yes
7633-MVPUY,0.013799479085422636,0,Low Risk,57,59.75,3450.15,Two year,DSL,Electronic check,No
6366-ZGQGL,0.471436341815948,0,Medium Risk,1,24.8,24.8,Month-to-month,DSL,Bank transfer (automatic),Yes
4716-HHKQH,0.5877920716521489,1,Medium Risk,20,107.05,2172.05,Month-to-month,Fiber optic,Electronic check,No
5940-AHUHD,0.545803772220418,1,Medium Risk,1,70.6,70.6,Month-to-month,Fiber optic,Mailed check,Yes
6432-TWQLB,0.6230780164580182,1,Medium Risk,5,85.4,401.1,Month-to-month,Fiber optic,Electronic check,Yes
4484-GLZOU,0.5181673951846548,1,Medium Risk,52,105.05,5624.85,Month-to-month,Fiber optic,Electronic check,Yes
3179-GBRWV,0.22448404205327924,0,Low Risk,21,64.95,1339.8,Month-to-month,DSL,Bank transfer (automatic),No
8645-KWHJO,0.5395389618495622,1,Medium Risk,14,55.0,771.95,Month-to-month,DSL,Electronic check,No
4130-MZLCC,0.2643270852737119,0,Low Risk,5,50.55,244.75,Month-to-month,DSL,Bank transfer (automatic),No
0314-TKOSI,0.19497183815816752,0,Low Risk,6,55.15,322.9,Month-to-month,DSL,Mailed check,No
8229-MYEJZ,0.3040035835664105,0,Low Risk,10,51.2,498.25,Month-to-month,DSL,Electronic check,No
2080-SRCDE,0.20004932650117058,0,Low Risk,1,25.4,25.4,Month-to-month,No,Mailed check,No
9577-WJVCQ,0.033213583479647306,0,Low Risk,68,54.45,3687.75,Month-to-month,DSL,Mailed check,No
9512-UIBFX,0.47258711392328473,0,Medium Risk,18,95.15,1779.95,Month-to-month,Fiber optic,Mailed check,Yes
6202-DYYFX,0.3473413544607362,0,Low Risk,22,76.0,1783.6,One year,Fiber optic,Credit card (automatic),No
3808-HFKDE,0.3335634659592518,0,Low Risk,20,44.35,927.15,Month-to-month,DSL,Electronic check,No
5583-SXDAG,0.6296857237541424,1,Medium Risk,1,70.0,70.0,Month-to-month,Fiber optic,Electronic check,Yes
3488-PGMQJ,0.6507368096145014,1,Medium Risk,8,74.5,606.55,Month-to-month,Fiber optic,Electronic check,Yes
3580-REOAC,0.33411183968396746,0,Low Risk,10,44.85,435.4,Month-to-month,DSL,Credit card (automatic),Yes
7534-BFESC,0.6276864509462728,1,Medium Risk,24,76.1,1712.7,Month-to-month,Fiber optic,Electronic check,Yes
3727-OWVYD,0.03826856846579831,0,Low Risk,35,61.2,2021.2,One year,DSL,Mailed check,No
2294-SALNE,0.11907077177123761,0,Low Risk,23,86.8,1940.8,One year,Fiber optic,Mailed check,No
4847-TAJYI,0.7860630615513738,1,High Risk,6,89.35,567.8,Month-to-month,Fiber optic,Electronic check,No
1563-IWQEX,0.12201189824398108,0,Low Risk,12,19.7,220.35,Month-to-month,No,Mailed check,No
8203-XJZRC,0.19389435546251885,0,Low Risk,1,20.25,20.25,Month-to-month,No,Mailed check,No
6556-DBKZF,0.03178403328209555,0,Low Risk,71,76.05,5436.45,Two year,Fiber optic,Electronic check,No
6851-WEFYX,0.6840994487973989,1,Medium Risk,35,100.8,3437.5,Month-to-month,Fiber optic,Electronic check,No
2985-JUUBZ,0.3223997555717191,0,Low Risk,40,74.55,3015.75,Month-to-month,DSL,Electronic check,No
6390-DSAZX,0.47124926189603566,0,Medium Risk,1,73.6,73.6,Month-to-month,Fiber optic,Mailed check,Yes
0895-LMRSF,0.2083015204693791,0,Low Risk,23,64.9,1509.8,One year,DSL,Bank transfer (automatic),No
8098-LLAZX,0.8387258839323968,1,High Risk,4,95.45,396.1,Month-to-month,Fiber optic,Electronic check,Yes
8266-VBFQL,0.6428253430952267,1,Medium Risk,4,90.4,356.65,Month-to-month,Fiber optic,Electronic check,No
8181-YHCMF,0.012555931325033985,0,Low Risk,68,60.3,4109.0,Two year,DSL,Credit card (automatic),No
2240-HSJQD,0.3231184528297218,0,Low Risk,38,81.85,3141.7,Month-to-month,Fiber optic,Mailed check,No
1248-DYXUB,0.006461184796896491,0,Low Risk,52,24.8,1229.1,Two year,No,Mailed check,No
0265-EDXBD,0.5666198099275627,1,Medium Risk,32,74.9,2303.35,Month-to-month,Fiber optic,Electronic check,Yes
4115-BNPJY,0.04357518163053959,0,Low Risk,29,75.55,2054.4,Two year,DSL,Mailed check,No
3167-SNQPL,0.48885918149080865,0,Medium Risk,38,101.15,3741.85,Month-to-month,Fiber optic,Electronic check,No
4091-TVOCN,0.07247756137891208,0,Low Risk,48,78.75,3682.45,One year,DSL,Credit card (automatic),No
1098-TDVUQ,0.2427763533096706,0,Low Risk,1,19.25,19.25,Month-to-month,No,Bank transfer (automatic),No
7277-OZCGZ,0.4057812340078686,0,Medium Risk,22,89.05,1886.25,Month-to-month,Fiber optic,Electronic check,No
1557-EMYVT,0.07062465014976842,0,Low Risk,43,115.05,4895.1,Two year,Fiber optic,Credit card (automatic),No
2799-ARNLO,0.7091897667334445,1,High Risk,5,69.35,341.6,Month-to-month,Fiber optic,Electronic check,No
7563-BIUPC,0.7262720369690492,1,High Risk,5,80.6,415.55,Month-to-month,Fiber optic,Electronic check,Yes
5027-YOCXN,0.09045403148325859,0,Low Risk,51,110.05,5686.4,One year,Fiber optic,Credit card (automatic),No
3973-SKMLN,0.003030103455996876,0,Low Risk,71,19.9,1355.1,Two year,No,Credit card (automatic),No
2321-OMBXY,0.03368321866724761,0,Low Risk,38,80.3,3058.65,One year,DSL,Credit card (automatic),Yes
2840-XANRC,0.682366958099411,1,Medium Risk,24,93.15,2231.05,Month-to-month,Fiber optic,Electronic check,Yes
6745-JEFZB,0.40203371542373634,0,Medium Risk,35,91.5,3236.35,Month-to-month,Fiber optic,Credit card (automatic),No
5020-ZSTTY,0.03878410618822407,0,Low Risk,54,82.45,4350.1,One year,DSL,Bank transfer (automatic),Yes
9880-TDQAC,0.023223782489490006,0,Low Risk,72,60.0,4264.0,Two year,DSL,Electronic check,No
8705-WZCYL,0.5266949451945728,1,Medium Risk,1,44.8,44.8,Month-to-month,DSL,Electronic check,No
7102-JJVTX,0.09436726497410089,0,Low Risk,9,48.6,422.3,One year,DSL,Mailed check,No
8626-PTQGE,0.0154831281699981,0,Low Risk,69,60.05,4176.7,Two year,DSL,Bank transfer (automatic),No
4983-CLMLV,0.30853940760635457,0,Low Risk,52,102.7,5138.1,Month-to-month,Fiber optic,Credit card (automatic),No
5701-YVSVF,0.6319164243665286,1,Medium Risk,11,82.9,880.05,Month-to-month,Fiber optic,Electronic check,No
5804-LEPIM,0.7270232477866274,1,High Risk,2,70.35,139.05,Month-to-month,Fiber optic,Electronic check,Yes
5697-GOMBF,0.4037733792373877,0,Medium Risk,28,35.9,973.65,Month-to-month,DSL,Electronic check,No
2739-CACDQ,0.5846414859084521,1,Medium Risk,17,82.65,1470.05,Month-to-month,Fiber optic,Credit card (automatic),No
9385-EHGDO,0.014833945155527616,0,Low Risk,35,19.85,739.35,Two year,No,Mailed check,No
9498-FIMXL,0.11043720263468355,0,Low Risk,8,19.2,161.95,One year,No,Mailed check,No
2379-GYFLQ,0.2267504328572474,0,Low Risk,46,94.9,4422.95,One year,Fiber optic,Credit card (automatic),No
0122-OAHPZ,0.7199559929670309,1,High Risk,7,73.85,511.25,Month-to-month,Fiber optic,Electronic check,Yes
2868-SNELZ,0.5915415713687857,1,Medium Risk,2,80.6,155.8,Month-to-month,Fiber optic,Mailed check,Yes
4322-RCYMT,0.029403360704083142,0,Low Risk,68,75.8,5293.95,One year,DSL,Bank transfer (automatic),Yes
6680-NENYN,0.2680034652943907,0,Low Risk,43,104.6,4759.85,Two year,Fiber optic,Electronic check,Yes
2088-IEBAU,0.02779446614993798,0,Low Risk,68,88.15,6148.45,Two year,DSL,Electronic check,No
7982-VCELR,0.4307355820383305,0,Medium Risk,36,94.8,3565.65,Month-to-month,Fiber optic,Credit card (automatic),No
1343-EHPYB,0.4399696636605761,0,Medium Risk,63,103.4,6603.0,Month-to-month,Fiber optic,Electronic check,Yes
6035-BXTTY,0.0928557692233786,0,Low Risk,32,54.65,1830.1,Month-to-month,DSL,Bank transfer (automatic),No
6885-PKOAM,0.011291125366483362,0,Low Risk,71,85.75,6223.8,Two year,DSL,Credit card (automatic),No
7520-HQWJU,0.039830698660053246,0,Low Risk,66,67.45,4508.65,Month-to-month,DSL,Bank transfer (automatic),No
9639-BUJXT,0.006473651406846447,0,Low Risk,63,20.5,1328.15,One year,No,Mailed check,No
5924-SNGKP,0.018705217915346708,0,Low Risk,41,20.25,865.0,One year,No,Credit card (automatic),No
0021-IKXGC,0.7855091294148674,1,High Risk,1,72.1,72.1,Month-to-month,Fiber optic,Electronic check,No
2034-GDRCN,0.7796564523761208,1,High Risk,2,90.4,168.2,Month-to-month,Fiber optic,Electronic check,Yes
8966-SNIZF,0.0022223698263032295,0,Low Risk,70,19.45,1303.5,Two year,No,Bank transfer (automatic),No
6243-OZGFH,0.5368766162337716,1,Medium Risk,23,44.95,996.85,Month-to-month,DSL,Electronic check,No
4654-DLAMQ,0.07016336859378915,0,Low Risk,64,97.0,6430.9,One year,Fiber optic,Bank transfer (automatic),No
0513-RBGPE,0.02319335746842593,0,Low Risk,37,62.8,2278.75,Two year,DSL,Credit card (automatic),No
5160-UXJED,0.10093431948718348,0,Low Risk,17,44.6,681.4,One year,DSL,Mailed check,No
4115-NZRKS,0.7773797057957305,1,High Risk,7,89.15,574.35,Month-to-month,Fiber optic,Electronic check,No
0219-YTZUE,0.5656348222804338,1,Medium Risk,4,84.8,371.9,Month-to-month,Fiber optic,Bank transfer (automatic),Yes
0623-IIHUG,0.4312631971218454,0,Medium Risk,21,41.9,840.1,Month-to-month,DSL,Electronic check,Yes
4572-DVCGN,0.5999565719348199,1,Medium Risk,10,80.25,846.0,Month-to-month,Fiber optic,Bank transfer (automatic),Yes
3351-NGXYI,0.380873013468429,0,Low Risk,16,54.1,889.0,Month-to-month,DSL,Electronic check,No
8984-EYLLL,0.1312681496009972,0,Low Risk,64,105.25,6823.4,Two year,Fiber optic,Electronic check,No
9057-MSWCO,0.1723145709800276,0,Low Risk,27,30.75,805.1,Month-to-month,DSL,Credit card (automatic),Yes
9833-TGFHX,0.21948334943753725,0,Low Risk,42,97.1,4016.75,One year,Fiber optic,Electronic check,No
9294-TDIPC,0.13653509775772144,0,Low Risk,5,20.2,83.75,Month-to-month,No,Mailed check,No
5229-DTFYB,0.10778498611627056,0,Low Risk,41,98.8,3959.15,Two year,Fiber optic,Bank transfer (automatic),No
0104-PPXDV,0.024482753766369325,0,Low Risk,58,50.3,2878.55,One year,DSL,Credit card (automatic),No
5176-LMJXE,0.010279417371668266,0,Low Risk,47,20.55,945.7,Two year,No,Mailed check,No
3583-KRKMD,0.387775214803416,0,Low Risk,18,75.9,1373.05,Month-to-month,Fiber optic,Bank transfer (automatic),No
1010-DIAUQ,0.597147392616535,1,Medium Risk,5,96.5,492.55,Month-to-month,Fiber optic,Bank transfer (automatic),Yes
9069-LGEUL,0.2145444060981232,0,Low Risk,23,59.95,1406.0,Month-to-month,DSL,Bank transfer (automatic),No
7302-ZHMHP,0.19043744019388478,0,Low Risk,1,19.15,19.15,Month-to-month,No,Mailed check,No
9571-EDEBV,0.18289815819076866,0,Low Risk,71,98.65,6962.85,One year,Fiber optic,Credit card (automatic),No
3520-FJGCV,0.042793815427837265,0,Low Risk,72,112.6,8126.65,Two year,Fiber optic,Credit card (automatic),No
6563-VRERX,0.021348368512566288,0,Low Risk,33,20.6,690.25,One year,No,Mailed check,No
0259-GBZSH,0.7956948122357349,1,High Risk,2,85.65,181.5,Month-to-month,Fiber optic,Electronic check,Yes
6122-EFVKN,0.032195343332721366,0,Low Risk,24,35.75,830.8,Two year,DSL,Mailed check,No
2805-EDJPQ,0.11247874776375329,0,Low Risk,56,99.75,5608.4,One year,Fiber optic,Credit card (automatic),No
6862-CQUMB,0.4282320212867929,0,Medium Risk,37,96.1,3646.8,Month-to-month,Fiber optic,Credit card (automatic),No
7156-MXBJE,0.06935114186685651,0,Low Risk,43,85.1,3662.25,One year,DSL,Credit card (automatic),No
6158-HDPXZ,0.4880544316853584,0,Medium Risk,1,25.35,25.35,Month-to-month,DSL,Mailed check,No
9601-BRXPO,0.5335964908188889,1,Medium Risk,25,104.95,2566.5,Month-to-month,Fiber optic,Bank transfer (automatic),Yes
2863-IMQDR,0.022520884599264518,0,Low Risk,61,89.65,5308.7,Two year,DSL,Electronic check,No
5686-CMAWK,0.3057365517247309,0,Low Risk,17,86.75,1410.25,One year,Fiber optic,Electronic check,No
5651-CRHKQ,0.11054455905287425,0,Low Risk,41,86.2,3339.05,One year,Fiber optic,Bank transfer (automatic),No
6905-NIQIN,0.31552190372511063,0,Low Risk,1,50.65,50.65,Month-to-month,DSL,Mailed check,Yes
8204-YJCLA,0.013729066488692116,0,Low Risk,72,64.8,4732.35,Two year,DSL,Bank transfer (automatic),No
5167-ZFFMM,0.6877258637221015,1,Medium Risk,1,90.85,90.85,Month-to-month,Fiber optic,Credit card (automatic),Yes
6583-SZVGP,0.17342096027998014,0,Low Risk,48,108.1,5067.45,Two year,Fiber optic,Bank transfer (automatic),No
4895-TMWIR,0.15028002901546353,0,Low Risk,11,19.95,214.75,Month-to-month,No,Mailed check,Yes
0533-BNWKF,0.36662610631211723,0,Low Risk,55,85.45,4874.7,Month-to-month,Fiber optic,Electronic check,Yes
1708-PBBOA,0.07995958415350415,0,Low Risk,42,54.75,2348.45,One year,DSL,Electronic check,No
8782-LKFPK,0.43693388455127646,0,Medium Risk,44,90.4,4063.0,Month-to-month,Fiber optic,Mailed check,No
5522-JBWMO,0.3787113986476073,0,Low Risk,1,44.0,44.0,Month-to-month,DSL,Electronic check,No
3597-MVHJT,0.6093072348835537,1,Medium Risk,27,95.6,2595.25,Month-to-month,Fiber optic,Bank transfer (automatic),No
9774-NRNAU,0.30646268025211365,0,Low Risk,27,84.8,2309.55,Month-to-month,DSL,Bank transfer (automatic),No
0224-RLWWD,0.5480658899542552,1,Medium Risk,2,44.3,89.3,Month-to-month,DSL,Electronic check,No
9967-ATRFS,0.09080840625006321,0,Low Risk,19,19.9,367.55,Month-to-month,No,Mailed check,No
3951-NJCVI,0.6352133081485807,1,Medium Risk,42,95.05,3944.5,Month-to-month,Fiber optic,Electronic check,No
2977-CEBSX,0.019539730633410433,0,Low Risk,66,90.05,5965.95,Two year,DSL,Credit card (automatic),No
0177-PXBAT,0.43477064138485233,0,Medium Risk,33,109.9,3694.7,Month-to-month,Fiber optic,Bank transfer (automatic),No
6599-CEBNN,0.2977585086335715,0,Low Risk,34,73.95,2524.45,Month-to-month,Fiber optic,Credit card (automatic),Yes
2519-ERQOJ,0.3933846665582179,0,Low Risk,33,54.6,1803.7,Month-to-month,DSL,Electronic check,No
5876-QMYLD,0.03258003398814984,0,Low Risk,23,20.05,415.1,One year,No,Mailed check,No
2277-AXSDC,0.02481573228135561,0,Low Risk,32,19.75,624.15,One year,No,Bank transfer (automatic),No
9442-JTWDL,0.0633598793505808,0,Low Risk,11,20.05,237.7,One year,No,Credit card (automatic),No
0979-PHULV,0.2844110346637063,0,Low Risk,69,99.45,7007.6,Month-to-month,Fiber optic,Credit card (automatic),Yes
3067-SVMTC,0.008781168327257864,0,Low Risk,68,55.9,3848.8,One year,DSL,Bank transfer (automatic),No
5495-GPSRW,0.036908371621010815,0,Low Risk,20,19.7,419.4,Two year,No,Mailed check,No
7606-BPHHN,0.0029574495075041962,0,Low Risk,72,19.8,1468.75,Two year,No,Credit card (automatic),No
4742-DRORA,0.11476495551073088,0,Low Risk,60,95.4,5812.0,One year,Fiber optic,Bank transfer (automatic),No
0111-KLBQG,0.45362299131744027,0,Medium Risk,32,93.95,2861.45,Month-to-month,Fiber optic,Mailed check,No
4800-VHZKI,0.2552416009578996,0,Low Risk,1,19.9,19.9,Month-to-month,No,Mailed check,Yes
7989-CHGTL,0.25928031217947467,0,Low Risk,1,19.6,19.6,Month-to-month,No,Mailed check,Yes
0334-GDDSO,0.7460334072142233,1,High Risk,3,81.35,233.7,Month-to-month,Fiber optic,Electronic check,Yes
4163-NCJAK,0.026189115520172775,0,Low Risk,46,24.45,1066.15,One year,No,Bank transfer (automatic),No
5233-AOZUF,0.5539702614790033,1,Medium Risk,29,74.95,2149.05,Month-to-month,Fiber optic,Electronic check,No
5973-EJGDP,0.2754916859935511,0,Low Risk,51,87.35,4473.0,Month-to-month,Fiber optic,Electronic check,No
1996-DBMUS,0.2763094679292287,0,Low Risk,48,70.65,3545.05,Month-to-month,Fiber optic,Bank transfer (automatic),No
7916-VCCPB,0.31040382952184753,0,Low Risk,16,73.25,1195.75,Month-to-month,Fiber optic,Bank transfer (automatic),No
4686-GEFRM,0.05477353401770106,0,Low Risk,70,98.7,6858.9,Two year,Fiber optic,Bank transfer (automatic),No
5249-QYHEX,0.016256672930144146,0,Low Risk,40,24.8,1024.7,Two year,No,Mailed check,No
0578-SKVMF,0.41479036888954995,0,Medium Risk,22,83.3,1845.9,Month-to-month,Fiber optic,Electronic check,Yes
5564-NEMQO,0.6403275134561554,1,Medium Risk,1,75.3,75.3,Month-to-month,Fiber optic,Bank transfer (automatic),Yes
2233-FAGXV,0.2360379438654117,0,Low Risk,5,24.3,132.25,Month-to-month,No,Mailed check,No
5605-IYGFG,0.5663903852340967,1,Medium Risk,7,69.85,515.45,Month-to-month,Fiber optic,Bank transfer (automatic),No
7663-ZTEGJ,0.15297286241440464,0,Low Risk,29,100.55,2830.45,One year,Fiber optic,Credit card (automatic),No
3935-TBRZZ,0.01775579829874906,0,Low Risk,44,25.7,1110.5,One year,No,Mailed check,No
8111-BKVDS,0.23980855271277127,0,Low Risk,10,40.7,449.3,Month-to-month,DSL,Bank transfer (automatic),No
2055-SIFSS,0.08557240243871432,0,Low Risk,55,51.65,2838.55,Month-to-month,DSL,Bank transfer (automatic),No
2806-MLNTI,0.2898903394220002,0,Low Risk,52,105.1,5376.4,One year,Fiber optic,Bank transfer (automatic),No
8734-DKSTZ,0.6238173862229449,1,Medium Risk,10,85.95,858.6,Month-to-month,Fiber optic,Electronic check,No
4360-PNRQB,0.5534441156307616,1,Medium Risk,18,75.6,1395.05,Month-to-month,Fiber optic,Bank transfer (automatic),No
6152-ONASV,0.011986192916072754,0,Low Risk,68,58.25,3975.7,One year,DSL,Bank transfer (automatic),No
9063-ZGTUY,0.015771486061598904,0,Low Risk,61,19.4,1182.55,Month-to-month,No,Mailed check,Yes
7781-HVGMK,0.011440942768215775,0,Low Risk,72,65.2,4784.45,Two year,DSL,Credit card (automatic),No
2181-UAESM,0.31519370105179506,0,Low Risk,2,53.45,119.5,Month-to-month,DSL,Electronic check,No
2957-LOLHO,0.32166123067681945,0,Low Risk,12,45.4,518.9,Month-to-month,DSL,Bank transfer (automatic),Yes
6048-NJXHX,0.019923098010857253,0,Low Risk,41,19.75,899.45,Two year,No,Electronic check,No
2320-SLKMB,0.2640429775528756,0,Low Risk,26,44.45,1183.8,Month-to-month,DSL,Credit card (automatic),No
4980-URKXC,0.021552036133358366,0,Low Risk,36,20.85,720.05,One year,No,Bank transfer (automatic),No
4376-KFVRS,0.046427923236204614,0,Low Risk,72,114.05,8468.2,Two year,Fiber optic,Credit card (automatic),No
5886-VLQVU,0.4041122443886053,0,Medium Risk,35,89.85,3161.2,Month-to-month,Fiber optic,Bank transfer (automatic),No
3577-AMVUX,0.26484804958677416,0,Low Risk,1,55.05,55.05,Month-to-month,DSL,Mailed check,No
0771-WLCLA,0.544904433861098,1,Medium Risk,16,112.95,1882.55,Month-to-month,Fiber optic,Electronic check,No
5628-RKIFK,0.31499286561874107,0,Low Risk,49,101.55,5070.4,Month-to-month,Fiber optic,Credit card (automatic),No
0206-TBWLC,0.14836118203646384,0,Low Risk,54,114.65,6049.5,One year,Fiber optic,Mailed check,No
2937-FTHUR,0.2575981167896415,0,Low Risk,18,64.8,1166.7,Month-to-month,DSL,Electronic check,No
1910-FMXJM,0.4009315766650432,0,Medium Risk,36,80.4,2937.65,Month-to-month,Fiber optic,Electronic check,No
7752-XUSCI,0.4564375672619161,0,Medium Risk,60,105.9,6396.45,Month-to-month,Fiber optic,Electronic check,Yes
4110-PFEUZ,0.5402878882856957,1,Medium Risk,1,69.55,69.55,Month-to-month,Fiber optic,Mailed check,Yes
0732-OCQOC,0.008689195107252497,0,Low Risk,52,25.05,1270.25,Two year,No,Bank transfer (automatic),No
5168-MSWXT,0.7037871056808402,1,High Risk,8,94.75,759.55,Month-to-month,Fiber optic,Electronic check,No
1090-ESELR,0.02143371819318599,0,Low Risk,72,105.5,7611.55,Two year,Fiber optic,Bank transfer (automatic),No
8592-PLTMQ,0.00861632057513588,0,Low Risk,64,24.7,1642.75,One year,No,Mailed check,No
5760-WRAHC,0.1879486289327548,0,Low Risk,22,69.75,1545.4,Month-to-month,DSL,Mailed check,No
8847-GEOOQ,0.1080558927718768,0,Low Risk,60,60.2,3582.4,Month-to-month,DSL,Bank transfer (automatic),No
0256-LTHVJ,0.4980969956366584,0,Medium Risk,28,81.05,2227.1,Month-to-month,Fiber optic,Electronic check,Yes
4785-FCIFB,0.005186797899659107,0,Low Risk,61,24.4,1417.9,Two year,No,Mailed check,No
8313-NDOIA,0.6782053501613533,1,Medium Risk,24,104.15,2494.65,Month-to-month,Fiber optic,Electronic check,No
5149-CUZUJ,0.12849402359517229,0,Low Risk,28,92.9,2768.35,One year,Fiber optic,Bank transfer (automatic),No
0942-KOWSM,0.03455521102496985,0,Low Risk,30,80.8,2369.3,Two year,DSL,Bank transfer (automatic),No
4237-CLSMM,0.18946146445869805,0,Low Risk,2,20.0,38.0,Month-to-month,No,Mailed check,No
1452-VOQCH,0.7636577960155837,1,High Risk,1,75.1,75.1,Month-to-month,Fiber optic,Electronic check,No
4719-UMSIY,0.13092098977709216,0,Low Risk,6,19.65,100.9,Month-to-month,No,Mailed check,No
6614-VBEGU,0.2973458800127425,0,Low Risk,24,69.45,1614.05,Month-to-month,DSL,Bank transfer (automatic),No
0880-TKATG,0.709327067126184,1,High Risk,4,101.15,385.9,Month-to-month,Fiber optic,Electronic check,Yes
3811-VBYBZ,0.7777640222131627,1,High Risk,7,99.8,673.25,Month-to-month,Fiber optic,Electronic check,Yes
1480-BKXGA,0.06692320600256284,0,Low Risk,72,116.05,8404.9,Two year,Fiber optic,Bank transfer (automatic),No
2996-XAUVF,0.016542648061092343,0,Low Risk,70,40.05,2799.75,Two year,DSL,Mailed check,No
9076-AXYIK,0.11360202865133658,0,Low Risk,64,102.1,6538.45,Two year,Fiber optic,Electronic check,No
5968-XQIVE,0.14273572397291584,0,Low Risk,72,89.7,6588.95,One year,Fiber optic,Electronic check,No
8896-RAZCR,0.006490592856542094,0,Low Risk,44,19.9,868.1,Two year,No,Mailed check,No
4640-UHDOS,0.3229042860658183,0,Low Risk,13,55.95,734.35,Month-to-month,DSL,Electronic check,Yes
4933-IKULF,0.06053705543372403,0,Low Risk,17,20.65,330.6,One year,No,Mailed check,No
3583-EKAPL,0.5800234074231637,1,Medium Risk,1,55.0,55.0,Month-to-month,DSL,Electronic check,Yes
1304-BCCFO,0.472160335820414,0,Medium Risk,9,70.05,564.4,Month-to-month,DSL,Mailed check,No
4104-PVRPS,0.09298037955392538,0,Low Risk,24,53.6,1315.35,Month-to-month,DSL,Mailed check,No
9399-APLBT,0.6180362013469429,1,Medium Risk,1,74.7,74.7,Month-to-month,Fiber optic,Electronic check,Yes
2359-KMGLI,0.557290395700772,1,Medium Risk,24,80.25,1861.5,Month-to-month,Fiber optic,Electronic check,Yes
3780-DDGSE,0.2319049125506848,0,Low Risk,35,76.05,2747.2,Month-to-month,DSL,Electronic check,No
4431-EDMIQ,0.2442938434674388,0,Low Risk,7,75.7,554.05,Month-to-month,DSL,Electronic check,No
0306-JAELE,0.6936562776120215,1,Medium Risk,5,96.1,453.4,Month-to-month,Fiber optic,Electronic check,Yes
6227-HWPWX,0.346326430498318,0,Low Risk,15,69.0,994.8,Month-to-month,Fiber optic,Bank transfer (automatic),Yes
0486-LGCCH,0.031684244723514984,0,Low Risk,11,19.65,225.75,Two year,No,Mailed check,No
0447-BEMNG,0.12590031232995463,0,Low Risk,48,45.3,2145.0,Month-to-month,DSL,Bank transfer (automatic),Yes
4612-SSVHJ,0.6523621626877429,1,Medium Risk,20,81.45,1671.6,Month-to-month,Fiber optic,Electronic check,No
5168-MQQCA,0.13624996240937343,0,Low Risk,72,108.5,8003.8,One year,Fiber optic,Bank transfer (automatic),No
5949-XIKAE,0.6168148299370804,1,Medium Risk,8,83.55,680.05,Month-to-month,Fiber optic,Electronic check,Yes
7971-HLVXI,0.058444733807447864,0,Low Risk,72,84.5,6130.85,Two year,Fiber optic,Credit card (automatic),No
9094-AZPHK,0.7302288904888743,1,High Risk,15,100.15,1415.0,Month-to-month,Fiber optic,Electronic check,No
3649-JPUGY,0.02427769040839825,0,Low Risk,72,88.6,6201.95,Two year,DSL,Bank transfer (automatic),No
4472-LVYGI,0.13296792756528358,0,Low Risk,0,52.55,0.0,Two year,DSL,Bank transfer (automatic),No
8372-JUXUI,0.720449272998117,1,High Risk,1,74.35,74.35,Month-to-month,Fiber optic,Electronic check,Yes
3552-CTCYF,0.10183473535407261,0,Low Risk,63,104.8,6597.25,Two year,Fiber optic,Bank transfer (automatic),No
6778-YSNIH,0.5207142248590475,1,Medium Risk,2,59.0,114.15,Month-to-month,DSL,Electronic check,No
0388-EOPEX,0.6040478565768657,1,Medium Risk,2,74.4,139.4,Month-to-month,Fiber optic,Electronic check,Yes
5756-OZRIO,0.04523303157892488,0,Low Risk,61,64.05,3902.6,One year,DSL,Bank transfer (automatic),No
6579-JPICP,0.193913315356608,0,Low Risk,1,20.4,20.4,Month-to-month,No,Mailed check,No
8205-OTCHB,0.21133301146236014,0,Low Risk,22,43.75,903.6,One year,DSL,Bank transfer (automatic),Yes
4134-BSXLX,0.07248149900106088,0,Low Risk,28,60.9,1785.65,Month-to-month,DSL,Mailed check,No
0505-SPOOW,0.002275067890416778,0,Low Risk,70,19.8,1397.65,Two year,No,Bank transfer (automatic),No
6235-VDHOM,0.510993608425216,1,Medium Risk,5,28.45,131.05,Month-to-month,DSL,Electronic check,Yes
7783-YKGDV,0.5074660330807038,1,Medium Risk,12,99.7,1238.45,Month-to-month,Fiber optic,Bank transfer (automatic),Yes
4374-YMUSQ,0.15473628832542108,0,Low Risk,34,116.25,3899.05,One year,Fiber optic,Credit card (automatic),No
4513-CXYIX,0.04203392558676859,0,Low Risk,71,80.7,5676.0,Two year,Fiber optic,Credit card (automatic),No
3957-HHLMR,0.01788160837611274,0,Low Risk,70,65.2,4543.15,One year,DSL,Bank transfer (automatic),No
7803-XOCCZ,0.09899186294861187,0,Low Risk,52,84.05,4326.8,Month-to-month,Fiber optic,Bank transfer (automatic),No
5736-YEJAX,0.009899977837894435,0,Low Risk,69,79.45,5502.55,Two year,DSL,Credit card (automatic),No
5609-CEBID,0.6715956387009765,1,Medium Risk,20,94.1,1782.4,Month-to-month,Fiber optic,Electronic check,Yes
8981-FJGLA,0.5599595842920106,1,Medium Risk,11,78.0,851.8,Month-to-month,Fiber optic,Mailed check,No
7218-HKQFK,0.7154942320570874,1,High Risk,2,94.2,167.5,Month-to-month,Fiber optic,Electronic check,Yes
4636-QRJKY,0.6006021000285156,1,Medium Risk,6,80.5,502.85,Month-to-month,Fiber optic,Electronic check,Yes
1135-LMECX,0.1905247269356068,0,Low Risk,1,19.85,19.85,Month-to-month,No,Mailed check,No
4332-MUOEZ,0.13532263149102064,0,Low Risk,20,94.3,1818.3,One year,Fiber optic,Credit card (automatic),No
8535-SFUTN,0.3829444835475969,0,Low Risk,61,106.45,6300.15,Month-to-month,Fiber optic,Electronic check,No
5956-VKDTT,0.7639119304806191,1,High Risk,5,74.35,334.8,Month-to-month,Fiber optic,Electronic check,Yes
8677-HDZEE,0.30692319506704585,0,Low Risk,56,105.45,5916.95,Month-to-month,Fiber optic,Bank transfer (automatic),No
2475-MROZF,0.2469848338918302,0,Low Risk,30,95.0,2852.4,Month-to-month,Fiber optic,Credit card (automatic),No
9412-GHEEC,0.3456702297863057,0,Low Risk,40,104.8,4131.95,Month-to-month,Fiber optic,Bank transfer (automatic),Yes
3482-ABPKK,0.04092839676810382,0,Low Risk,28,54.3,1546.3,One year,DSL,Mailed check,No
6705-LXORM,0.6239814695999321,1,Medium Risk,5,70.05,302.6,Month-to-month,Fiber optic,Electronic check,No
0257-ZESQC,0.33411570646821614,0,Low Risk,27,75.2,1929.35,Month-to-month,Fiber optic,Bank transfer (automatic),Yes
7531-GQHME,0.11565237597056949,0,Low Risk,12,20.05,265.45,Month-to-month,No,Credit card (automatic),No
5174-ITUMV,0.22044520251653035,0,Low Risk,67,105.4,6989.45,One year,Fiber optic,Electronic check,No
4109-CYRBD,0.36339170136713445,0,Low Risk,29,51.6,1442.0,Month-to-month,DSL,Electronic check,No
0913-XWSCN,0.21895278346393704,0,Low Risk,55,85.5,4713.4,Month-to-month,Fiber optic,Bank transfer (automatic),No
6825-UYPFK,0.41227451439897406,0,Medium Risk,23,75.6,1758.6,Month-to-month,Fiber optic,Bank transfer (automatic),Yes
8397-MVTAZ,0.6651077917549919,1,Medium Risk,34,100.05,3480.0,Month-to-month,Fiber optic,Electronic check,Yes
0750-EBAIU,0.12467774056233943,0,Low Risk,52,91.25,4738.3,One year,Fiber optic,Electronic check,No
8606-CIQUL,0.05267950410099836,0,Low Risk,72,115.75,8399.15,Two year,Fiber optic,Credit card (automatic),No
3571-DPYUH,0.10444079922048552,0,Low Risk,58,94.7,5430.35,One year,Fiber optic,Credit card (automatic),No
7601-GNDYK,0.010319662915996767,0,Low Risk,35,19.6,686.95,Two year,No,Mailed check,No
0356-OBMAC,0.09180759545921088,0,Low Risk,56,99.9,5706.3,Two year,Fiber optic,Bank transfer (automatic),No
8067-NIOYM,0.022449777419002608,0,Low Risk,24,21.1,490.65,Two year,No,Credit card (automatic),No
1403-GYAFU,0.001789408927853309,0,Low Risk,70,20.05,1360.25,Two year,No,Credit card (automatic),No
4234-XTNEA,0.745164379977501,1,High Risk,2,79.95,174.45,Month-to-month,Fiber optic,Electronic check,No
1297-VQDRP,0.1554422341798519,0,Low Risk,68,107.15,7379.8,One year,Fiber optic,Credit card (automatic),No
9282-IZGQK,0.7969282133245487,1,High Risk,1,85.0,85.0,Month-to-month,Fiber optic,Electronic check,Yes
5348-CAGXB,0.7305998906532666,1,High Risk,12,89.55,1021.75,Month-to-month,Fiber optic,Electronic check,No
0621-HJWXJ,0.19384255048686722,0,Low Risk,63,81.55,5029.05,Month-to-month,Fiber optic,Bank transfer (automatic),No
5844-QVTAT,0.04793489928402366,0,Low Risk,33,58.45,1955.4,One year,DSL,Mailed check,No
8905-IAZPF,0.13180073218966304,0,Low Risk,69,95.65,6744.2,One year,Fiber optic,Credit card (automatic),No
5394-MEITZ,0.02005785291742135,0,Low Risk,60,80.6,4946.7,Two year,DSL,Bank transfer (automatic),No
6859-QNXIQ,0.04430920756436303,0,Low Risk,72,113.1,8248.5,Two year,Fiber optic,Bank transfer (automatic),No
2782-LFZVW,0.4671707979165692,0,Medium Risk,11,58.95,601.6,Month-to-month,DSL,Mailed check,No
2866-IKBTM,0.19048731458667562,0,Low Risk,1,19.55,19.55,Month-to-month,No,Mailed check,No
1342-JPNKI,0.6699207974539664,1,Medium Risk,10,86.05,834.1,Month-to-month,Fiber optic,Bank transfer (automatic),Yes
2817-NTQDO,0.29961923508311034,0,Low Risk,13,45.55,597.0,Month-to-month,DSL,Credit card (automatic),Yes
7129-AZJDE,0.218319125566672,0,Low Risk,34,78.95,2647.2,One year,Fiber optic,Bank transfer (automatic),No
6986-IJDHX,0.30707230331647467,0,Low Risk,39,86.3,3266.0,Month-to-month,Fiber optic,Mailed check,Yes
2560-PPCHE,0.14615436565386566,0,Low Risk,65,105.05,6744.25,One year,Fiber optic,Bank transfer (automatic),No
4676-MQUEA,0.1887484210441761,0,Low Risk,50,101.9,5265.5,One year,Fiber optic,Bank transfer (automatic),No
8138-EALND,0.11039231171908295,0,Low Risk,15,19.75,311.6,Month-to-month,No,Mailed check,No
3580-HYCSP,0.060837856971051145,0,Low Risk,72,110.3,7966.9,Two year,Fiber optic,Bank transfer (automatic),No
1352-HNSAW,0.044074841033140244,0,Low Risk,72,115.6,8220.4,Two year,Fiber optic,Bank transfer (automatic),No
2075-PUEPR,0.0038252216084699434,0,Low Risk,55,19.35,1153.25,Two year,No,Bank transfer (automatic),No
1982-FEBTD,0.031334271586146975,0,Low Risk,23,25.6,514.75,Two year,No,Credit card (automatic),No
5301-GAUUY,0.40095891175892157,0,Medium Risk,32,80.35,2596.15,Month-to-month,Fiber optic,Bank transfer (automatic),Yes
5791-KAJFD,0.04211047634725471,0,Low Risk,56,68.75,3808.0,One year,DSL,Bank transfer (automatic),No
2654-VBVPB,0.1805379862150013,0,Low Risk,1,19.9,19.9,Month-to-month,No,Bank transfer (automatic),No
1154-HYWWO,0.03437273741670424,0,Low Risk,38,70.6,2708.2,One year,DSL,Mailed check,No
2501-XWWTZ,0.5394502222718637,1,Medium Risk,11,70.2,760.05,Month-to-month,Fiber optic,Electronic check,No
3716-UVSPD,0.43197347991969787,0,Medium Risk,1,49.3,49.3,Month-to-month,DSL,Electronic check,No
6815-ABQFQ,0.262509211716235,0,Low Risk,56,107.25,6033.3,One year,Fiber optic,Electronic check,No
7343-EOBEU,0.30282529100784644,0,Low Risk,3,23.6,89.05,Month-to-month,No,Mailed check,No
3701-SFMUH,0.2505559424716819,0,Low Risk,7,69.7,516.15,Month-to-month,DSL,Credit card (automatic),No
6103-LIANB,0.11947402114798217,0,Low Risk,59,99.5,5861.75,Two year,Fiber optic,Credit card (automatic),No
7319-VENRZ,0.25111748773630016,0,Low Risk,7,64.3,445.95,Month-to-month,DSL,Bank transfer (automatic),No
5846-NEQVZ,0.007211189221196634,0,Low Risk,71,70.85,4973.4,Two year,DSL,Credit card (automatic),No
6967-QIQRV,0.2500466675077571,0,Low Risk,15,101.9,1667.25,One year,Fiber optic,Electronic check,No
5781-RFZRP,0.007908274565707519,0,Low Risk,71,73.5,5357.75,Two year,DSL,Credit card (automatic),No
0939-YAPAF,0.6467324117321278,1,Medium Risk,35,100.25,3527.6,Month-to-month,Fiber optic,Electronic check,Yes
0308-IVGOK,0.18210689657644605,0,Low Risk,11,40.4,422.6,One year,DSL,Credit card (automatic),No
7293-LSCDV,0.004030817234094982,0,Low Risk,60,19.25,1103.25,Two year,No,Credit card (automatic),No
7025-WCBNE,0.020913825667844912,0,Low Risk,47,59.6,2754.0,Two year,DSL,Bank transfer (automatic),No
5756-JYOJT,0.12227864030489685,0,Low Risk,11,64.9,697.25,One year,DSL,Credit card (automatic),No
4710-FDUIZ,0.1745894608809272,0,Low Risk,56,100.3,5614.45,One year,Fiber optic,Credit card (automatic),Yes
6030-REHUX,0.622346844888465,1,Medium Risk,28,110.85,3204.4,Month-to-month,Fiber optic,Electronic check,No
9548-LIGTA,0.0169679664402228,0,Low Risk,61,81.05,4747.65,Two year,DSL,Mailed check,No
5150-LJNSR,0.171806234757159,0,Low Risk,31,98.05,3082.1,One year,Fiber optic,Bank transfer (automatic),No
8270-RKSAP,0.6453594458524657,1,Medium Risk,9,70.5,597.9,Month-to-month,Fiber optic,Electronic check,No
6522-YRBXD,0.49501436446807395,0,Medium Risk,35,94.55,3365.4,Month-to-month,Fiber optic,Electronic check,No
2640-LYMOV,0.25023918013294405,0,Low Risk,2,19.65,38.8,Month-to-month,No,Mailed check,No
1218-VKFPE,0.10186762963124577,0,Low Risk,12,19.0,233.55,Month-to-month,No,Mailed check,Yes
3627-FHKBK,0.43439825711215246,0,Medium Risk,1,75.3,75.3,Month-to-month,Fiber optic,Mailed check,Yes
2865-TCHJW,0.7985437433278406,1,High Risk,4,89.2,346.2,Month-to-month,Fiber optic,Electronic check,Yes
1423-BMPBQ,0.2179626821804655,0,Low Risk,1,19.0,19.0,Month-to-month,No,Mailed check,No
2393-DIVAI,0.2377133173750635,0,Low Risk,3,20.0,61.7,Month-to-month,No,Mailed check,No
5192-EBGOV,0.8199462002550425,1,High Risk,1,85.7,85.7,Month-to-month,Fiber optic,Electronic check,Yes
4568-KNYWR,0.020198232777066928,0,Low Risk,52,63.25,3342.45,Two year,DSL,Credit card (automatic),No
8752-IMQOS,0.07530489769388986,0,Low Risk,5,20.1,85.1,One year,No,Mailed check,No
0742-LAFQK,0.07835095868886278,0,Low Risk,72,99.15,7422.1,Two year,Fiber optic,Electronic check,No
0795-LAFGP,0.01563529175489407,0,Low Risk,71,90.4,6668.05,Two year,DSL,Electronic check,No
0619-OLYUR,0.06215287973857457,0,Low Risk,72,111.9,8071.05,Two year,Fiber optic,Credit card (automatic),No
5512-IDZEI,0.022436139677295585,0,Low Risk,46,24.9,1174.8,One year,No,Electronic check,No
0459-SPZHJ,0.016800442135095937,0,Low Risk,63,83.5,5435.0,Two year,DSL,Credit card (automatic),No
0215-BQKGS,0.24592176090967338,0,Low Risk,30,84.3,2438.6,Month-to-month,Fiber optic,Credit card (automatic),No
9244-ZVAPM,0.3551974850991899,0,Low Risk,1,45.6,45.6,Month-to-month,DSL,Mailed check,No
0719-SYFRB,0.22709982293841724,0,Low Risk,12,61.65,713.75,Month-to-month,DSL,Mailed check,Yes
8208-EUMTE,0.06009222521477332,0,Low Risk,16,54.85,916.15,Two year,DSL,Mailed check,No
5172-MIGPM,0.3566823031318479,0,Low Risk,4,65.55,237.2,Month-to-month,DSL,Mailed check,No
1710-RCXUS,0.2017181428226153,0,Low Risk,51,90.35,4614.55,One year,Fiber optic,Credit card (automatic),No
0374-FIUCA,0.004289847678526935,0,Low Risk,65,20.4,1414.45,Two year,No,Credit card (automatic),No
5839-SUYVZ,0.39410890090388234,0,Low Risk,16,74.55,1170.5,Month-to-month,Fiber optic,Credit card (automatic),No
5173-ZXXXL,0.10395371121952018,0,Low Risk,2,19.95,47.7,One year,No,Mailed check,No
1096-ADRUX,0.08665258061811464,0,Low Risk,66,74.25,4859.25,One year,Fiber optic,Bank transfer (automatic),No
2001-MCUUW,0.13436469775065454,0,Low Risk,46,108.65,4903.2,Two year,Fiber optic,Electronic check,No
2731-GJRDG,0.24880956330567341,0,Low Risk,32,109.55,3608.0,One year,Fiber optic,Bank transfer (automatic),No
4723-BEGSG,0.01270831979009144,0,Low Risk,72,86.65,6094.25,Two year,DSL,Credit card (automatic),No
6516-NKQBO,0.02133376993395749,0,Low Risk,38,81.0,3084.9,Two year,DSL,Credit card (automatic),No
8672-OAUPW,0.01746249506146682,0,Low Risk,51,47.85,2356.75,One year,DSL,Credit card (automatic),No
8207-DMRVL,0.03196812769566737,0,Low Risk,72,114.55,8306.05,Two year,Fiber optic,Bank transfer (automatic),No
3419-SNJJD,0.23329338801379776,0,Low Risk,65,105.25,6786.4,Month-to-month,Fiber optic,Bank transfer (automatic),Yes
6543-CPZMK,0.47662752571265743,0,Medium Risk,9,29.95,248.95,Month-to-month,DSL,Electronic check,Yes
4765-OXPPD,0.10680077558894308,0,Low Risk,9,65.0,663.05,Month-to-month,DSL,Mailed check,Yes
2804-ETQDK,0.0023734679820808812,0,Low Risk,66,20.55,1357.1,Two year,No,Mailed check,No
6689-VRRTK,0.24972829192868276,0,Low Risk,44,109.8,4860.35,One year,Fiber optic,Credit card (automatic),No
7138-GIRSH,0.025566854374995795,0,Low Risk,50,69.5,3418.2,Two year,DSL,Bank transfer (automatic),No
9396-ZSFLL,0.2843740729743974,0,Low Risk,15,48.85,631.4,Month-to-month,DSL,Mailed check,No
6464-KEXXH,0.47686322148490573,0,Medium Risk,8,25.25,186.3,Month-to-month,DSL,Credit card (automatic),No
7134-MJPDY,0.18164568852822477,0,Low Risk,66,102.85,6976.75,One year,Fiber optic,Credit card (automatic),No
5240-CAOYT,0.12163174609417722,0,Low Risk,57,87.55,4884.85,Month-to-month,Fiber optic,Bank transfer (automatic),No
4059-IIEBK,0.5922577328867804,1,Medium Risk,7,78.55,522.95,Month-to-month,Fiber optic,Bank transfer (automatic),No
4881-JVQOD,0.5073803630818952,1,Medium Risk,10,34.55,362.6,Month-to-month,DSL,Bank transfer (automatic),No
0516-UXRMT,0.12197389204929593,0,Low Risk,62,92.05,5755.8,One year,Fiber optic,Electronic check,No
4851-BQDNX,0.25620740578302253,0,Low Risk,40,85.05,3355.65,One year,Fiber optic,Electronic check,No
5148-HKFIR,0.025040922311176217,0,Low Risk,20,19.7,406.95,Two year,No,Mailed check,No
1009-IRMNA,0.14210103657366363,0,Low Risk,7,20.0,137.6,Month-to-month,No,Bank transfer (automatic),Yes
3003-CMDUU,0.5615259853129633,1,Medium Risk,25,95.15,2395.7,Month-to-month,Fiber optic,Electronic check,No
5016-IBERQ,0.4767790284786516,0,Medium Risk,23,84.25,1968.1,Month-to-month,Fiber optic,Electronic check,No
6797-UCJHZ,0.15482310587973092,0,Low Risk,66,104.6,6819.45,One year,Fiber optic,Credit card (automatic),No
2469-DTSGX,0.08755201624664288,0,Low Risk,72,111.65,7943.45,Two year,Fiber optic,Electronic check,No
4554-YGZIH,0.30345029433947124,0,Low Risk,49,90.05,4547.25,Month-to-month,Fiber optic,Credit card (automatic),Yes
5099-BAILX,0.37333088989461466,0,Low Risk,43,110.75,4687.9,Month-to-month,Fiber optic,Bank transfer (automatic),Yes
9931-KGHOA,0.07144226037020197,0,Low Risk,46,55.0,2473.95,Month-to-month,DSL,Bank transfer (automatic),No
1775-KWJKQ,0.009539255724241049,0,Low Risk,72,89.85,6562.9,Two year,DSL,Credit card (automatic),No
7665-VIGUD,0.07301802880964758,0,Low Risk,10,20.35,176.3,One year,No,Mailed check,No
9411-TPQQV,0.08923028162546986,0,Low Risk,40,54.55,2236.2,One year,DSL,Bank transfer (automatic),No
7207-RMRDB,0.3782066553290018,0,Low Risk,65,105.5,6985.65,Month-to-month,Fiber optic,Electronic check,Yes
7954-MLBUN,0.11718739112930583,0,Low Risk,31,99.45,3109.9,Two year,Fiber optic,Bank transfer (automatic),No
2077-DDHJK,0.006287638735504467,0,Low Risk,68,70.9,4911.35,Two year,DSL,Credit card (automatic),No
4913-EHYUI,0.1860713820788031,0,Low Risk,56,104.55,5794.65,One year,Fiber optic,Bank transfer (automatic),Yes
0195-IESCP,0.7553234347497289,1,High Risk,10,85.25,855.3,Month-to-month,Fiber optic,Electronic check,Yes
9574-BOSMD,0.0028918799781497604,0,Low Risk,68,25.4,1620.2,Two year,No,Bank transfer (automatic),No
4580-TMHJU,0.13277947716920407,0,Low Risk,43,56.15,2499.3,Month-to-month,DSL,Electronic check,Yes
0970-ETWGE,0.7887676128551829,1,High Risk,1,89.55,89.55,Month-to-month,Fiber optic,Electronic check,Yes
4908-XAXAY,0.17562989633895373,0,Low Risk,49,89.85,4287.2,One year,Fiber optic,Bank transfer (automatic),No
8404-VLQFB,0.21332999758709412,0,Low Risk,15,25.25,394.85,Month-to-month,No,Electronic check,No
1626-ERCMM,0.7725419117891799,1,High Risk,20,94.55,1899.65,Month-to-month,Fiber optic,Electronic check,Yes
0887-HJGAR,0.4451034915784826,0,Medium Risk,1,45.7,45.7,Month-to-month,DSL,Mailed check,Yes
2391-IPLOP,0.08021114966764384,0,Low Risk,50,69.65,3442.15,One year,DSL,Electronic check,No
5644-PDMZC,0.7165329863458189,1,High Risk,2,89.5,161.5,Month-to-month,Fiber optic,Electronic check,Yes
3509-GWQGF,0.36467127681440287,0,Low Risk,24,70.0,1732.6,Month-to-month,Fiber optic,Credit card (automatic),No
9576-ANLXO,0.5996620977345477,1,Medium Risk,3,69.55,222.3,Month-to-month,Fiber optic,Bank transfer (automatic),Yes
2024-BASKD,0.6208909492639573,1,Medium Risk,1,74.6,74.6,Month-to-month,Fiber optic,Mailed check,Yes
5845-BZZIB,0.010242844149140663,0,Low Risk,35,20.1,655.3,Two year,No,Mailed check,No
1140-UKVZG,0.13148033649667445,0,Low Risk,17,24.8,475.25,Month-to-month,No,Mailed check,No
4160-AMJTL,0.21405004979860406,0,Low Risk,8,19.65,164.3,Month-to-month,No,Electronic check,Yes
5183-SNMJQ,0.5584768005159484,1,Medium Risk,10,95.1,865.1,Month-to-month,Fiber optic,Credit card (automatic),No
8100-PNJMH,0.01530096592668016,0,Low Risk,68,88.85,6132.7,Two year,DSL,Credit card (automatic),No
7838-LAZFO,0.048327049133141696,0,Low Risk,45,78.8,3597.5,One year,DSL,Bank transfer (automatic),No
4464-JCOLN,0.08603616995067502,0,Low Risk,2,19.85,35.9,One year,No,Mailed check,Yes
2085-JVGAD,0.03953021610590005,0,Low Risk,37,20.35,697.65,Month-to-month,No,Bank transfer (automatic),No
5650-VDUDS,0.5414569231341377,1,Medium Risk,4,24.25,96.05,Month-to-month,DSL,Mailed check,Yes
8095-WANWK,0.2699861732934089,0,Low Risk,10,45.25,428.7,Month-to-month,DSL,Mailed check,No
3030-ZKIWL,0.1938690777938573,0,Low Risk,1,20.05,20.05,Month-to-month,No,Mailed check,No
9565-FLVCG,0.016091866749169417,0,Low Risk,65,69.55,4459.15,Two year,DSL,Mailed check,No
8755-OGKNA,0.0033855195611186602,0,Low Risk,57,19.5,1167.6,Two year,No,Bank transfer (automatic),No
2800-VEQXM,0.6056490610791132,1,Medium Risk,3,74.75,238.1,Month-to-month,Fiber optic,Mailed check,No
7538-GWHML,0.6120511166687977,1,Medium Risk,2,69.65,145.15,Month-to-month,Fiber optic,Electronic check,Yes
5533-RJFTJ,0.1250367881286093,0,Low Risk,49,30.2,1453.1,Month-to-month,DSL,Bank transfer (automatic),No
3859-CVCET,0.3232565788983012,0,Low Risk,4,45.65,191.05,Month-to-month,DSL,Mailed check,Yes
0214-JHPFW,0.01426610420308872,0,Low Risk,70,57.8,4039.3,Two year,DSL,Bank transfer (automatic),No
5642-MHDQT,0.010996821791384937,0,Low Risk,53,19.85,1039.45,One year,No,Bank transfer (automatic),No
3088-FVYWK,0.005740504977930514,0,Low Risk,53,25.55,1336.1,Two year,No,Credit card (automatic),No
3276-HDUEG,0.6949438378107806,1,Medium Risk,1,75.05,75.05,Month-to-month,Fiber optic,Mailed check,Yes
9092-GDZKO,0.13683691009784765,0,Low Risk,22,24.85,493.4,Month-to-month,No,Credit card (automatic),No
0823-HSCDJ,0.2695490259534331,0,Low Risk,52,49.15,2550.9,Month-to-month,DSL,Electronic check,Yes
3729-OWRVL,0.11909154347300904,0,Low Risk,65,110.35,7246.15,Two year,Fiber optic,Electronic check,No
2324-AALNO,0.016597185587985962,0,Low Risk,48,24.55,1203.95,One year,No,Bank transfer (automatic),No
0822-GAVAP,0.6909024108749999,1,Medium Risk,2,34.7,62.25,Month-to-month,DSL,Electronic check,Yes
5760-IFJOZ,0.6516105284541471,1,Medium Risk,3,107.95,313.6,Month-to-month,Fiber optic,Mailed check,No
2826-UWHIS,0.2411400075107411,0,Low Risk,45,81.4,3775.85,Month-to-month,Fiber optic,Bank transfer (automatic),No
1448-PWKYE,0.6274175413583202,1,Medium Risk,1,80.0,80.0,Month-to-month,Fiber optic,Electronic check,Yes
7501-IWUNG,0.0209457613531765,0,Low Risk,61,73.8,4616.05,Two year,DSL,Bank transfer (automatic),No
4957-TREIR,0.2731594102871423,0,Low Risk,3,64.4,195.65,Month-to-month,DSL,Credit card (automatic),No
7251-LJBQN,0.3032041999262584,0,Low Risk,40,103.75,4188.4,One year,Fiber optic,Credit card (automatic),No
8040-MNRTF,0.5405991977202492,1,Medium Risk,1,71.1,71.1,Month-to-month,Fiber optic,Mailed check,No
1536-HBSWP,0.4268540791580634,0,Medium Risk,1,49.9,49.9,Month-to-month,DSL,Electronic check,No
5313-FPXWG,0.02132286686229997,0,Low Risk,51,24.6,1266.4,One year,No,Bank transfer (automatic),No
0067-DKWBL,0.44704489141702425,0,Medium Risk,2,49.25,91.1,Month-to-month,DSL,Electronic check,Yes
0946-FKYTX,0.03962297631344807,0,Low Risk,52,30.1,1623.4,One year,DSL,Mailed check,No
5076-YVXCM,0.269558405821988,0,Low Risk,51,83.4,4149.45,Month-to-month,Fiber optic,Bank transfer (automatic),No
8262-COGGB,0.25941234612378394,0,Low Risk,1,20.45,20.45,Month-to-month,No,Mailed check,No
6663-JOCQO,0.06476681156282525,0,Low Risk,31,75.25,2344.5,One year,DSL,Bank transfer (automatic),No
9620-QJREV,0.010030675975226458,0,Low Risk,47,20.55,1013.05,One year,No,Credit card (automatic),No
2276-YDAVZ,0.6622820627760233,1,Medium Risk,3,75.1,270.7,Month-to-month,Fiber optic,Credit card (automatic),Yes
2682-KEVRP,0.06866924079040787,0,Low Risk,22,20.05,417.0,One year,No,Mailed check,No
2480-JZOSN,0.2590901235319409,0,Low Risk,1,20.65,20.65,Month-to-month,No,Mailed check,No
0078-XZMHT,0.025388266956227812,0,Low Risk,72,85.15,6316.2,Two year,DSL,Bank transfer (automatic),No
5896-NPFWW,0.44562223520848987,0,Medium Risk,3,50.15,168.15,Month-to-month,DSL,Electronic check,Yes
9978-HYCIN,0.16134629435344275,0,Low Risk,47,84.95,4018.05,One year,Fiber optic,Bank transfer (automatic),No
8338-QIUNR,0.00706280639062111,0,Low Risk,72,66.5,4811.6,Two year,DSL,Credit card (automatic),No
1525-LNLOJ,0.02323927104282607,0,Low Risk,66,63.3,4189.7,Two year,DSL,Bank transfer (automatic),No
9450-TRJUU,0.47825996867060006,0,Medium Risk,35,83.15,2848.45,Month-to-month,Fiber optic,Electronic check,No
1766-GKNMI,0.6277835860604996,1,Medium Risk,29,84.9,2516.2,Month-to-month,Fiber optic,Electronic check,No
6942-LBFDP,0.24610445109296566,0,Low Risk,2,20.55,33.6,Month-to-month,No,Mailed check,No
1456-TWCGB,0.2904121199806682,0,Low Risk,4,49.25,208.45,Month-to-month,DSL,Mailed check,No
7133-VBDCG,0.28664169699313674,0,Low Risk,25,79.85,2015.35,Month-to-month,Fiber optic,Bank transfer (automatic),Yes
7596-ZYWBB,0.006787382681580441,0,Low Risk,65,59.6,3739.8,Two year,DSL,Mailed check,No
8329-UTMVM,0.3684636344967232,0,Low Risk,27,104.65,2964.0,One year,Fiber optic,Bank transfer (automatic),No
3014-WJKSM,0.3811634041472175,0,Low Risk,29,75.3,2263.4,Month-to-month,Fiber optic,Credit card (automatic),No
3347-YJZZE,0.20724133187871635,0,Low Risk,29,80.1,2211.8,Month-to-month,DSL,Credit card (automatic),No
1029-QFBEN,0.19380589457256803,0,Low Risk,1,19.55,19.55,Month-to-month,No,Mailed check,Yes
7929-DMBCV,0.3856988523887512,0,Low Risk,20,81.0,1683.7,Month-to-month,Fiber optic,Mailed check,No
9661-JALZV,0.008071143654047375,0,Low Risk,58,24.7,1519.0,Two year,No,Credit card (automatic),No
5433-KYGHE,0.34926169312653443,0,Low Risk,14,86.0,1164.05,Month-to-month,Fiber optic,Mailed check,No
4312-KFRXN,0.003209453938631517,0,Low Risk,72,25.4,1710.9,Two year,No,Mailed check,No
5575-TPIZQ,0.3120889445375707,0,Low Risk,46,89.15,4245.55,Month-to-month,Fiber optic,Credit card (automatic),No
0114-IGABW,0.013908103927920537,0,Low Risk,71,58.25,4145.9,Two year,DSL,Bank transfer (automatic),No
9944-AEXBM,0.5020862958151174,1,Medium Risk,32,85.65,2664.3,Month-to-month,Fiber optic,Bank transfer (automatic),No
1853-ARAAQ,0.3997508078680994,0,Low Risk,26,50.35,1277.5,Month-to-month,DSL,Credit card (automatic),No
6952-OMNWB,0.21892030401317739,0,Low Risk,68,80.35,5589.3,Month-to-month,Fiber optic,Credit card (automatic),No
4697-LUPSU,0.08602924597210665,0,Low Risk,2,20.2,34.75,One year,No,Mailed check,No
8434-VGEQQ,0.002827281311460956,0,Low Risk,61,20.55,1305.95,Two year,No,Credit card (automatic),No
4952-YSOGZ,0.7460834642946189,1,High Risk,4,85.95,381.3,Month-to-month,Fiber optic,Electronic check,Yes
1589-AGTLK,0.5065766024452881,1,Medium Risk,3,45.35,141.5,Month-to-month,DSL,Electronic check,Yes
5244-IRFIH,0.6984211819735107,1,Medium Risk,33,94.5,3105.55,Month-to-month,Fiber optic,Electronic check,Yes
6549-YMFAW,0.22206367413343897,0,Low Risk,9,21.25,204.55,Month-to-month,No,Mailed check,No
4950-HKQTE,0.03130649667492325,0,Low Risk,22,26.25,605.9,Two year,No,Mailed check,No
6786-OBWQR,0.6756477461856639,1,Medium Risk,5,80.85,356.1,Month-to-month,Fiber optic,Electronic check,No
2684-EIWEO,0.2682212968286517,0,Low Risk,30,91.7,2758.15,Month-to-month,Fiber optic,Credit card (automatic),Yes
2753-JMMCV,0.01955878729835554,0,Low Risk,65,74.2,4805.65,Two year,DSL,Credit card (automatic),No
6439-GTPCA,0.3490644529263981,0,Low Risk,45,87.25,3941.7,Month-to-month,Fiber optic,Electronic check,Yes
6621-YOBKI,0.16568542748732437,0,Low Risk,5,20.35,92.75,Month-to-month,No,Mailed check,No
1216-JWVUX,0.42487691676145906,0,Medium Risk,25,75.5,1901.05,Month-to-month,Fiber optic,Electronic check,No
7564-GHCVB,0.020053750564785786,0,Low Risk,72,79.05,5730.7,Two year,Fiber optic,Bank transfer (automatic),No
1173-NOEYG,0.4471393298275351,0,Medium Risk,27,90.15,2423.4,Month-to-month,Fiber optic,Bank transfer (automatic),No
7595-EHCDL,0.2335975737494834,0,Low Risk,32,50.6,1653.45,Month-to-month,DSL,Credit card (automatic),No
6647-ZEDXT,0.2271665322114546,0,Low Risk,30,110.45,3327.05,One year,Fiber optic,Credit card (automatic),No
2521-NPUZR,0.0197303454427752,0,Low Risk,70,101.0,7085.5,Two year,Fiber optic,Credit card (automatic),No
1307-TVUFB,0.35617866866628783,0,Low Risk,42,79.35,3344.1,Month-to-month,Fiber optic,Bank transfer (automatic),No
7503-MIOGA,0.020770184110539925,0,Low Risk,72,89.85,6697.35,Two year,DSL,Bank transfer (automatic),No
4381-MHQDC,0.021115819874358732,0,Low Risk,47,65.0,2879.9,Two year,DSL,Mailed check,No
6923-JHPMP,0.5884783762533172,1,Medium Risk,2,80.45,137.1,Month-to-month,Fiber optic,Electronic check,No
5138-WVKYJ,0.63510319964417,1,Medium Risk,10,98.55,1008.55,Month-to-month,Fiber optic,Electronic check,Yes
4018-PPNDW,0.0062224045018415605,0,Low Risk,61,24.1,1551.6,Two year,No,Mailed check,No
1635-FJFCC,0.37585810116098556,0,Low Risk,5,44.05,202.15,Month-to-month,DSL,Credit card (automatic),No
2499-AJYUA,0.08425998004447616,0,Low Risk,72,110.8,7882.25,Two year,Fiber optic,Credit card (automatic),No
6919-ELBGL,0.051530193093030065,0,Low Risk,72,114.95,8196.4,Two year,Fiber optic,Bank transfer (automatic),No
3966-HRMZA,0.548307950017066,1,Medium Risk,3,75.05,202.9,Month-to-month,Fiber optic,Mailed check,No
6425-JWTDV,0.00684328551202981,0,Low Risk,48,19.25,855.1,Two year,No,Mailed check,No
8405-IGQFX,0.09274486348451051,0,Low Risk,63,90.05,5817.0,One year,Fiber optic,Credit card (automatic),No
8224-IVVPA,0.14029454508481828,0,Low Risk,27,56.7,1652.95,Month-to-month,DSL,Mailed check,No
9477-LGWQI,0.013344652825708687,0,Low Risk,70,80.15,5600.15,Two year,DSL,Credit card (automatic),No
1410-RSCMR,0.2045133586549561,0,Low Risk,7,71.35,515.75,Month-to-month,DSL,Credit card (automatic),No
3115-CZMZD,0.05125327481448148,0,Low Risk,0,20.25,0.0,Two year,No,Mailed check,No
0139-IVFJG,0.5232127582251432,1,Medium Risk,2,90.35,190.5,Month-to-month,Fiber optic,Electronic check,No
6683-VLCTZ,0.7583020254530572,1,High Risk,20,98.55,1842.8,Month-to-month,Fiber optic,Electronic check,Yes
5730-DBDSI,0.0027111664155967815,0,Low Risk,66,19.7,1253.8,Two year,No,Bank transfer (automatic),No
0030-FNXPP,0.17622014892177973,0,Low Risk,3,19.85,57.2,Month-to-month,No,Mailed check,No
2189-WWOEW,0.4609404248872689,0,Medium Risk,15,85.9,1269.55,Month-to-month,Fiber optic,Bank transfer (automatic),Yes
5684-FJVYR,0.0204805566577002,0,Low Risk,72,90.35,6563.4,Two year,Fiber optic,Bank transfer (automatic),No
4013-GUXND,0.1939638819575671,0,Low Risk,1,20.8,20.8,Month-to-month,No,Mailed check,No
1894-IGFSG,0.5670027159370039,1,Medium Risk,22,89.25,1907.85,Month-to-month,Fiber optic,Electronic check,Yes
7379-POKDZ,0.6976847795832711,1,Medium Risk,3,70.3,208.85,Month-to-month,Fiber optic,Electronic check,Yes
1266-NZYUI,0.004828171068696516,0,Low Risk,72,66.85,4758.8,Two year,DSL,Bank transfer (automatic),No
7969-FFOWG,0.002508881571628191,0,Low Risk,65,19.9,1292.6,Two year,No,Mailed check,No
4718-DHSMV,0.5197080364848833,1,Medium Risk,11,35.8,363.15,Month-to-month,DSL,Mailed check,No
5175-WLYXL,0.4853732042745602,0,Medium Risk,22,78.85,1600.25,Month-to-month,Fiber optic,Mailed check,No
7817-OMJNA,0.05773831086178065,0,Low Risk,14,20.4,275.7,One year,No,Bank transfer (automatic),No
8728-SKJLR,0.3006736841163046,0,Low Risk,41,74.25,3089.1,Month-to-month,Fiber optic,Electronic check,No
3137-NYQQI,0.09860801951623539,0,Low Risk,17,64.8,1175.6,One year,DSL,Mailed check,No
7706-DZNKK,0.1661886152542464,0,Low Risk,11,20.45,237.3,Month-to-month,No,Credit card (automatic),No
0236-HFWSV,0.7690445938978825,1,High Risk,15,93.35,1444.65,Month-to-month,Fiber optic,Electronic check,Yes
3900-AQPHZ,0.1905309628733035,0,Low Risk,1,19.9,19.9,Month-to-month,No,Mailed check,Yes
5842-POCOP,0.5455843948381324,1,Medium Risk,5,88.9,454.15,Month-to-month,Fiber optic,Mailed check,Yes
2037-XJFUP,0.4161651188001507,0,Medium Risk,33,95.8,3036.75,One year,Fiber optic,Electronic check,Yes
8823-RLPWL,0.07341860182322028,0,Low Risk,72,110.65,8065.65,Two year,Fiber optic,Credit card (automatic),No
9505-SQFSW,0.41836803088342384,0,Medium Risk,3,40.3,92.5,Month-to-month,DSL,Mailed check,No
7314-OXENN,0.7249538446866999,1,High Risk,2,82.0,184.65,Month-to-month,Fiber optic,Electronic check,Yes
3758-CKOQL,0.0920558178317933,0,Low Risk,59,107.0,6152.3,One year,Fiber optic,Credit card (automatic),No
0322-CHQRU,0.4231468474561022,0,Medium Risk,2,45.35,89.5,Month-to-month,DSL,Electronic check,Yes
5676-CFLYY,0.012419975448251267,0,Low Risk,71,73.35,5154.5,Two year,DSL,Credit card (automatic),No
7521-AFHAB,0.27082249116393414,0,Low Risk,5,44.8,220.45,Month-to-month,DSL,Mailed check,No
0285-INHLN,0.10646842731774125,0,Low Risk,27,54.75,1510.3,Month-to-month,DSL,Credit card (automatic),No
4678-DVQEO,0.42730917496610155,0,Medium Risk,1,52.2,52.2,Month-to-month,DSL,Electronic check,Yes
5125-CNDSP,0.014064254728093811,0,Low Risk,63,40.6,2588.95,One year,DSL,Bank transfer (automatic),No
0691-IFBQW,0.3144026864610008,0,Low Risk,46,110.0,4874.8,One year,Fiber optic,Electronic check,Yes
4992-LTJNE,0.006224376741527702,0,Low Risk,72,55.3,3983.6,Two year,DSL,Bank transfer (automatic),No
2202-OUTMO,0.11328669173946575,0,Low Risk,34,60.85,2003.6,Month-to-month,DSL,Bank transfer (automatic),No
0810-BDHAW,0.1370833240525352,0,Low Risk,24,78.4,1832.4,One year,DSL,Electronic check,No
0229-LFJAF,0.0052473843772849705,0,Low Risk,72,69.65,4908.25,Two year,DSL,Bank transfer (automatic),No
7131-ZQZNK,0.013097571744082506,0,Low Risk,60,59.85,3590.2,Two year,DSL,Credit card (automatic),No
3442-ZHHCC,0.03136159630895828,0,Low Risk,68,76.9,5023.0,One year,DSL,Credit card (automatic),No
5726-CVNYA,0.05080281429806395,0,Low Risk,8,19.85,146.6,Two year,No,Mailed check,No
9871-ELEYA,0.017008322292492228,0,Low Risk,34,67.65,2339.3,Two year,DSL,Credit card (automatic),No
4257-GAESD,0.5171558063821583,1,Medium Risk,6,45.0,298.7,Month-to-month,DSL,Credit card (automatic),No
5173-WXOQV,0.3594968501953352,0,Low Risk,2,64.2,143.65,Month-to-month,DSL,Mailed check,No
2040-OBMLJ,0.16130354206600536,0,Low Risk,31,81.7,2548.65,One year,Fiber optic,Credit card (automatic),No
6286-ZHAOK,0.12639724807275868,0,Low Risk,20,25.55,507.4,Month-to-month,No,Bank transfer (automatic),No
3807-XHCJH,0.21008711426717275,0,Low Risk,1,20.0,20.0,Month-to-month,No,Electronic check,No
3009-JWMPU,0.303342139385326,0,Low Risk,62,96.75,6125.4,One year,Fiber optic,Electronic check,Yes
5671-RQRLP,0.062260344286987804,0,Low Risk,70,75.65,5411.4,Two year,Fiber optic,Credit card (automatic),No
1450-GALXR,0.7244275228179429,1,High Risk,10,98.5,1058.25,Month-to-month,Fiber optic,Electronic check,Yes
8859-AXJZP,0.016964025644311584,0,Low Risk,39,23.8,903.8,Two year,No,Mailed check,No
3174-AKMAS,0.026461147297916453,0,Low Risk,46,64.2,3009.5,Two year,DSL,Credit card (automatic),No
3138-BKYAV,0.6818081034216793,1,Medium Risk,6,85.35,489.45,Month-to-month,Fiber optic,Electronic check,Yes
9926-PJHDQ,0.028126289526320857,0,Low Risk,72,76.8,5468.45,Two year,DSL,Bank transfer (automatic),No
7382-DFJTU,0.14716490522861403,0,Low Risk,18,55.2,1058.1,Month-to-month,DSL,Credit card (automatic),No
2798-NYLMZ,0.05863251775082295,0,Low Risk,71,108.55,7616.0,Two year,Fiber optic,Credit card (automatic),No
4289-DTDKW,0.5974323294120719,1,Medium Risk,40,101.3,4113.1,Month-to-month,Fiber optic,Electronic check,Yes
1820-TQVEV,0.7082044837678195,1,High Risk,1,69.55,69.55,Month-to-month,Fiber optic,Electronic check,Yes
2239-JALAW,0.22770769912753028,0,Low Risk,58,103.25,6017.65,One year,Fiber optic,Bank transfer (automatic),Yes
4853-RULSV,0.05796102432636107,0,Low Risk,70,104.0,7250.15,Two year,Fiber optic,Credit card (automatic),Yes
8098-TDCBU,0.01783063058967178,0,Low Risk,42,25.25,1108.2,Two year,No,Electronic check,No
3551-GAEGL,0.05050360286854262,0,Low Risk,34,30.4,938.65,One year,DSL,Bank transfer (automatic),No
4785-NKHCX,0.17748899159087894,0,Low Risk,5,20.05,94.15,Month-to-month,No,Bank transfer (automatic),No
3196-NVXLZ,0.568554860045574,1,Medium Risk,25,84.6,2088.05,Month-to-month,Fiber optic,Mailed check,No
6275-YDUVO,0.6639469296387651,1,Medium Risk,2,86.2,178.7,Month-to-month,Fiber optic,Mailed check,Yes
0036-IHMOT,0.11440641510118164,0,Low Risk,55,103.7,5656.75,One year,Fiber optic,Bank transfer (automatic),No
0115-TFERT,0.627000755060148,1,Medium Risk,21,111.2,2317.1,Month-to-month,Fiber optic,Electronic check,Yes
4178-EGMON,0.02442903926989237,0,Low Risk,70,88.0,5986.45,Two year,Fiber optic,Credit card (automatic),No
4220-TINQT,0.42028954203975966,0,Medium Risk,61,106.35,6751.35,Month-to-month,Fiber optic,Electronic check,No
5318-YKDPV,0.026751040784920525,0,Low Risk,43,79.15,3566.6,Two year,DSL,Credit card (automatic),No
7975-TZMLR,0.3705458162564733,0,Low Risk,47,103.1,4889.3,One year,Fiber optic,Electronic check,No
0295-QVKPB,0.33820482145422764,0,Low Risk,5,63.95,318.1,Month-to-month,DSL,Credit card (automatic),No
4335-BSMJS,0.006631775734566578,0,Low Risk,62,25.8,1563.95,Two year,No,Credit card (automatic),No
2311-QYMUQ,0.44428328693200697,0,Medium Risk,16,89.45,1430.25,Month-to-month,Fiber optic,Credit card (automatic),Yes
3643-AHCFP,0.7684825422101282,1,High Risk,7,95.6,644.35,Month-to-month,Fiber optic,Bank transfer (automatic),Yes
9146-JRIOX,0.12327910553079817,0,Low Risk,14,25.55,372.45,Month-to-month,No,Mailed check,No
3104-OWCGK,0.1043778504762098,0,Low Risk,60,90.95,5453.4,One year,Fiber optic,Electronic check,Yes
5337-IIWKZ,0.24175377826364805,0,Low Risk,34,44.85,1442.6,Month-to-month,DSL,Electronic check,No
9101-BWFSS,0.1611704825759824,0,Low Risk,50,108.55,5610.7,One year,Fiber optic,Electronic check,Yes
9650-VBUOG,0.01142161355402383,0,Low Risk,38,25.05,963.95,Two year,No,Credit card (automatic),No
3487-EARAT,0.0085226445889902,0,Low Risk,70,74.1,5222.3,One year,DSL,Credit card (automatic),No
2672-TGEFF,0.4748175928648493,0,Medium Risk,37,88.8,3340.55,Month-to-month,Fiber optic,Electronic check,No
9231-ZJYAM,0.7548214528948823,1,High Risk,4,78.85,292.8,Month-to-month,Fiber optic,Electronic check,Yes
4250-WAROZ,0.27682420558867704,0,Low Risk,60,93.25,5774.55,Month-to-month,Fiber optic,Electronic check,No
8184-WMOFI,0.01316453130114292,0,Low Risk,62,71.4,4487.3,One year,DSL,Credit card (automatic),No
6982-SSHFK,0.35497526251719136,0,Low Risk,1,44.4,44.4,Month-to-month,DSL,Mailed check,Yes
6092-QZVPP,0.1321634257895848,0,Low Risk,36,79.2,2854.95,Month-to-month,DSL,Credit card (automatic),No
4625-LAMOB,0.007630792017069852,0,Low Risk,44,20.4,905.55,Two year,No,Credit card (automatic),No
0727-BMPLR,0.3804689342799544,0,Low Risk,55,100.0,5509.3,One year,Fiber optic,Electronic check,Yes
0392-BZIUW,0.07770281152908536,0,Low Risk,72,105.0,7589.8,Two year,Fiber optic,Credit card (automatic),No
1038-ZAGBI,0.050850351148608725,0,Low Risk,12,19.8,229.6,One year,No,Bank transfer (automatic),Yes
6549-NNDYT,0.3264694741516552,0,Low Risk,13,30.85,394.1,Month-to-month,DSL,Bank transfer (automatic),No
3027-ZTDHO,0.788814766310061,1,High Risk,1,89.9,89.9,Month-to-month,Fiber optic,Electronic check,Yes
0422-OHQHQ,0.047384840194557264,0,Low Risk,15,20.55,295.95,One year,No,Mailed check,No
6916-HIJSE,0.014122130221003764,0,Low Risk,65,84.85,5459.2,Two year,DSL,Bank transfer (automatic),No
2316-ESMLS,0.08828837912489347,0,Low Risk,12,33.15,444.75,One year,DSL,Credit card (automatic),No
9778-OGKQZ,0.018234248457298832,0,Low Risk,72,92.0,6782.15,Two year,DSL,Credit card (automatic),No
7408-OFWXJ,0.009219811904932982,0,Low Risk,72,89.8,6510.45,Two year,DSL,Credit card (automatic),No
6007-TCTST,0.04682770629250507,0,Low Risk,72,115.8,8476.5,Two year,Fiber optic,Bank transfer (automatic),No
2252-NKNSI,0.026096656448065345,0,Low Risk,52,85.15,4461.85,Two year,DSL,Mailed check,No
8713-IGZSO,0.23456310964402174,0,Low Risk,2,24.85,62.0,Month-to-month,No,Mailed check,No
7905-TVXTA,0.34423921138438235,0,Low Risk,5,64.35,352.65,Month-to-month,DSL,Electronic check,No
7695-PKLCZ,0.0024276400764745194,0,Low Risk,68,20.5,1424.9,Two year,No,Credit card (automatic),No
2382-BCKQJ,0.2679331968820644,0,Low Risk,62,100.15,6413.65,One year,Fiber optic,Electronic check,Yes
8374-UULRV,0.011503084578498806,0,Low Risk,72,86.05,6309.65,Two year,DSL,Credit card (automatic),No
2207-NHRJK,0.3902591039158019,0,Low Risk,1,50.8,50.8,Month-to-month,DSL,Electronic check,Yes
3224-DFQNQ,0.05507579624191151,0,Low Risk,66,89.0,5898.6,One year,Fiber optic,Electronic check,No
5275-PMFUT,0.011499319400278122,0,Low Risk,72,64.8,4719.75,Two year,DSL,Credit card (automatic),No
4795-UXVCJ,0.03217254449857712,0,Low Risk,26,19.8,457.3,One year,No,Credit card (automatic),No
9777-IQHWP,0.03704067679788539,0,Low Risk,64,93.4,5822.3,Two year,Fiber optic,Bank transfer (automatic),No
0947-MUGVO,0.555894254995327,1,Medium Risk,20,73.65,1463.5,Month-to-month,Fiber optic,Electronic check,Yes
9944-HKVVB,0.7438537661512326,1,High Risk,3,95.1,307.4,Month-to-month,Fiber optic,Electronic check,Yes
4124-MMETB,0.6407283885645497,1,Medium Risk,22,94.65,2104.55,Month-to-month,Fiber optic,Credit card (automatic),Yes
3671-SHRSP,0.5141428551537581,1,Medium Risk,4,80.6,319.15,Month-to-month,Fiber optic,Mailed check,Yes
0979-MOZQI,0.021283831200099607,0,Low Risk,62,39.0,2337.45,Two year,DSL,Bank transfer (automatic),No
2732-ISEZX,0.2211042543247124,0,Low Risk,5,20.5,104.3,Month-to-month,No,Mailed check,No
3313-QKNKB,0.18952286464967513,0,Low Risk,59,85.55,5084.65,One year,Fiber optic,Electronic check,Yes
0323-XWWTN,0.08434408309422403,0,Low Risk,3,26.4,121.25,Two year,No,Mailed check,No
1937-OTUKY,0.03975323687235156,0,Low Risk,72,98.2,7015.9,Two year,Fiber optic,Bank transfer (automatic),No
1573-LGXBA,0.14295925693459358,0,Low Risk,57,97.55,5598.0,One year,Fiber optic,Credit card (automatic),No
1764-VUUMT,0.002114934182208364,0,Low Risk,66,19.95,1269.1,Two year,No,Credit card (automatic),No
5073-WXOYN,0.18728728384244858,0,Low Risk,60,50.8,3027.4,Month-to-month,DSL,Electronic check,Yes
4713-ZBURT,0.1261716709951385,0,Low Risk,45,99.7,4634.35,Two year,Fiber optic,Bank transfer (automatic),No
3050-GBUSH,0.5847738185929576,1,Medium Risk,3,34.8,113.95,Month-to-month,DSL,Credit card (automatic),No
0207-MDKNV,0.4261801241492978,0,Medium Risk,15,105.1,1582.75,Month-to-month,Fiber optic,Electronic check,Yes
7876-AEHIG,0.03430455858139375,0,Low Risk,51,60.15,3077.0,One year,DSL,Bank transfer (automatic),No
7945-HLKEA,0.02541754113195282,0,Low Risk,60,64.75,4039.5,One year,DSL,Electronic check,No
9342-VNIMQ,0.18871312728514414,0,Low Risk,33,54.65,1665.2,Month-to-month,DSL,Bank transfer (automatic),No
9851-KIELU,0.5121878176826932,1,Medium Risk,10,110.1,1043.3,Month-to-month,Fiber optic,Electronic check,Yes
3523-BRGUW,0.03755801726730449,0,Low Risk,26,19.3,504.2,One year,No,Credit card (automatic),No
3908-BLSYF,0.622760776874552,1,Medium Risk,6,83.9,497.55,Month-to-month,Fiber optic,Electronic check,Yes
3199-NPKCN,0.17384741404875564,0,Low Risk,67,111.25,7511.65,One year,Fiber optic,Electronic check,No
5170-PTRKA,0.027502737278742643,0,Low Risk,49,35.8,1782.0,One year,DSL,Credit card (automatic),No
4661-NJEUX,0.2593502070616392,0,Low Risk,1,20.05,20.05,Month-to-month,No,Mailed check,No
2123-AGEEN,0.7312143013562112,1,High Risk,7,84.35,609.65,Month-to-month,Fiber optic,Electronic check,No
1258-YMZNM,0.3369409870305998,0,Low Risk,27,110.5,2857.6,One year,Fiber optic,Bank transfer (automatic),No
0048-LUMLS,0.18642194675839036,0,Low Risk,37,91.2,3247.55,One year,Fiber optic,Credit card (automatic),No
7549-MYGPK,0.22731629069802176,0,Low Risk,63,100.55,6215.35,Month-to-month,Fiber optic,Electronic check,Yes
5898-IGSLP,0.23947803064077308,0,Low Risk,31,89.3,2823.0,Month-to-month,Fiber optic,Electronic check,No
3804-RVTGV,0.36084200767972296,0,Low Risk,50,103.85,5017.9,Month-to-month,Fiber optic,Bank transfer (automatic),Yes
6259-WJQLC,0.4652144140914206,0,Medium Risk,32,81.1,2619.25,Month-to-month,Fiber optic,Credit card (automatic),No
9227-LUNBG,0.5642200038186179,1,Medium Risk,1,24.6,24.6,Month-to-month,DSL,Electronic check,Yes
7997-EASSD,0.08674562928085987,0,Low Risk,63,81.2,4965.1,One year,Fiber optic,Credit card (automatic),No
0730-KOAVE,0.37335653496774046,0,Low Risk,30,94.3,2679.7,Month-to-month,Fiber optic,Credit card (automatic),No
8975-SKGRX,0.05981141117952232,0,Low Risk,71,116.1,8310.55,Two year,Fiber optic,Bank transfer (automatic),No
0678-RLHVP,0.1576541668199008,0,Low Risk,53,105.55,5682.25,Two year,Fiber optic,Electronic check,No
4315-MURBD,0.44311823161372854,0,Medium Risk,12,98.9,1120.95,Month-to-month,Fiber optic,Bank transfer (automatic),Yes
2267-FPIMA,0.27025587480353624,0,Low Risk,50,94.4,4914.9,Month-to-month,Fiber optic,Credit card (automatic),No
1051-GEJLJ,0.18282881135709855,0,Low Risk,2,19.5,27.55,Month-to-month,No,Mailed check,No
9734-YWGEX,0.6282139735469631,1,Medium Risk,9,98.3,923.5,Month-to-month,Fiber optic,Credit card (automatic),Yes
2719-BDAQO,0.513924482966944,1,Medium Risk,17,93.85,1625.65,Month-to-month,Fiber optic,Electronic check,Yes
5285-MVEHD,0.13663940861099114,0,Low Risk,56,105.6,6068.65,One year,Fiber optic,Credit card (automatic),No
0379-DJQHR,0.010242639643582421,0,Low Risk,67,81.35,5398.6,Two year,DSL,Credit card (automatic),No
0781-LKXBR,0.8164193900554603,1,High Risk,9,100.5,918.6,Month-to-month,Fiber optic,Electronic check,Yes
5543-QDCRY,0.5523380466315033,1,Medium Risk,4,56.4,234.85,Month-to-month,DSL,Electronic check,No
0297-RBCSG,0.1226489594587567,0,Low Risk,19,65.35,1231.85,One year,DSL,Bank transfer (automatic),No
4694-PHWFW,0.1190414656987921,0,Low Risk,8,19.95,170.9,Month-to-month,No,Mailed check,No
0835-JKADZ,0.11355137376526091,0,Low Risk,71,111.25,7984.15,Two year,Fiber optic,Electronic check,No
1907-UBQFC,0.6310815003131791,1,Medium Risk,10,72.85,688.65,Month-to-month,Fiber optic,Electronic check,Yes
7508-SMHXL,0.5255263267101425,1,Medium Risk,15,89.0,1288.3,Month-to-month,Fiber optic,Credit card (automatic),No
3865-YIOTT,0.12409231599161524,0,Low Risk,72,106.1,7848.5,One year,Fiber optic,Bank transfer (automatic),No
5993-BQHEA,0.061963531203644326,0,Low Risk,12,20.05,267.0,One year,No,Credit card (automatic),No
6024-RUGGH,0.003565954324995801,0,Low Risk,72,25.2,1798.9,Two year,No,Bank transfer (automatic),No
6513-EECDB,0.7925157066782212,1,High Risk,1,73.55,73.55,Month-to-month,Fiber optic,Electronic check,Yes
3956-CJUST,0.3612019989886862,0,Low Risk,23,75.4,1643.55,Month-to-month,Fiber optic,Bank transfer (automatic),No
4079-WWQQQ,0.014796676095478979,0,Low Risk,72,65.55,4807.45,Two year,DSL,Bank transfer (automatic),No
6103-BOCOU,0.5794522654168577,1,Medium Risk,26,80.7,2193.0,Month-to-month,Fiber optic,Electronic check,No
5149-TGWDZ,0.3020356106387791,0,Low Risk,21,104.55,2239.4,One year,Fiber optic,Mailed check,No
7471-WNSUF,0.00999899375318674,0,Low Risk,60,24.15,1505.9,One year,No,Bank transfer (automatic),No
8942-DBMHZ,0.1253125824325576,0,Low Risk,12,20.45,255.35,Month-to-month,No,Mailed check,No
4301-VVZKA,0.6642249481879494,1,Medium Risk,16,75.4,1189.4,Month-to-month,Fiber optic,Electronic check,No
9199-PWQVC,0.04869450596469718,0,Low Risk,63,79.7,4786.15,One year,DSL,Credit card (automatic),No
4824-GUCBY,0.3465890292468017,0,Low Risk,22,81.7,1820.9,Month-to-month,Fiber optic,Electronic check,No
5393-HJZSM,0.06006251798416711,0,Low Risk,32,76.3,2404.15,Month-to-month,DSL,Bank transfer (automatic),No
7074-IEVOJ,0.7403917939360961,1,High Risk,3,79.4,205.05,Month-to-month,Fiber optic,Electronic check,Yes
9625-QSTYE,0.557533141121436,1,Medium Risk,13,81.15,952.3,Month-to-month,Fiber optic,Electronic check,Yes
0862-PRCBS,0.062077716673152976,0,Low Risk,68,103.75,7039.45,Two year,Fiber optic,Credit card (automatic),No
8812-ZRHFP,0.24241088031532054,0,Low Risk,30,86.45,2538.05,One year,Fiber optic,Electronic check,No
5146-CBVOE,0.35733226909855115,0,Low Risk,16,75.1,1212.85,Month-to-month,Fiber optic,Bank transfer (automatic),No
0454-OKRCT,0.057477732676867795,0,Low Risk,33,80.6,2651.1,Two year,Fiber optic,Bank transfer (automatic),No
5787-KXGIY,0.001990291701475352,0,Low Risk,72,19.3,1304.8,Two year,No,Credit card (automatic),No
4750-ZRXIU,0.8064119371111887,1,High Risk,4,84.6,360.1,Month-to-month,Fiber optic,Electronic check,Yes
4198-VFOEA,0.15955171525244694,0,Low Risk,12,33.6,435.45,One year,DSL,Mailed check,No
6630-UJZMY,0.8072046515966685,1,High Risk,4,83.25,308.05,Month-to-month,Fiber optic,Electronic check,No
5709-LVOEQ,0.08918004722108563,0,Low Risk,0,80.85,0.0,Two year,DSL,Mailed check,No
6400-BWQKW,0.6342509147727466,1,Medium Risk,6,79.05,434.5,Month-to-month,Fiber optic,Electronic check,Yes
2692-AQCPF,0.15103802531031849,0,Low Risk,65,108.05,7118.9,One year,Fiber optic,Credit card (automatic),No
0347-UBKUZ,0.10852993130765519,0,Low Risk,15,19.9,320.45,Month-to-month,No,Mailed check,No
0835-DUUIQ,0.02932224336880531,0,Low Risk,24,21.05,531.55,One year,No,Bank transfer (automatic),No
0811-GSDTP,0.33476208725146206,0,Low Risk,13,30.15,382.2,Month-to-month,DSL,Electronic check,No
7567-ECMCM,0.4878038506509376,0,Medium Risk,24,79.85,2001.0,Month-to-month,Fiber optic,Credit card (automatic),No
6115-ZTBFQ,0.010474750116341521,0,Low Risk,72,65.5,4919.7,Two year,DSL,Bank transfer (automatic),No
6353-BRMMA,0.2632132789211546,0,Low Risk,54,104.1,5645.8,Month-to-month,Fiber optic,Bank transfer (automatic),No
6680-WKXRZ,0.5771606436610004,1,Medium Risk,3,74.4,215.8,Month-to-month,Fiber optic,Bank transfer (automatic),Yes
6231-WFGFH,0.19812290794288479,0,Low Risk,4,20.5,77.6,Month-to-month,No,Mailed check,No
9904-EHEVJ,0.5020018481630818,1,Medium Risk,32,91.35,2896.55,Month-to-month,Fiber optic,Mailed check,No
7028-DVOIQ,0.6773975346101493,1,Medium Risk,35,99.05,3395.8,Month-to-month,Fiber optic,Electronic check,Yes
6169-PPETC,0.00984344361132454,0,Low Risk,35,20.5,759.35,Two year,No,Bank transfer (automatic),No
4208-UFFGW,0.37984131249283104,0,Low Risk,2,44.95,85.15,Month-to-month,DSL,Mailed check,Yes
8584-KMVXD,0.5147973539172198,1,Medium Risk,8,75.6,535.55,Month-to-month,Fiber optic,Electronic check,No
8467-WYNSR,0.09911862914124986,0,Low Risk,22,55.1,1253.15,Month-to-month,DSL,Mailed check,No
0851-DFJKB,0.16069523061016044,0,Low Risk,15,58.95,955.15,Month-to-month,DSL,Electronic check,No
5382-SOYZL,0.7339399006915811,1,High Risk,22,95.1,2162.6,Month-to-month,Fiber optic,Electronic check,No
9448-REEVD,0.3382867659694971,0,Low Risk,1,44.7,44.7,Month-to-month,DSL,Credit card (automatic),Yes
3261-CQXOL,0.0025382792331819903,0,Low Risk,71,25.45,1813.35,Two year,No,Bank transfer (automatic),No
8388-FYNPZ,0.29989108264998626,0,Low Risk,4,56.75,245.15,Month-to-month,DSL,Electronic check,No
4002-BQWPQ,0.12299624684580215,0,Low Risk,25,81.75,2028.8,Month-to-month,DSL,Bank transfer (automatic),No
5651-YLPRD,0.43178273408246803,0,Medium Risk,32,86.1,2723.75,Month-to-month,Fiber optic,Electronic check,No
2826-DXLQO,0.3454512421761516,0,Low Risk,7,29.8,220.45,Month-to-month,DSL,Bank transfer (automatic),No
4378-BZYFP,0.07689046292411135,0,Low Risk,17,20.5,365.8,One year,No,Mailed check,No
9489-UTFKA,0.27889196125511817,0,Low Risk,8,60.9,551.95,Month-to-month,DSL,Bank transfer (automatic),No
4849-PYRLQ,0.01633532065657157,0,Low Risk,56,73.25,4054.2,Two year,DSL,Bank transfer (automatic),No
9117-SHLZX,0.4451034915784826,0,Medium Risk,1,45.7,45.7,Month-to-month,DSL,Mailed check,Yes
9889-TMAHG,0.42014968632432254,0,Medium Risk,8,100.3,832.35,Month-to-month,Fiber optic,Credit card (automatic),Yes
4541-RMRLG,0.19956400490008092,0,Low Risk,7,19.25,112.3,Month-to-month,No,Electronic check,Yes
7764-BDPEE,0.148689545919558,0,Low Risk,3,20.85,60.65,Month-to-month,No,Mailed check,No
3429-IFLEM,0.005750406860546855,0,Low Risk,71,77.35,5550.1,Two year,DSL,Credit card (automatic),No
3158-MOERK,0.8249300088330077,1,High Risk,2,96.0,174.8,Month-to-month,Fiber optic,Electronic check,Yes
7294-TMAOP,0.7152921755729599,1,High Risk,1,90.55,90.55,Month-to-month,Fiber optic,Electronic check,Yes
5002-GCQFH,0.27694038561826273,0,Low Risk,49,93.85,4733.1,Month-to-month,Fiber optic,Bank transfer (automatic),No
0556-FJEGU,0.012516250166335749,0,Low Risk,58,70.1,4048.95,Two year,DSL,Bank transfer (automatic),No
8919-FYFQZ,0.21788082436360853,0,Low Risk,44,30.35,1359.7,Month-to-month,DSL,Electronic check,Yes
0604-THJFP,0.019484051623530382,0,Low Risk,59,75.95,4542.35,Two year,DSL,Credit card (automatic),No
2834-JRTUA,0.08355136875150249,0,Low Risk,71,108.05,7532.15,Two year,Fiber optic,Electronic check,Yes
5875-YPQFJ,0.708262969661418,1,High Risk,1,69.9,69.9,Month-to-month,Fiber optic,Electronic check,Yes
5879-SESNB,0.6113690850094163,1,Medium Risk,11,75.25,888.65,Month-to-month,Fiber optic,Electronic check,No
6646-QVXLR,0.31488916702732184,0,Low Risk,62,103.75,6383.35,One year,Fiber optic,Electronic check,Yes
6461-PPAXN,0.034704550721474076,0,Low Risk,35,54.95,1916.0,One year,DSL,Bank transfer (automatic),No
3318-ISQFQ,0.11551393625037223,0,Low Risk,20,19.5,413.0,Month-to-month,No,Bank transfer (automatic),No
1106-HRLKZ,0.008201834246411473,0,Low Risk,40,19.6,808.95,Two year,No,Mailed check,No
2483-XSSMZ,0.07162917164534714,0,Low Risk,39,47.85,1886.4,One year,DSL,Electronic check,No
8603-IJWDN,0.8005728212955081,1,High Risk,1,86.6,86.6,Month-to-month,Fiber optic,Electronic check,Yes
8165-ZJRNM,0.0023283608221711157,0,Low Risk,72,23.75,1679.25,Two year,No,Bank transfer (automatic),No
9369-XFEHK,0.42760937121717113,0,Medium Risk,33,80.6,2656.5,Month-to-month,Fiber optic,Bank transfer (automatic),Yes
2604-XVDAM,0.2425619115961668,0,Low Risk,12,43.8,540.95,Month-to-month,DSL,Bank transfer (automatic),No
3717-OFRTN,0.18370438172955497,0,Low Risk,1,19.75,19.75,Month-to-month,No,Bank transfer (automatic),No
9046-JBFWA,0.05287001228211495,0,Low Risk,27,19.15,537.35,Month-to-month,No,Mailed check,No
3280-NMUVX,0.01844260336684585,0,Low Risk,34,19.6,678.8,One year,No,Credit card (automatic),No
1206-EHBDD,0.030616307159439523,0,Low Risk,56,80.3,4513.65,Two year,Fiber optic,Bank transfer (automatic),No
8361-LBRDI,0.005427649514502825,0,Low Risk,58,24.35,1423.85,Two year,No,Credit card (automatic),No
4883-KCPZJ,0.023097579939112947,0,Low Risk,22,25.25,555.4,Two year,No,Credit card (automatic),No
9108-EQPNQ,0.03928052465143577,0,Low Risk,10,26.1,225.55,Two year,No,Credit card (automatic),No
7277-KAMWT,0.032256035553083276,0,Low Risk,13,20.0,268.45,Two year,No,Credit card (automatic),No
3842-IYKUE,0.21667383761487016,0,Low Risk,35,85.3,2917.5,Month-to-month,Fiber optic,Credit card (automatic),Yes
6641-XRPSU,0.33075449196742907,0,Low Risk,34,70.0,2416.1,Month-to-month,Fiber optic,Credit card (automatic),Yes
1374-DMZUI,0.8395854138059742,1,High Risk,4,94.3,424.45,Month-to-month,Fiber optic,Electronic check,Yes
2545-LXYVJ,0.0021438154852253103,0,Low Risk,72,20.7,1492.1,Two year,No,Bank transfer (automatic),No
3234-VKACU,0.43661390056417076,0,Medium Risk,2,70.3,132.4,Month-to-month,DSL,Electronic check,No
8357-EQXFO,0.7461822657584233,1,High Risk,7,95.35,660.9,Month-to-month,Fiber optic,Electronic check,Yes
1989-PRJHP,0.6056682405149606,1,Medium Risk,27,75.5,1893.95,Month-to-month,Fiber optic,Electronic check,Yes
8120-JDCAM,0.5618473002573586,1,Medium Risk,4,69.55,284.9,Month-to-month,Fiber optic,Mailed check,No
8917-FAEMR,0.01143808976341322,0,Low Risk,37,19.85,784.25,Two year,No,Mailed check,No
7047-YXDMZ,0.08511720150608999,0,Low Risk,21,20.0,417.7,Month-to-month,No,Mailed check,No
2858-EIMXH,0.2971062237412522,0,Low Risk,53,95.85,5016.25,One year,Fiber optic,Credit card (automatic),No
9524-EGPJC,0.6160593548690247,1,Medium Risk,18,90.1,1612.75,Month-to-month,Fiber optic,Electronic check,Yes
6993-OHLXR,0.6104645892163458,1,Medium Risk,2,68.95,119.75,Month-to-month,Fiber optic,Electronic check,Yes
8818-XYFCQ,0.4239272710641768,0,Medium Risk,32,99.55,3204.65,Month-to-month,Fiber optic,Credit card (automatic),Yes
6419-ZTTLE,0.09334604724506776,0,Low Risk,23,20.75,485.2,One year,No,Electronic check,No
0929-HYQEW,0.32643033722675635,0,Low Risk,3,50.15,160.85,Month-to-month,DSL,Mailed check,No
6614-YOLAC,0.00814054750813991,0,Low Risk,71,58.65,4145.25,Two year,DSL,Mailed check,No
7426-RHZGU,0.5758736477044533,1,Medium Risk,9,95.9,827.45,Month-to-month,Fiber optic,Bank transfer (automatic),No
4065-JJAVA,0.3849348951943559,0,Low Risk,1,49.5,49.5,Month-to-month,DSL,Electronic check,No
4695-VADHF,0.27592614669508486,0,Low Risk,18,57.45,990.85,Month-to-month,DSL,Electronic check,Yes
3863-IUBJR,0.14401988699979912,0,Low Risk,12,53.65,696.35,One year,DSL,Credit card (automatic),Yes
7649-SIJJF,0.01274440526753738,0,Low Risk,71,80.1,5585.4,Two year,DSL,Mailed check,No
9361-YNQWJ,0.011585822966584699,0,Low Risk,64,24.4,1601.2,One year,No,Bank transfer (automatic),No
3748-FVMZZ,0.5901010512407667,1,Medium Risk,4,40.05,162.45,Month-to-month,DSL,Electronic check,No
9391-TTOYH,0.10788498203247913,0,Low Risk,23,19.5,470.2,Month-to-month,No,Mailed check,No
1452-XRSJV,0.05542962855286411,0,Low Risk,39,51.05,2066.0,Month-to-month,DSL,Credit card (automatic),No
3422-WJOYD,0.04137415167193321,0,Low Risk,28,54.35,1426.45,One year,DSL,Mailed check,No
8242-SOQUO,0.7145933059295629,1,High Risk,5,84.7,392.5,Month-to-month,Fiber optic,Electronic check,No
7460-ITWWP,0.45892053532791144,0,Medium Risk,45,86.1,3861.45,Month-to-month,Fiber optic,Electronic check,No
7147-AYBAA,0.32891800053604286,0,Low Risk,37,70.35,2552.9,Month-to-month,Fiber optic,Mailed check,No
7868-TMWMZ,0.06053043579113323,0,Low Risk,60,110.0,6668.35,Two year,Fiber optic,Bank transfer (automatic),No
4822-RVYBB,0.8205666861235121,1,High Risk,8,100.6,819.4,Month-to-month,Fiber optic,Electronic check,Yes
6732-FZUGP,0.1327899933570614,0,Low Risk,47,94.9,4615.25,One year,Fiber optic,Credit card (automatic),No
8436-BJUMM,0.5895783806726388,1,Medium Risk,26,83.75,2070.6,Month-to-month,Fiber optic,Electronic check,Yes
4184-TJFAN,0.4573535010185183,0,Medium Risk,3,88.3,273.75,Month-to-month,Fiber optic,Mailed check,Yes
8329-GWVPJ,0.19160795609955414,0,Low Risk,50,69.75,3557.7,Month-to-month,Fiber optic,Bank transfer (automatic),No
1352-VHKAJ,0.19288243688685186,0,Low Risk,27,71.6,1957.1,Month-to-month,DSL,Bank transfer (automatic),No
4145-UQXUQ,0.7667840939142566,1,High Risk,8,92.1,729.95,Month-to-month,Fiber optic,Electronic check,Yes
2632-TACXW,0.004606409434476046,0,Low Risk,62,23.65,1416.75,Two year,No,Bank transfer (automatic),No
8146-QQKZH,0.009749580251249309,0,Low Risk,71,81.85,5924.4,Two year,DSL,Bank transfer (automatic),No
1767-CJKBA,0.004290731620603831,0,Low Risk,66,25.1,1697.7,Two year,No,Mailed check,No
6445-TNRXS,0.050307804056653166,0,Low Risk,68,114.7,7849.85,Two year,Fiber optic,Bank transfer (automatic),No
4581-LNWUM,0.5410370269363233,1,Medium Risk,13,49.15,649.4,Month-to-month,DSL,Electronic check,No
4869-EPIUS,0.20835228471774175,0,Low Risk,56,80.9,4557.5,One year,Fiber optic,Electronic check,No
9948-YPTDG,0.2867466135958074,0,Low Risk,38,79.45,3013.05,Month-to-month,Fiber optic,Electronic check,Yes
1236-WFCDV,0.5694502106473722,1,Medium Risk,14,90.45,1266.1,Month-to-month,Fiber optic,Credit card (automatic),Yes
1915-OAKWD,0.06019692998380374,0,Low Risk,16,19.3,360.35,One year,No,Bank transfer (automatic),No
7296-PIXQY,0.46118001354296345,0,Medium Risk,14,70.2,1046.5,Month-to-month,Fiber optic,Electronic check,No
4883-QICIH,0.31555680825489035,0,Low Risk,32,69.75,2347.9,Month-to-month,Fiber optic,Bank transfer (automatic),Yes
3354-OADJP,0.07987581535652842,0,Low Risk,8,54.25,447.75,One year,DSL,Bank transfer (automatic),No
3524-WQDSG,0.43869343723037346,0,Medium Risk,43,99.3,4209.95,Month-to-month,Fiber optic,Bank transfer (automatic),No
0810-DHDBD,0.029978385558422062,0,Low Risk,52,74.0,3877.65,One year,DSL,Credit card (automatic),No
4026-SKKHW,0.3361099246261126,0,Low Risk,3,50.25,152.3,Month-to-month,DSL,Mailed check,No
2829-HYVZP,0.04463701284650256,0,Low Risk,29,19.8,572.2,One year,No,Mailed check,No
8329-IBCTI,0.19049978474541984,0,Low Risk,1,19.65,19.65,Month-to-month,No,Mailed check,Yes
1271-SJBGZ,0.5345501096401217,1,Medium Risk,12,43.65,526.95,Month-to-month,DSL,Electronic check,Yes
3845-JHAMY,0.39291464034961515,0,Low Risk,16,35.5,552.7,Month-to-month,DSL,Credit card (automatic),No
7013-PSXHK,0.1298015748643901,0,Low Risk,40,80.75,3208.65,One year,DSL,Mailed check,No
5669-SRAIP,0.5653448687977854,1,Medium Risk,5,39.5,210.75,Month-to-month,DSL,Electronic check,Yes
5981-ITEMU,0.5199784769432578,1,Medium Risk,40,97.1,3706.95,Month-to-month,Fiber optic,Bank transfer (automatic),Yes
3486-NPGST,0.021550516579227748,0,Low Risk,36,19.55,620.75,One year,No,Mailed check,No
6941-PMGEP,0.7219467130630605,1,High Risk,5,80.0,412.5,Month-to-month,Fiber optic,Electronic check,Yes
1624-WOIWJ,0.5098922939645112,1,Medium Risk,10,84.7,832.05,Month-to-month,Fiber optic,Mailed check,Yes
2074-GKOWZ,0.6656624416801219,1,Medium Risk,2,89.55,185.55,Month-to-month,Fiber optic,Bank transfer (automatic),Yes
0376-YMCJC,0.5777233281848051,1,Medium Risk,23,90.6,1943.2,Month-to-month,Fiber optic,Electronic check,Yes
6100-FJZDG,0.039364653681106795,0,Low Risk,26,20.05,505.9,One year,No,Bank transfer (automatic),No
4829-ZLJTK,0.12256107861586105,0,Low Risk,72,112.4,8046.85,Two year,Fiber optic,Electronic check,No
1730-VFMWO,0.08806707428611704,0,Low Risk,34,50.2,1815.3,Month-to-month,DSL,Bank transfer (automatic),No
7143-BQIBA,0.16912849757496035,0,Low Risk,10,62.25,612.95,Month-to-month,DSL,Bank transfer (automatic),No
3800-LYTRK,0.06878211517711157,0,Low Risk,14,55.7,795.15,One year,DSL,Mailed check,No
0634-SZPQA,0.47697206560901617,0,Medium Risk,23,90.05,2169.8,Month-to-month,Fiber optic,Bank transfer (automatic),Yes
9646-NMHXE,0.0074224134527261535,0,Low Risk,47,19.65,973.1,Two year,No,Mailed check,No
7030-NJVDP,0.40973431937898414,0,Medium Risk,24,89.25,2210.2,Month-to-month,Fiber optic,Electronic check,No
5536-RTPWK,0.4282234629844974,0,Medium Risk,49,99.05,4853.75,Month-to-month,Fiber optic,Bank transfer (automatic),Yes
8883-GRDWQ,0.06380450427517498,0,Low Risk,20,54.0,1055.9,One year,DSL,Mailed check,No
6166-ILMNY,0.5154008405596,1,Medium Risk,2,69.75,144.55,Month-to-month,Fiber optic,Bank transfer (automatic),Yes
3097-NNSPB,0.36427264616157756,0,Low Risk,2,49.05,91.1,Month-to-month,DSL,Credit card (automatic),Yes
7771-ZONAT,0.0985740690238549,0,Low Risk,22,56.75,1304.85,Two year,DSL,Bank transfer (automatic),No
0655-RBDUG,0.7313694642523602,1,High Risk,7,98.05,713.0,Month-to-month,Fiber optic,Bank transfer (automatic),Yes
2111-DWYHN,0.19400181347894574,0,Low Risk,1,21.1,21.1,Month-to-month,No,Mailed check,No
4194-WHFCB,0.18652142217800285,0,Low Risk,59,96.65,5580.8,Month-to-month,Fiber optic,Bank transfer (automatic),No
4121-AGSIN,0.012239856768209424,0,Low Risk,58,24.5,1497.9,One year,No,Credit card (automatic),No
4361-BKAXE,0.30043502539475203,0,Low Risk,41,114.5,4527.45,Month-to-month,Fiber optic,Bank transfer (automatic),Yes
9845-PEEKO,0.07319395970690074,0,Low Risk,59,79.2,4590.35,Two year,Fiber optic,Credit card (automatic),No
0455-XFASS,0.6426341518432384,1,Medium Risk,3,69.55,200.2,Month-to-month,Fiber optic,Electronic check,No
0301-KOBTQ,0.019680819536757436,0,Low Risk,32,20.05,614.45,Two year,No,Bank transfer (automatic),No
1751-NCDLI,0.6163453983441561,1,Medium Risk,46,98.85,4564.9,Month-to-month,Fiber optic,Electronic check,No
4367-NUYAO,0.06823873471429923,0,Low Risk,0,25.75,0.0,Two year,No,Mailed check,No
9878-TNQGW,0.7452715212889132,1,High Risk,2,80.95,171.15,Month-to-month,Fiber optic,Electronic check,Yes
9170-ARBTB,0.007717077173026305,0,Low Risk,52,19.6,1012.4,One year,No,Credit card (automatic),No
4441-NIHPT,0.6354405198575314,1,Medium Risk,13,74.3,940.35,Month-to-month,Fiber optic,Electronic check,Yes
8999-BOHSE,0.5958787030234671,1,Medium Risk,11,89.7,1047.7,Month-to-month,Fiber optic,Bank transfer (automatic),Yes
7241-AJHFS,0.20373178793169125,0,Low Risk,32,87.65,2766.4,Month-to-month,Fiber optic,Bank transfer (automatic),No
7029-RPUAV,0.6995444264336165,1,Medium Risk,17,100.45,1622.45,Month-to-month,Fiber optic,Credit card (automatic),Yes
4546-FOKWR,0.5509414352750691,1,Medium Risk,16,74.75,1129.35,Month-to-month,Fiber optic,Credit card (automatic),No
9036-CSKBW,0.1464639308296005,0,Low Risk,51,107.45,5680.9,One year,Fiber optic,Bank transfer (automatic),No
5832-TRLPB,0.13074076089642497,0,Low Risk,29,75.35,2243.9,One year,DSL,Bank transfer (automatic),No
8590-YFFQO,0.003960910950406381,0,Low Risk,70,64.95,4523.25,Two year,DSL,Credit card (automatic),No
8659-IOOPU,0.035520876846914996,0,Low Risk,71,100.45,7159.7,Two year,Fiber optic,Electronic check,No
1338-CECEE,0.06384374621502306,0,Low Risk,41,68.5,2839.95,One year,DSL,Bank transfer (automatic),No
7439-DKZTW,0.750727336945737,1,High Risk,1,80.55,80.55,Month-to-month,Fiber optic,Electronic check,No
4646-QZXTF,0.21854944037493185,0,Low Risk,7,81.25,580.1,Month-to-month,DSL,Bank transfer (automatic),No
4607-CHPCA,0.4225728806099966,0,Medium Risk,25,90.4,2178.6,One year,Fiber optic,Electronic check,Yes
9742-XOKTS,0.044615723057715065,0,Low Risk,67,89.55,6038.55,One year,Fiber optic,Electronic check,No
6921-OZMFH,0.33620353328734465,0,Low Risk,5,55.7,259.4,Month-to-month,DSL,Mailed check,No
9578-FOMUK,0.2106732014601608,0,Low Risk,15,24.8,324.15,Month-to-month,No,Electronic check,No
4712-UYOOI,0.09782101809829635,0,Low Risk,20,20.0,417.65,Month-to-month,No,Electronic check,No
8824-RWFXJ,0.3262196411776083,0,Low Risk,3,56.15,168.15,Month-to-month,DSL,Mailed check,Yes
7722-CVFXN,0.22223551116463736,0,Low Risk,54,105.2,5637.85,One year,Fiber optic,Electronic check,No
8717-VCTXJ,0.02463128150553899,0,Low Risk,42,19.55,839.4,One year,No,Mailed check,No
7363-QTBIW,0.7010176155486402,1,High Risk,9,79.75,769.1,Month-to-month,Fiber optic,Electronic check,No
4159-NAAIX,0.0824573665768283,0,Low Risk,63,97.45,6253.0,Two year,Fiber optic,Bank transfer (automatic),No
0971-QIFJK,0.003379996403765828,0,Low Risk,69,24.25,1641.8,Two year,No,Bank transfer (automatic),No
9397-TZSHA,0.0032553093783023075,0,Low Risk,69,24.6,1678.05,Two year,No,Credit card (automatic),No
3391-JSQEW,0.1271466956471262,0,Low Risk,40,50.15,2058.5,Month-to-month,DSL,Mailed check,No
0343-QLUZP,0.010153242187654177,0,Low Risk,60,39.6,2424.5,Two year,DSL,Bank transfer (automatic),No
9763-PDTKK,0.43825790385478886,0,Medium Risk,4,94.4,387.2,Month-to-month,Fiber optic,Bank transfer (automatic),Yes
2176-LVPNX,0.014345367407735357,0,Low Risk,71,89.85,6293.45,Two year,DSL,Mailed check,No
7627-JKIAZ,0.3777915646210932,0,Low Risk,37,78.95,2839.65,Month-to-month,Fiber optic,Credit card (automatic),Yes
3312-UUMZW,0.5378722641259404,1,Medium Risk,32,98.85,3145.9,Month-to-month,Fiber optic,Credit card (automatic),No
1271-UODNO,0.03971463662984709,0,Low Risk,39,53.85,2200.7,Two year,DSL,Credit card (automatic),No
8461-EFQYM,0.05418619726109712,0,Low Risk,38,24.25,914.4,One year,No,Electronic check,No
6900-RBKER,0.12402919065725793,0,Low Risk,52,89.45,4577.75,Two year,Fiber optic,Credit card (automatic),No
6891-JPYFF,0.2886406054595064,0,Low Risk,48,105.25,4997.5,Month-to-month,Fiber optic,Credit card (automatic),No
1459-QNFQT,0.009373551567347333,0,Low Risk,70,59.5,4144.8,Two year,DSL,Bank transfer (automatic),No
1047-NNCBF,0.3650764094655659,0,Low Risk,20,70.55,1493.55,Month-to-month,Fiber optic,Credit card (automatic),No
3696-XRIEN,0.0624306363390639,0,Low Risk,50,82.5,4179.1,One year,DSL,Credit card (automatic),No
4081-DYXAV,0.31579681409215155,0,Low Risk,19,44.85,893.55,One year,DSL,Credit card (automatic),Yes
0074-HDKDG,0.0631052531589947,0,Low Risk,25,61.6,1611.0,One year,DSL,Bank transfer (automatic),No
8791-GFXLZ,0.28740985757086446,0,Low Risk,12,49.05,593.05,Month-to-month,DSL,Bank transfer (automatic),No
8111-SLLHI,0.6440904307449892,1,Medium Risk,39,105.65,4284.8,Month-to-month,Fiber optic,Electronic check,Yes
0927-LCSMG,0.48522225806239094,0,Medium Risk,7,74.65,544.55,Month-to-month,Fiber optic,Mailed check,Yes
9330-DHBFL,0.049783258828641715,0,Low Risk,23,66.25,1533.8,One year,DSL,Mailed check,No
0098-BOWSO,0.12368498134569511,0,Low Risk,27,19.4,529.8,Month-to-month,No,Electronic check,No
3452-ABWRL,0.41110482995836556,0,Medium Risk,47,86.05,3865.6,Month-to-month,Fiber optic,Credit card (automatic),No
5859-HZYLF,0.020793957538415266,0,Low Risk,26,19.15,515.75,Two year,No,Credit card (automatic),No
8257-RZAHR,0.3364792729709413,0,Low Risk,14,64.7,941.0,Month-to-month,DSL,Bank transfer (automatic),Yes
5293-WXJAK,0.6597707403149677,1,Medium Risk,11,104.05,1133.65,Month-to-month,Fiber optic,Bank transfer (automatic),Yes
3156-QLHBO,0.1549288666896372,0,Low Risk,2,19.25,48.35,Month-to-month,No,Mailed check,No
2208-NQBCT,0.24288424136258965,0,Low Risk,26,81.95,2070.05,Month-to-month,Fiber optic,Electronic check,No
1779-PWPMG,0.06448530210121156,0,Low Risk,72,114.65,8333.95,Two year,Fiber optic,Bank transfer (automatic),No
6621-NRZAK,0.0024334114915484212,0,Low Risk,63,20.0,1209.25,Two year,No,Credit card (automatic),No
0831-JNISG,0.0018806873721924488,0,Low Risk,71,19.8,1396.25,Two year,No,Mailed check,No
0774-IFUVM,0.3144124951409295,0,Low Risk,11,65.15,723.35,Month-to-month,DSL,Bank transfer (automatic),No
3082-WQRVY,0.07111353615563881,0,Low Risk,14,19.65,228.65,One year,No,Mailed check,No
9553-DLCLU,0.05075589167768328,0,Low Risk,13,88.95,1161.75,Two year,DSL,Credit card (automatic),No
1641-BYBTK,0.17983766665032921,0,Low Risk,6,20.2,98.35,Month-to-month,No,Mailed check,No
2460-NGXBJ,0.585055069173571,1,Medium Risk,11,75.2,775.3,Month-to-month,Fiber optic,Credit card (automatic),No
2446-ZKVAF,0.2313403297010981,0,Low Risk,18,56.8,1074.65,Month-to-month,DSL,Credit card (automatic),No
0841-NULXI,0.7051606903967236,1,High Risk,1,35.55,35.55,Month-to-month,DSL,Electronic check,Yes
3522-CDKHF,0.26841144050088234,0,Low Risk,32,75.5,2324.7,Month-to-month,Fiber optic,Bank transfer (automatic),No
1430-SFQSA,0.060199880385848364,0,Low Risk,29,35.6,1072.6,One year,DSL,Mailed check,No
0411-EZJZE,0.6245854937555497,1,Medium Risk,3,60.25,170.5,Month-to-month,DSL,Electronic check,No
7851-WZEKY,0.8256495455645347,1,High Risk,2,95.15,196.9,Month-to-month,Fiber optic,Electronic check,Yes
8844-TONUD,0.5929420017643934,1,Medium Risk,13,96.65,1162.85,Month-to-month,Fiber optic,Mailed check,Yes
8807-ARQET,0.26527274403598583,0,Low Risk,41,40.35,1677.85,Month-to-month,DSL,Electronic check,No
8992-CEUEN,0.24613578873147837,0,Low Risk,1,18.85,18.85,Month-to-month,No,Electronic check,No
4320-QMLLA,0.3501863635342842,0,Low Risk,7,54.85,370.4,Month-to-month,DSL,Mailed check,No
8777-PVYGU,0.0471356026866611,0,Low Risk,52,64.3,3410.6,One year,DSL,Mailed check,No
8292-ITGYJ,0.012094047784529691,0,Low Risk,45,24.65,1138.8,Two year,No,Bank transfer (automatic),No
6870-ZWMNX,0.011902136914102428,0,Low Risk,70,76.1,5264.25,Two year,DSL,Credit card (automatic),No
0621-CXBKL,0.005253445387606909,0,Low Risk,53,18.7,1005.7,Two year,No,Mailed check,No
5268-DSMNQ,0.17626879746041815,0,Low Risk,62,97.95,5936.55,One year,Fiber optic,Credit card (automatic),No
5334-JLAXU,0.19779858308772658,0,Low Risk,60,94.1,5475.9,Month-to-month,Fiber optic,Credit card (automatic),No
4086-YQSNZ,0.765001479532387,1,High Risk,3,80.4,224.05,Month-to-month,Fiber optic,Electronic check,Yes
6242-MBHPK,0.6078251160685612,1,Medium Risk,23,95.1,2326.05,Month-to-month,Fiber optic,Electronic check,No
5868-CZJDR,0.4812567158045149,0,Medium Risk,1,31.35,31.35,Month-to-month,DSL,Mailed check,Yes
9359-UGBTK,0.020511452363270278,0,Low Risk,67,72.35,4991.5,One year,DSL,Bank transfer (automatic),No
0135-NMXAP,0.6119420555489788,1,Medium Risk,12,89.75,1052.4,Month-to-month,Fiber optic,Bank transfer (automatic),Yes
4782-OSFXZ,0.014399481118380396,0,Low Risk,71,82.7,5831.2,Two year,DSL,Bank transfer (automatic),No
6479-OAUSD,0.034282176963616184,0,Low Risk,25,19.9,510.8,One year,No,Credit card (automatic),No
7129-ACFOG,0.4481121551689983,0,Medium Risk,5,53.8,283.95,Month-to-month,DSL,Electronic check,No
4189-NAKJS,0.1527411300218232,0,Low Risk,26,51.55,1295.4,One year,DSL,Credit card (automatic),No
5562-BETPV,0.08990847018205086,0,Low Risk,1,19.65,19.65,One year,No,Mailed check,No
1282-IHQAC,0.039556260613523374,0,Low Risk,70,44.05,3011.65,One year,DSL,Credit card (automatic),No
9127-FHJBZ,0.06335426091878489,0,Low Risk,72,114.0,8093.15,Two year,Fiber optic,Electronic check,No
6270-OMFIW,0.22238919064806925,0,Low Risk,60,94.4,5610.25,One year,Fiber optic,Electronic check,Yes
1641-RQDAY,0.6210659467540459,1,Medium Risk,32,100.4,3217.65,Month-to-month,Fiber optic,Electronic check,No
0107-WESLM,0.32707897620755483,0,Low Risk,1,19.85,19.85,Month-to-month,No,Electronic check,Yes
6994-ORCWG,0.2104449007098422,0,Low Risk,14,54.25,773.2,One year,DSL,Mailed check,No
1346-UFHAX,0.477467850547945,0,Medium Risk,13,80.0,1029.35,Month-to-month,Fiber optic,Credit card (automatic),No
3992-YWPKO,0.6069664309812106,1,Medium Risk,6,109.9,669.45,Month-to-month,Fiber optic,Credit card (automatic),Yes
2933-XEUJM,0.04007379445084195,0,Low Risk,46,79.2,3593.8,Two year,DSL,Mailed check,No
0125-LZQXK,0.6272624968988022,1,Medium Risk,15,101.35,1553.95,Month-to-month,Fiber optic,Electronic check,Yes
5461-QKNTN,0.4380789462631344,0,Medium Risk,43,94.3,3953.15,Month-to-month,Fiber optic,Electronic check,No
4835-YSJMR,0.029343336558966603,0,Low Risk,39,49.8,1971.15,Two year,DSL,Bank transfer (automatic),No
8399-YNDCH,0.32648592789764963,0,Low Risk,21,60.05,1236.15,Month-to-month,DSL,Bank transfer (automatic),Yes
3164-YAXFY,0.17630475474230778,0,Low Risk,57,53.75,3196.0,Month-to-month,DSL,Electronic check,No
0887-WBJVH,0.2155883742081374,0,Low Risk,53,93.45,4872.2,One year,Fiber optic,Electronic check,No
4660-IRIBM,0.39053349883185495,0,Low Risk,18,87.9,1500.5,Month-to-month,Fiber optic,Mailed check,No
5673-FSSMF,0.6427513716598109,1,Medium Risk,1,60.15,60.15,Month-to-month,DSL,Electronic check,Yes
7670-ZBPOQ,0.025741511715690037,0,Low Risk,58,61.05,3478.75,One year,DSL,Bank transfer (automatic),No
8089-UZWLX,0.09496065730465893,0,Low Risk,71,104.05,7413.55,Two year,Fiber optic,Bank transfer (automatic),No
0080-OROZO,0.32210244248161485,0,Low Risk,35,99.25,3532.0,One year,Fiber optic,Electronic check,No
3916-NRPAP,0.5497705762600765,1,Medium Risk,3,85.7,256.75,Month-to-month,Fiber optic,Credit card (automatic),No
6807-SIWJI,0.33463772076893933,0,Low Risk,38,104.85,3887.25,One year,Fiber optic,Electronic check,No
8221-HVAYI,0.022709589557395705,0,Low Risk,35,69.15,2490.15,Two year,DSL,Credit card (automatic),No
1579-KLYDT,0.7602822497269357,1,High Risk,7,90.45,593.45,Month-to-month,Fiber optic,Electronic check,Yes
5232-NXPAY,0.029662062930526693,0,Low Risk,47,74.45,3510.3,Two year,DSL,Mailed check,No
8967-SZQAS,0.27443570661059563,0,Low Risk,14,50.45,765.45,Month-to-month,DSL,Electronic check,No
4468-KAZHE,0.3996137105948947,0,Low Risk,20,60.0,1259.35,Month-to-month,DSL,Electronic check,No
0455-ENTCR,0.020049166778892104,0,Low Risk,66,85.25,5538.35,Two year,DSL,Electronic check,No
8944-AILEF,0.14456287589621555,0,Low Risk,15,19.45,340.85,Month-to-month,No,Credit card (automatic),No
5542-NKVRU,0.012172298605411616,0,Low Risk,42,20.75,844.45,Two year,No,Bank transfer (automatic),No
7126-RBHSD,0.46108862525902256,0,Medium Risk,17,78.9,1348.95,Month-to-month,Fiber optic,Electronic check,No
5370-IIVVL,0.2615528151365246,0,Low Risk,37,104.5,3778.0,One year,Fiber optic,Credit card (automatic),No
6789-HJBWG,0.3704349013211863,0,Low Risk,12,49.4,611.65,Month-to-month,DSL,Electronic check,No
3927-NLNRY,0.1880194664614608,0,Low Risk,53,94.25,4867.95,One year,Fiber optic,Bank transfer (automatic),Yes
9087-EYCPR,0.005477148318797867,0,Low Risk,60,25.0,1505.05,Two year,No,Mailed check,No
6791-YBNAK,0.24443193280390224,0,Low Risk,18,25.55,467.85,Month-to-month,DSL,Credit card (automatic),No
6358-LYNGM,0.7636286042757786,1,High Risk,1,74.9,74.9,Month-to-month,Fiber optic,Electronic check,Yes
6077-BDPXA,0.6881896761034947,1,Medium Risk,3,70.15,194.2,Month-to-month,Fiber optic,Electronic check,No
0013-MHZWF,0.3086600356159295,0,Low Risk,9,69.4,571.45,Month-to-month,DSL,Credit card (automatic),No
5494-HECPR,0.7466591873502203,1,High Risk,1,80.25,80.25,Month-to-month,Fiber optic,Electronic check,Yes
8268-YDIXR,0.14904996601031373,0,Low Risk,56,93.15,5253.95,One year,Fiber optic,Electronic check,No
9824-BEMCV,0.5272574989851528,1,Medium Risk,17,69.0,1149.65,Month-to-month,Fiber optic,Electronic check,Yes
1373-ORVIZ,0.4121323986003472,0,Medium Risk,11,66.35,740.8,Month-to-month,DSL,Electronic check,Yes
4291-SHSBH,0.6646390404101122,1,Medium Risk,7,69.55,521.35,Month-to-month,Fiber optic,Electronic check,No
6980-IMXXE,0.001921605149281606,0,Low Risk,69,20.2,1412.65,Two year,No,Bank transfer (automatic),No
9866-QEVEE,0.6010309244673807,1,Medium Risk,19,86.0,1532.45,Month-to-month,Fiber optic,Bank transfer (automatic),Yes
9897-KXHCM,0.6927317075538513,1,Medium Risk,3,80.3,250.05,Month-to-month,Fiber optic,Electronic check,Yes
0040-HALCW,0.0038641160023061903,0,Low Risk,54,20.4,1090.6,Two year,No,Credit card (automatic),No
0784-GTUUK,0.012536504079242151,0,Low Risk,62,23.75,1446.8,One year,No,Credit card (automatic),No
7979-CORPM,0.5313276275160077,1,Medium Risk,24,90.55,2282.55,Month-to-month,Fiber optic,Credit card (automatic),Yes
2294-DMMUS,0.12184518201068065,0,Low Risk,62,70.45,4300.45,Month-to-month,DSL,Credit card (automatic),No
0872-JCPIB,0.23747173572586439,0,Low Risk,17,65.75,1111.2,Month-to-month,DSL,Bank transfer (automatic),No
3055-MJDSB,0.4872626488523899,0,Medium Risk,9,24.6,190.1,Month-to-month,DSL,Mailed check,No
9091-WTUUY,0.0068811784716744945,0,Low Risk,64,69.25,4447.75,Two year,DSL,Mailed check,No
1618-CFHME,0.7533186069074881,1,High Risk,2,75.9,143.35,Month-to-month,Fiber optic,Electronic check,Yes
3165-HDOEW,0.3949970642206839,0,Low Risk,1,45.85,45.85,Month-to-month,DSL,Mailed check,Yes
6581-NQCBA,0.5265845809653815,1,Medium Risk,16,49.95,810.2,Month-to-month,DSL,Electronic check,Yes
7115-IRDHS,0.0030277406613822403,0,Low Risk,72,24.65,1830.05,Two year,No,Bank transfer (automatic),No
8496-DMZUK,0.14521766699536107,0,Low Risk,30,90.4,2820.65,One year,Fiber optic,Bank transfer (automatic),No
2040-VZIKE,0.37924588379126617,0,Low Risk,49,100.85,4847.35,Month-to-month,Fiber optic,Mailed check,No
9068-VPWQQ,0.01303208402986138,0,Low Risk,61,75.35,4729.3,Two year,DSL,Credit card (automatic),No
0178-SZBHO,0.307333966521439,0,Low Risk,47,87.2,4017.45,Month-to-month,Fiber optic,Electronic check,No
0384-RVBPI,0.16652861437583583,0,Low Risk,20,64.4,1398.6,Month-to-month,DSL,Credit card (automatic),No
1689-MRZQR,0.3554187163993036,0,Low Risk,34,78.3,2564.3,Month-to-month,Fiber optic,Electronic check,Yes
1299-AURJA,0.0025905888592685764,0,Low Risk,70,24.7,1685.9,Two year,No,Bank transfer (automatic),No
4525-VZCZG,0.12598834537647993,0,Low Risk,54,105.85,5826.65,One year,Fiber optic,Electronic check,No
1543-LLLFT,0.15103085592872903,0,Low Risk,61,98.3,6066.55,One year,Fiber optic,Mailed check,No
5835-BEQEU,0.7515689629373943,1,High Risk,3,76.95,228.4,Month-to-month,Fiber optic,Electronic check,Yes
2788-CJQAQ,0.06442193731059584,0,Low Risk,13,19.45,270.2,One year,No,Mailed check,No
5565-FILXA,0.7859464367204797,1,High Risk,16,96.15,1529.2,Month-to-month,Fiber optic,Electronic check,Yes
0319-QZTCO,0.35806749415354855,0,Low Risk,3,58.7,168.6,Month-to-month,DSL,Credit card (automatic),No
2120-SMPEX,0.10163164569010939,0,Low Risk,25,20.15,536.35,Month-to-month,No,Mailed check,No
0096-FCPUF,0.22892666629311603,0,Low Risk,30,64.5,1888.45,Month-to-month,DSL,Mailed check,No
0668-OGMHD,0.2595161611732677,0,Low Risk,21,28.5,629.35,Month-to-month,DSL,Electronic check,No
5552-ZNFSJ,0.4332928773144622,0,Medium Risk,1,45.3,45.3,Month-to-month,DSL,Electronic check,Yes
2223-KAGMX,0.10156313087449897,0,Low Risk,15,19.4,289.3,Month-to-month,No,Bank transfer (automatic),Yes
6507-ZJSUR,0.6974898025526332,1,Medium Risk,23,90.45,2117.25,Month-to-month,Fiber optic,Electronic check,No
9408-HRXRK,0.40390150497874067,0,Medium Risk,45,105.15,4730.9,Month-to-month,Fiber optic,Electronic check,No
5593-SUAOO,0.18932298746969692,0,Low Risk,24,83.15,2033.05,One year,Fiber optic,Bank transfer (automatic),No
7321-PKUYW,0.5765424932544153,1,Medium Risk,11,90.15,987.95,Month-to-month,Fiber optic,Electronic check,Yes
2833-SLKDQ,0.3550956253243281,0,Low Risk,1,45.05,45.05,Month-to-month,DSL,Mailed check,Yes
6766-HFKLA,0.08349965878238573,0,Low Risk,56,103.2,5744.35,Two year,Fiber optic,Bank transfer (automatic),No
7595-EUIVN,0.5774704091977741,1,Medium Risk,1,75.8,75.8,Month-to-month,Fiber optic,Electronic check,Yes
7617-EYGLW,0.25021531505765415,0,Low Risk,1,19.45,19.45,Month-to-month,No,Electronic check,No
2026-TGDHM,0.7060579386902848,1,High Risk,7,79.3,523.15,Month-to-month,Fiber optic,Electronic check,Yes
9220-ZNKJI,0.049668886318699056,0,Low Risk,55,88.8,4805.3,Two year,Fiber optic,Credit card (automatic),No
4030-VPZBD,0.5521479372759032,1,Medium Risk,2,30.9,59.05,Month-to-month,DSL,Electronic check,Yes
2226-ICFDO,0.014482101441002673,0,Low Risk,72,85.9,6110.75,Two year,DSL,Credit card (automatic),No
0723-VSOBE,0.12134977509412359,0,Low Risk,45,34.2,1596.6,One year,DSL,Electronic check,No
5529-GIBVH,0.007258083024985966,0,Low Risk,47,20.15,1046.2,Two year,No,Mailed check,No
4187-CINZD,0.1823849573407012,0,Low Risk,46,95.25,4424.2,One year,Fiber optic,Credit card (automatic),Yes
9992-UJOEL,0.39152706142861954,0,Low Risk,2,50.3,92.75,Month-to-month,DSL,Mailed check,No
4741-WWJQZ,0.5137232657882653,1,Medium Risk,2,80.15,194.55,Month-to-month,Fiber optic,Electronic check,No
6625-UTXEW,0.37527275013751094,0,Low Risk,12,51.25,612.1,Month-to-month,DSL,Electronic check,No
6818-WOBHJ,0.2584228770341433,0,Low Risk,68,89.6,6127.6,Month-to-month,Fiber optic,Bank transfer (automatic),Yes
6244-BESBM,0.05013929265154647,0,Low Risk,69,95.2,6671.7,Two year,Fiber optic,Credit card (automatic),No
1004-NOZNR,0.0937473727880239,0,Low Risk,56,94.8,5264.3,One year,Fiber optic,Credit card (automatic),No
1251-STYSZ,0.6840934327498633,1,Medium Risk,4,80.25,303.7,Month-to-month,Fiber optic,Electronic check,No
2612-PHGOX,0.02163017779290305,0,Low Risk,64,76.1,4818.8,Two year,DSL,Bank transfer (automatic),No
2408-TZMJL,0.23511246337745445,0,Low Risk,59,110.15,6448.05,One year,Fiber optic,Electronic check,Yes
8480-PPONV,0.040322048055976584,0,Low Risk,62,115.55,7159.05,Two year,Fiber optic,Bank transfer (automatic),No
8780-IHCRN,0.003611538244466595,0,Low Risk,63,24.65,1574.5,Two year,No,Credit card (automatic),No
4598-ZADCK,0.05267579462942644,0,Low Risk,53,53.6,2879.2,One year,DSL,Electronic check,No
1257-SXUXQ,0.1388728142174175,0,Low Risk,5,19.45,86.05,Month-to-month,No,Mailed check,No
9681-KYGYB,0.30652658310467956,0,Low Risk,49,88.2,4159.45,Month-to-month,Fiber optic,Electronic check,No
7182-OVLBJ,0.08804602478158703,0,Low Risk,62,101.15,6638.35,Two year,Fiber optic,Bank transfer (automatic),No
5095-ETBRJ,0.006861791478623539,0,Low Risk,55,56.8,3112.05,Two year,DSL,Mailed check,No
7005-CYUIL,0.0467801102882652,0,Low Risk,71,99.4,7168.25,Two year,Fiber optic,Electronic check,No
4821-WQOYN,0.002276283432184924,0,Low Risk,72,20.1,1326.25,Two year,No,Credit card (automatic),No
4730-AWNAU,0.060309686163482146,0,Low Risk,36,60.7,2234.55,One year,DSL,Credit card (automatic),No
3452-FLHYD,0.05122533636205475,0,Low Risk,25,20.95,495.15,One year,No,Bank transfer (automatic),No
2388-LAESQ,0.06425366995612772,0,Low Risk,72,114.85,8317.95,Two year,Fiber optic,Bank transfer (automatic),No
9531-NSBMR,0.029553397192268033,0,Low Risk,36,19.25,679.8,One year,No,Bank transfer (automatic),No
6260-ONULR,0.5518166211790675,1,Medium Risk,1,62.8,62.8,Month-to-month,DSL,Mailed check,No
4389-UEFCZ,0.11269918251291337,0,Low Risk,72,105.5,7544.0,Two year,Fiber optic,Electronic check,No
8711-LOBKY,0.0033453458621224975,0,Low Risk,59,19.85,1188.25,Two year,No,Mailed check,No
9134-CEQMF,0.7886651086490662,1,High Risk,7,89.5,676.7,Month-to-month,Fiber optic,Electronic check,Yes
8985-OOPOS,0.19955459190690994,0,Low Risk,1,74.1,74.1,One year,DSL,Credit card (automatic),No
8800-ZKRFW,0.5069218149275345,1,Medium Risk,30,107.5,3242.5,Month-to-month,Fiber optic,Electronic check,No
2616-FLVQC,0.0032039097189616368,0,Low Risk,64,19.55,1240.15,Two year,No,Mailed check,No
9968-FFVVH,0.012883778380388839,0,Low Risk,63,68.8,4111.35,One year,DSL,Bank transfer (automatic),No
3108-PCCGG,0.017108499624993518,0,Low Risk,72,84.45,5899.85,Two year,DSL,Credit card (automatic),No
7993-PYKOF,0.4690514951103812,0,Medium Risk,8,75.0,632.95,Month-to-month,Fiber optic,Electronic check,Yes
8390-FESFV,0.021487796148144573,0,Low Risk,62,84.5,5193.2,Two year,DSL,Bank transfer (automatic),No
3022-BEXHZ,0.07334610848162562,0,Low Risk,67,111.2,7530.8,Two year,Fiber optic,Bank transfer (automatic),No
5027-XWQHA,0.38345100061404097,0,Low Risk,6,44.75,270.95,Month-to-month,DSL,Electronic check,Yes
6248-TKCQV,0.014715050947000242,0,Low Risk,70,80.6,5460.2,Two year,DSL,Bank transfer (automatic),No
6729-GDNGC,0.4610928893531383,0,Medium Risk,20,80.7,1614.2,Month-to-month,Fiber optic,Bank transfer (automatic),No
6198-ZFIOJ,0.656427062996278,1,Medium Risk,5,75.6,402.5,Month-to-month,Fiber optic,Electronic check,No
5989-OMNJE,0.1504417330234879,0,Low Risk,24,57.6,1367.75,One year,DSL,Electronic check,No
4566-QVRRW,0.42291365127591596,0,Medium Risk,11,44.05,483.7,Month-to-month,DSL,Electronic check,Yes
1291-CUOCY,0.07629322810644767,0,Low Risk,72,110.6,7962.2,Two year,Fiber optic,Credit card (automatic),No
9795-SHUHB,0.004864163989827072,0,Low Risk,66,58.2,3810.8,Two year,DSL,Credit card (automatic),No
3230-IUALN,0.025733364616173322,0,Low Risk,45,81.0,3533.6,Two year,DSL,Mailed check,No
0042-RLHYP,0.0019136104926763598,0,Low Risk,69,19.7,1396.9,Two year,No,Bank transfer (automatic),No
8519-IMDHU,0.6773197388948716,1,Medium Risk,15,85.6,1345.55,Month-to-month,Fiber optic,Bank transfer (automatic),Yes
4945-RVMTE,0.23864442439282935,0,Low Risk,28,59.55,1646.45,Month-to-month,DSL,Bank transfer (automatic),No
0201-OAMXR,0.07175260948281426,0,Low Risk,70,115.55,8127.6,One year,Fiber optic,Credit card (automatic),Yes
1866-NXPSP,0.0508018907695655,0,Low Risk,36,75.55,2680.15,One year,DSL,Mailed check,No
3372-KWFBM,0.7403019936406817,1,High Risk,16,86.6,1281.0,Month-to-month,Fiber optic,Electronic check,Yes
7831-QGOXH,0.6982652812617852,1,Medium Risk,18,85.2,1553.9,Month-to-month,Fiber optic,Electronic check,Yes
6393-WRYZE,0.6556525461148696,1,Medium Risk,34,97.65,3207.55,Month-to-month,Fiber optic,Electronic check,Yes
3941-XTSKM,0.08995665387440872,0,Low Risk,42,45.1,2049.05,One year,DSL,Credit card (automatic),No
1661-CZBAU,0.05431087319396799,0,Low Risk,48,70.95,3629.2,One year,DSL,Bank transfer (automatic),No
6599-RCLCJ,0.462700459833546,0,Medium Risk,47,109.55,5124.55,Month-to-month,Fiber optic,Electronic check,Yes
9831-BPFRI,0.18322465918541547,0,Low Risk,39,89.55,3474.45,One year,Fiber optic,Electronic check,Yes
5158-RIVOP,0.028203562796165,0,Low Risk,11,20.9,202.3,Two year,No,Credit card (automatic),No
9788-YTFGE,0.20878083627408167,0,Low Risk,7,19.95,147.5,Month-to-month,No,Mailed check,No
9277-JOOMO,0.2225927665637111,0,Low Risk,3,24.6,86.35,Month-to-month,No,Mailed check,No
1907-YLNYW,0.4047298255461316,0,Medium Risk,8,66.7,579.0,Month-to-month,DSL,Electronic check,No
1725-MIMXW,0.21833851795640716,0,Low Risk,1,19.45,19.45,Month-to-month,No,Mailed check,Yes
8947-YRTDV,0.11796706190270362,0,Low Risk,32,94.8,3131.55,One year,Fiber optic,Mailed check,No
3161-ONRWK,0.012862281067076903,0,Low Risk,60,65.85,3928.3,One year,DSL,Bank transfer (automatic),No
0114-RSRRW,0.1754443460094659,0,Low Risk,10,19.95,187.75,Month-to-month,No,Bank transfer (automatic),No
4565-NLZBV,0.004503208666026699,0,Low Risk,71,24.65,1710.15,Two year,No,Bank transfer (automatic),No
0031-PVLZI,0.14239300159551493,0,Low Risk,4,20.35,76.35,Month-to-month,No,Mailed check,Yes
7206-GZCDC,0.7338195922717301,1,High Risk,1,69.25,69.25,Month-to-month,Fiber optic,Electronic check,Yes
6682-VCIXC,0.043146771126960935,0,Low Risk,43,51.25,2151.6,One year,DSL,Bank transfer (automatic),No
4791-QRGMF,0.25199208497075665,0,Low Risk,59,99.5,5961.1,One year,Fiber optic,Bank transfer (automatic),Yes
6475-VHUIZ,0.1737331143033423,0,Low Risk,23,54.25,1221.55,Month-to-month,DSL,Electronic check,No
3910-MRQOY,0.002099289359834838,0,Low Risk,72,19.4,1496.45,Two year,No,Bank transfer (automatic),No
0661-WCQNQ,0.07054544274191767,0,Low Risk,22,56.25,1292.2,One year,DSL,Credit card (automatic),No
7537-RBWEA,0.5760018963857516,1,Medium Risk,1,25.15,25.15,Month-to-month,DSL,Mailed check,No
4656-CAURT,0.0034456728002174807,0,Low Risk,69,23.95,1713.1,Two year,No,Bank transfer (automatic),No
0121-SNYRK,0.035381741375831305,0,Low Risk,50,35.4,1748.9,One year,DSL,Mailed check,No
1768-ZAIFU,0.6864420785912958,1,Medium Risk,1,25.2,25.2,Month-to-month,DSL,Electronic check,Yes
4671-LXRDQ,0.4351879422211118,0,Medium Risk,2,45.0,96.45,Month-to-month,DSL,Mailed check,Yes
3733-LSYCE,0.3683741915856097,0,Low Risk,15,75.35,1114.55,Month-to-month,Fiber optic,Bank transfer (automatic),No
6265-FRMTQ,0.014305918883096912,0,Low Risk,31,20.4,609.1,Two year,No,Bank transfer (automatic),No
1934-SJVJK,0.19388171631531537,0,Low Risk,1,20.15,20.15,Month-to-month,No,Mailed check,Yes
3838-OZURD,0.3344829378537555,0,Low Risk,66,105.0,7133.25,Month-to-month,Fiber optic,Credit card (automatic),Yes
1371-DWPAZ,0.07883389557502622,0,Low Risk,0,56.05,0.0,Two year,DSL,Credit card (automatic),No
9269-CQOOL,0.40090043540708004,0,Medium Risk,3,54.7,169.45,Month-to-month,DSL,Credit card (automatic),Yes
2017-CCBLH,0.04316790692419493,0,Low Risk,8,20.0,141.6,Two year,No,Mailed check,No
7690-KPNCU,0.03216806105427403,0,Low Risk,64,73.05,4688.65,One year,DSL,Credit card (automatic),No
0536-BGFMZ,0.0625506997532459,0,Low Risk,28,20.5,563.05,Month-to-month,No,Mailed check,No
2293-IJWPS,0.26399380184093896,0,Low Risk,57,100.75,5985.0,One year,Fiber optic,Credit card (automatic),No
2845-HSJCY,0.6734005820452448,1,Medium Risk,14,87.25,1258.6,Month-to-month,Fiber optic,Electronic check,Yes
5469-NUJUR,0.03840068218993879,0,Low Risk,19,19.95,373.5,Two year,No,Mailed check,No
1184-PJVDB,0.69893118570676,1,Medium Risk,10,79.95,857.2,Month-to-month,Fiber optic,Electronic check,Yes
2625-TRCZQ,0.2507730807114436,0,Low Risk,51,49.65,2553.35,Month-to-month,DSL,Electronic check,No
4102-HLENU,0.009182842726254666,0,Low Risk,67,65.65,4322.85,Two year,DSL,Mailed check,No
7266-GSSJX,0.1987729219704639,0,Low Risk,11,20.45,250.8,Month-to-month,No,Electronic check,No
7722-VJRQD,0.009336645309566382,0,Low Risk,72,60.95,4549.05,Two year,DSL,Bank transfer (automatic),No
7073-QETQY,0.009145919887509438,0,Low Risk,66,20.35,1359.5,One year,No,Electronic check,No
9415-DPEWS,0.6171861887582869,1,Medium Risk,18,88.35,1639.3,Month-to-month,Fiber optic,Electronic check,Yes
5624-RYAMH,0.24547611407698572,0,Low Risk,9,19.5,178.85,Month-to-month,No,Electronic check,No
0196-JTUQI,0.610392459304058,1,Medium Risk,9,75.2,633.85,Month-to-month,Fiber optic,Credit card (automatic),No
7130-YXBRO,0.35579694957940955,0,Low Risk,48,111.45,5315.1,Month-to-month,Fiber optic,Bank transfer (automatic),No
9272-LSVYH,0.46912596830965203,0,Medium Risk,10,70.15,735.5,Month-to-month,Fiber optic,Mailed check,No
7943-RQCHR,0.7956791400747592,1,High Risk,9,94.75,889.9,Month-to-month,Fiber optic,Electronic check,Yes
3793-MMFUH,0.8018784161020639,1,High Risk,13,95.05,1290.0,Month-to-month,Fiber optic,Electronic check,Yes
3249-ZPQRG,0.6277620638094562,1,Medium Risk,4,78.45,330.05,Month-to-month,Fiber optic,Electronic check,Yes
2568-BRGYX,0.6838448088245676,1,Medium Risk,4,70.2,237.95,Month-to-month,Fiber optic,Electronic check,Yes
3084-DOWLE,0.011751614549393101,0,Low Risk,72,92.0,6474.4,Two year,DSL,Bank transfer (automatic),No
1084-MNSMJ,0.012401598321737102,0,Low Risk,51,85.5,4421.95,Two year,DSL,Credit card (automatic),No
7721-JXEAW,0.1068613884660862,0,Low Risk,59,41.05,2452.7,Month-to-month,DSL,Bank transfer (automatic),Yes
7249-WBIYX,0.7533075945260554,1,High Risk,10,85.6,813.85,Month-to-month,Fiber optic,Electronic check,Yes
4238-HFHSN,0.31298960912567664,0,Low Risk,61,82.15,4904.85,Month-to-month,Fiber optic,Electronic check,No
6250-CGGUN,0.0622891606864933,0,Low Risk,54,84.4,4484.05,One year,Fiber optic,Electronic check,No
5478-JJVZK,0.1481733377731413,0,Low Risk,33,60.9,2033.85,Month-to-month,DSL,Mailed check,No
7596-IIWYC,0.02445046604455405,0,Low Risk,27,20.25,538.2,Two year,No,Bank transfer (automatic),No
6567-HOOPW,0.7736532031807484,1,High Risk,1,79.2,79.2,Month-to-month,Fiber optic,Electronic check,Yes
9793-WECQC,0.45071026842680634,0,Medium Risk,23,95.3,2192.9,Month-to-month,Fiber optic,Mailed check,No
4291-HPAXL,0.1610054375636546,0,Low Risk,1,19.85,19.85,Month-to-month,No,Mailed check,No
8999-YPYBV,0.02383184588186431,0,Low Risk,45,84.35,3858.05,Two year,DSL,Mailed check,No
1839-FBNFR,0.011622936522054785,0,Low Risk,39,19.85,854.8,Two year,No,Bank transfer (automatic),No
3164-AALRN,0.3410809348529302,0,Low Risk,5,70.0,347.4,One year,DSL,Mailed check,Yes
3071-MVJCD,0.006611023615653788,0,Low Risk,72,82.3,5815.15,Two year,DSL,Bank transfer (automatic),No
1697-BCSHV,0.09869521359525707,0,Low Risk,58,66.8,3970.4,Month-to-month,DSL,Bank transfer (automatic),No
0562-KBDVM,0.006866540321289176,0,Low Risk,70,44.6,3058.15,Two year,DSL,Bank transfer (automatic),No
1131-SUEKT,0.10213943998403636,0,Low Risk,61,98.45,6145.2,One year,Fiber optic,Bank transfer (automatic),No
3717-OEAUQ,0.5364057140467762,1,Medium Risk,2,70.7,129.2,Month-to-month,Fiber optic,Mailed check,No
4538-WNTMJ,0.01589031174819398,0,Low Risk,46,24.95,1165.9,One year,No,Mailed check,No
3334-CTHOL,0.4942779700380341,0,Medium Risk,1,49.95,49.95,Month-to-month,DSL,Bank transfer (automatic),Yes
4704-ERYFC,0.5377930694573774,1,Medium Risk,22,69.25,1554.0,Month-to-month,Fiber optic,Electronic check,Yes
9432-RUVSL,0.07125022164182719,0,Low Risk,48,102.5,4904.25,Two year,Fiber optic,Credit card (automatic),No
8060-HIWJJ,0.02146846680179508,0,Low Risk,64,86.55,5632.55,Two year,DSL,Credit card (automatic),No
7684-XSZIY,0.0023582421560742247,0,Low Risk,72,24.3,1643.25,Two year,No,Bank transfer (automatic),No
9089-UOWJG,0.3143606918097993,0,Low Risk,12,58.35,740.55,Month-to-month,DSL,Credit card (automatic),No
8621-MNIHH,0.588179831940627,1,Medium Risk,34,94.25,3217.55,Month-to-month,Fiber optic,Electronic check,Yes
8039-ACLPL,0.005516087700713242,0,Low Risk,72,68.75,4888.2,Two year,DSL,Credit card (automatic),No
9885-AIBVB,0.5214930562103276,1,Medium Risk,29,85.8,2440.25,Month-to-month,Fiber optic,Electronic check,No
1934-MKPXS,0.019148351948479827,0,Low Risk,33,20.1,620.55,One year,No,Credit card (automatic),No
2592-YKDIF,0.19058709333543292,0,Low Risk,1,20.35,20.35,Month-to-month,No,Mailed check,No
2272-JKMSI,0.19147230789867087,0,Low Risk,62,110.8,6840.95,One year,Fiber optic,Electronic check,No
0471-LVHGK,0.22141125339187484,0,Low Risk,41,73.0,3001.2,One year,DSL,Electronic check,Yes
9518-RWHZL,0.20661273008995543,0,Low Risk,64,100.05,6254.2,One year,Fiber optic,Credit card (automatic),Yes
8714-CTZJW,0.6261242541689293,1,Medium Risk,4,82.85,319.6,Month-to-month,Fiber optic,Credit card (automatic),No
3569-EDBPQ,0.40080071907598225,0,Medium Risk,24,84.35,1938.05,Month-to-month,Fiber optic,Electronic check,No
3131-NWVFJ,0.04976364485184806,0,Low Risk,14,19.55,294.5,One year,No,Mailed check,No
7521-YXVZY,0.14855206509699398,0,Low Risk,3,19.95,58.3,Month-to-month,No,Mailed check,No
5419-CONWX,0.6746603471242087,1,Medium Risk,4,99.8,442.85,Month-to-month,Fiber optic,Credit card (automatic),Yes
6240-EURKS,0.4655386619021675,0,Medium Risk,18,35.0,553.0,Month-to-month,DSL,Electronic check,Yes
2373-NTKOD,0.5722085438411239,1,Medium Risk,8,66.25,546.45,Month-to-month,DSL,Electronic check,No
1970-KKFWL,0.015768398149535352,0,Low Risk,35,23.3,797.1,Two year,No,Bank transfer (automatic),No
6960-HVYXR,0.6849194464467809,1,Medium Risk,1,76.0,76.0,Month-to-month,Fiber optic,Electronic check,Yes
9337-SRRNI,0.0045137390930643255,0,Low Risk,66,25.3,1673.8,Two year,No,Credit card (automatic),No
0895-UADGO,0.10939449101207212,0,Low Risk,8,44.55,343.45,Two year,DSL,Mailed check,No
5678-VFNEQ,0.1377558197905491,0,Low Risk,71,104.1,7412.25,One year,Fiber optic,Credit card (automatic),No
5977-CKHON,0.37766588541582047,0,Low Risk,43,92.55,4039.0,Month-to-month,Fiber optic,Bank transfer (automatic),No
7024-OHCCK,0.8451372862801931,1,High Risk,2,93.85,170.85,Month-to-month,Fiber optic,Electronic check,Yes
2692-BUCFV,0.5221916645568389,1,Medium Risk,29,101.45,2948.6,Month-to-month,Fiber optic,Bank transfer (automatic),No
7861-UVUFT,0.6513363328876839,1,Medium Risk,15,84.3,1308.4,Month-to-month,Fiber optic,Electronic check,Yes
1830-GGFNM,0.01715855927288404,0,Low Risk,65,94.55,6078.75,Two year,Fiber optic,Credit card (automatic),No
5302-BDJNT,0.40819717144512185,0,Medium Risk,35,95.5,3418.2,Month-to-month,Fiber optic,Electronic check,No
5223-UZAVK,0.11071271604039289,0,Low Risk,64,100.3,6603.8,One year,Fiber optic,Credit card (automatic),No
4859-ZSRDZ,0.028784589618481446,0,Low Risk,58,55.5,3166.9,Two year,DSL,Credit card (automatic),No
5651-WYIPH,0.25842236104191313,0,Low Risk,18,49.85,865.75,Month-to-month,DSL,Credit card (automatic),No
9350-VLHMB,0.21513174468330068,0,Low Risk,67,89.55,6373.1,Month-to-month,Fiber optic,Bank transfer (automatic),No
3498-LZGQZ,0.003935030558249538,0,Low Risk,63,19.15,1177.05,Two year,No,Mailed check,No
8785-CJSHH,0.4471449625106954,0,Medium Risk,60,99.8,5985.75,Month-to-month,Fiber optic,Electronic check,No
5357-TZHPP,0.7019669084413558,1,High Risk,9,84.4,732.5,Month-to-month,Fiber optic,Credit card (automatic),Yes
3870-SPZSI,0.043618497496556476,0,Low Risk,70,113.05,7869.05,Two year,Fiber optic,Credit card (automatic),No
0680-DFNNY,0.7673737380028106,1,High Risk,15,101.1,1504.05,Month-to-month,Fiber optic,Electronic check,Yes
7560-QRBXH,0.010035372383584356,0,Low Risk,48,19.95,936.7,One year,No,Mailed check,No
7077-XJMET,0.4307401311527206,0,Medium Risk,12,74.15,741.4,Month-to-month,DSL,Electronic check,No
8752-GHJFU,0.08056419381673059,0,Low Risk,71,92.0,6585.2,One year,Fiber optic,Electronic check,No
6896-SRVYQ,0.2924295996603431,0,Low Risk,44,73.85,3122.4,Month-to-month,Fiber optic,Electronic check,No
7767-UXAGJ,0.5970339549882798,1,Medium Risk,1,50.45,50.45,Month-to-month,DSL,Electronic check,Yes
4652-ODEVH,0.008980451025368714,0,Low Risk,45,24.45,1088.25,Two year,No,Mailed check,No
6510-UPNKS,0.04999549966159271,0,Low Risk,23,24.8,615.35,One year,No,Credit card (automatic),No
6718-BDGHG,0.08710151329606992,0,Low Risk,43,64.85,2908.2,One year,DSL,Bank transfer (automatic),No
9046-DQMTP,0.04333822486420292,0,Low Risk,35,20.75,739.9,Month-to-month,No,Bank transfer (automatic),No
6439-LAJXL,0.2207633764633306,0,Low Risk,9,68.95,593.85,Month-to-month,DSL,Mailed check,No
1571-SAVHK,0.6397469398683644,1,Medium Risk,12,99.95,1132.75,Month-to-month,Fiber optic,Mailed check,Yes
9052-VKDUW,0.2865437809846518,0,Low Risk,65,109.4,7227.45,Month-to-month,Fiber optic,Credit card (automatic),No
9546-CQJSU,0.7852409348990347,1,High Risk,2,91.4,193.6,Month-to-month,Fiber optic,Electronic check,Yes
1666-JZPZT,0.20311033237011672,0,Low Risk,27,49.0,1291.35,Month-to-month,DSL,Mailed check,No
5777-KJIRB,0.07412223192094174,0,Low Risk,40,50.25,2023.55,One year,DSL,Mailed check,No
0506-LVNGN,0.6005725489392575,1,Medium Risk,5,75.55,349.65,Month-to-month,Fiber optic,Credit card (automatic),Yes
7677-SJJJK,0.06055791446566672,0,Low Risk,8,19.9,153.95,One year,No,Credit card (automatic),No
2480-EJWYP,0.23731524952340236,0,Low Risk,58,97.8,5458.8,One year,Fiber optic,Bank transfer (automatic),No
3253-HKOKL,0.1372639592709472,0,Low Risk,52,100.3,5244.45,One year,Fiber optic,Electronic check,No
7055-HNEOJ,0.3306082781518134,0,Low Risk,3,55.8,154.55,Month-to-month,DSL,Mailed check,No
5514-YQENT,0.09457183550151288,0,Low Risk,41,111.15,4507.15,Two year,Fiber optic,Electronic check,No
3211-AAPKX,0.5930808296836232,1,Medium Risk,20,98.55,2031.95,Month-to-month,Fiber optic,Mailed check,No
8445-DNBAE,0.541717031098038,1,Medium Risk,1,50.05,50.05,Month-to-month,DSL,Electronic check,No
2951-QOQTK,0.4195436784879043,0,Medium Risk,4,80.8,332.45,Month-to-month,Fiber optic,Credit card (automatic),Yes
2958-NHPPS,0.10554215193624536,0,Low Risk,23,20.85,473.9,Month-to-month,No,Electronic check,No
6806-YDEUL,0.16736553738843393,0,Low Risk,6,19.5,106.8,Month-to-month,No,Bank transfer (automatic),No
1735-XMJVH,0.16941639177672163,0,Low Risk,8,19.35,152.6,Month-to-month,No,Mailed check,No
6890-PFRQX,0.23546358362302927,0,Low Risk,18,69.5,1199.4,Month-to-month,DSL,Mailed check,No
0222-CNVPT,0.15902726623433716,0,Low Risk,52,48.8,2555.05,Month-to-month,DSL,Credit card (automatic),No
5899-OUVKV,0.5697554146286465,1,Medium Risk,31,94.5,2979.2,Month-to-month,Fiber optic,Electronic check,No
8681-ICONS,0.07140928046157098,0,Low Risk,29,20.65,654.85,Month-to-month,No,Mailed check,No
1621-YNCJH,0.09200102213361162,0,Low Risk,36,106.05,3834.4,Two year,Fiber optic,Credit card (automatic),No
3473-XIIIT,0.7295740605431174,1,High Risk,16,100.0,1534.75,Month-to-month,Fiber optic,Electronic check,Yes
6362-QHAFM,0.3722715175470707,0,Low Risk,42,108.3,4586.15,One year,Fiber optic,Electronic check,No
7893-IXHRQ,0.2503822360707268,0,Low Risk,1,20.55,20.55,Month-to-month,No,Electronic check,Yes
3070-BDOQC,0.13149006146027142,0,Low Risk,60,99.65,5941.05,Two year,Fiber optic,Electronic check,No
2952-QAYZF,0.6953170038596346,1,Medium Risk,5,85.3,424.15,Month-to-month,Fiber optic,Electronic check,Yes
6234-PFPXL,0.31716525972983217,0,Low Risk,22,95.9,2234.95,Month-to-month,Fiber optic,Credit card (automatic),No
9824-QCJPK,0.022686943047887206,0,Low Risk,36,20.0,666.75,One year,No,Mailed check,No
4763-PGDPO,0.5951185839589077,1,Medium Risk,4,70.4,281.0,Month-to-month,Fiber optic,Electronic check,Yes
4283-IVYCI,0.18436437519732635,0,Low Risk,9,64.95,547.8,Month-to-month,DSL,Mailed check,No
1866-OBPNR,0.42683920765825334,0,Medium Risk,1,74.6,74.6,Month-to-month,Fiber optic,Credit card (automatic),No
8205-MQUGY,0.2742942664416083,0,Low Risk,12,49.2,571.15,Month-to-month,DSL,Electronic check,No
8970-ANWXO,0.20964621397602468,0,Low Risk,23,73.75,1756.6,One year,DSL,Mailed check,No
9480-BQJEI,0.10939920624121566,0,Low Risk,62,92.3,5731.45,One year,Fiber optic,Bank transfer (automatic),No
5394-SVGJV,0.3546395298277644,0,Low Risk,37,98.8,3475.55,Month-to-month,Fiber optic,Bank transfer (automatic),Yes
6979-TNDEU,0.14431619210074048,0,Low Risk,8,19.2,156.85,Month-to-month,No,Mailed check,No
9777-WJJPR,0.40970326041650607,0,Medium Risk,31,88.65,2683.2,Month-to-month,Fiber optic,Credit card (automatic),No
9283-LZQOH,0.5297948163983679,1,Medium Risk,13,74.4,896.75,Month-to-month,Fiber optic,Credit card (automatic),Yes
7079-QRCBC,0.7115939176486985,1,High Risk,24,98.75,2407.3,Month-to-month,Fiber optic,Electronic check,Yes
9495-SKLKD,0.3407614720889587,0,Low Risk,45,95.95,4456.65,Month-to-month,Fiber optic,Bank transfer (automatic),No
6048-UWKAL,0.05852918419739796,0,Low Risk,69,105.4,6998.95,Two year,Fiber optic,Credit card (automatic),No
5067-DGXLL,0.18645526383628883,0,Low Risk,2,20.25,36.8,Month-to-month,No,Mailed check,No
5469-CTCWN,0.1915888053139803,0,Low Risk,61,106.0,6547.7,One year,Fiber optic,Electronic check,Yes
9851-QXEEQ,0.582852046605674,1,Medium Risk,41,104.7,4346.4,Month-to-month,Fiber optic,Electronic check,Yes
6281-FKEWS,0.20294654943736862,0,Low Risk,44,49.05,2265.0,One year,DSL,Electronic check,No
8898-KASCD,0.05564981927801092,0,Low Risk,39,35.55,1309.15,One year,DSL,Mailed check,No
9242-TKFSV,0.011598816168066415,0,Low Risk,72,65.1,4754.3,Two year,DSL,Credit card (automatic),No
9290-SHCMB,0.7419208252218833,1,High Risk,13,96.85,1235.55,Month-to-month,Fiber optic,Electronic check,No
0743-HNPFG,0.022972804017895573,0,Low Risk,51,69.75,3562.5,One year,DSL,Credit card (automatic),No
2277-BKJKN,0.12120169230412939,0,Low Risk,71,99.2,7213.75,Two year,Fiber optic,Electronic check,No
9809-IMGCQ,0.7585835250714474,1,High Risk,22,96.7,2082.95,Month-to-month,Fiber optic,Electronic check,Yes
5208-HFSBT,0.28192322523695473,0,Low Risk,2,55.05,102.75,Month-to-month,DSL,Credit card (automatic),Yes
5035-PGZXH,0.3170854599911746,0,Low Risk,56,106.8,5914.4,One year,Fiber optic,Electronic check,No
8695-WDYEA,0.26468060094919094,0,Low Risk,1,51.25,51.25,Month-to-month,DSL,Mailed check,No
6543-JXSOO,0.048897417360974256,0,Low Risk,23,57.75,1282.85,One year,DSL,Mailed check,No
8016-ZMGMO,0.057572961863896065,0,Low Risk,66,70.85,4738.85,One year,DSL,Bank transfer (automatic),No
8605-ITULD,0.19048731458667562,0,Low Risk,1,19.55,19.55,Month-to-month,No,Mailed check,No
3254-YRILK,0.6966503261117059,1,Medium Risk,19,88.2,1775.8,Month-to-month,Fiber optic,Electronic check,Yes
6416-YJTTB,0.41960277533839724,0,Medium Risk,11,79.5,795.65,Month-to-month,Fiber optic,Bank transfer (automatic),No
2667-WYLWJ,0.09144072797622475,0,Low Risk,8,19.75,145.0,One year,No,Mailed check,Yes
4472-VESGY,0.1518877583678178,0,Low Risk,52,98.15,4993.4,Month-to-month,Fiber optic,Bank transfer (automatic),No
3195-TQDZX,0.30667391721136755,0,Low Risk,3,20.25,61.45,Month-to-month,No,Electronic check,No
3128-YOVTD,0.12078334481313943,0,Low Risk,51,79.15,4018.55,Month-to-month,Fiber optic,Bank transfer (automatic),No
0529-ONKER,0.6172573696576198,1,Medium Risk,15,75.65,1146.65,Month-to-month,Fiber optic,Electronic check,Yes
1728-CXQBE,0.38089454550381835,0,Low Risk,64,94.25,6081.4,Month-to-month,Fiber optic,Electronic check,No
7041-TXQJH,0.24126870021258653,0,Low Risk,37,40.2,1478.85,Month-to-month,DSL,Credit card (automatic),No
5014-GSOUQ,0.035095857368213974,0,Low Risk,13,19.95,243.65,Two year,No,Mailed check,No
5724-BIDBU,0.07081642791040453,0,Low Risk,49,55.35,2633.95,One year,DSL,Electronic check,No
0481-SUMCB,0.3663231434074783,0,Low Risk,45,102.15,4735.35,One year,Fiber optic,Bank transfer (automatic),No
1769-GRUIK,0.5663085398936366,1,Medium Risk,18,71.1,1247.75,Month-to-month,Fiber optic,Electronic check,No
5240-IJOQT,0.7894389491469331,1,High Risk,1,74.7,74.7,Month-to-month,Fiber optic,Electronic check,Yes
8819-WFGGJ,0.025092999062146647,0,Low Risk,68,54.1,3794.5,Two year,DSL,Bank transfer (automatic),No
7427-AUFPY,0.004647202609987914,0,Low Risk,54,19.65,1008.7,Two year,No,Credit card (automatic),No
2811-POVEX,0.440104539149918,0,Medium Risk,23,88.45,2130.55,Month-to-month,Fiber optic,Bank transfer (automatic),No
1092-GANHU,0.5773765189493586,1,Medium Risk,17,76.65,1313.55,Month-to-month,Fiber optic,Electronic check,Yes
7898-PDWQE,0.008294819129912537,0,Low Risk,71,80.4,5727.15,Two year,DSL,Credit card (automatic),No
9972-EWRJS,0.003071483439817506,0,Low Risk,67,19.25,1372.9,Two year,No,Bank transfer (automatic),No
9314-IJWSQ,0.6804514720346712,1,Medium Risk,14,84.8,1203.9,Month-to-month,Fiber optic,Electronic check,No
0661-XEYAN,0.6120503366910854,1,Medium Risk,1,25.8,25.8,Month-to-month,DSL,Mailed check,Yes
5799-JRCZO,0.0023892160702133638,0,Low Risk,63,19.5,1215.1,Two year,No,Credit card (automatic),No
1921-KYSAY,0.12754871132963058,0,Low Risk,41,68.6,2877.05,One year,DSL,Electronic check,No
6198-RTPMF,0.6799527378039804,1,Medium Risk,17,92.6,1579.7,Month-to-month,Fiber optic,Electronic check,No
2924-KHUVI,0.2633792555039751,0,Low Risk,56,100.55,5514.95,One year,Fiber optic,Electronic check,No
1925-GMVBW,0.15053155253678643,0,Low Risk,5,20.55,96.1,Month-to-month,No,Credit card (automatic),No
7881-EVUAD,0.5495776895197352,1,Medium Risk,2,42.6,72.4,Month-to-month,DSL,Electronic check,Yes
6184-DYUOB,0.24093911552535516,0,Low Risk,3,19.6,55.25,Month-to-month,No,Mailed check,No
9207-ZPANB,0.04762742501084245,0,Low Risk,37,67.45,2443.3,One year,DSL,Electronic check,No
5766-XQXMQ,0.14948535274794475,0,Low Risk,29,68.85,1970.5,Month-to-month,DSL,Bank transfer (automatic),Yes
9327-QSDED,0.2905850828937626,0,Low Risk,8,43.55,335.4,Month-to-month,DSL,Mailed check,No
1656-DRSMG,0.2717964007663857,0,Low Risk,63,109.85,7002.95,Month-to-month,Fiber optic,Credit card (automatic),No
3012-VFFMN,0.12651172059479118,0,Low Risk,7,20.65,158.95,Month-to-month,No,Mailed check,No
2984-AFWNC,0.6653046823168466,1,Medium Risk,3,95.4,293.15,Month-to-month,Fiber optic,Electronic check,No
0640-YJTPY,0.0017126715723196836,0,Low Risk,72,21.0,1493.75,Two year,No,Bank transfer (automatic),No
8096-LOIST,0.405116923035268,0,Medium Risk,19,56.2,1093.4,Month-to-month,DSL,Electronic check,No
9764-REAFF,0.003714131156111814,0,Low Risk,59,18.4,1057.85,Two year,No,Bank transfer (automatic),No
3703-VAVCL,0.4128327540586805,0,Medium Risk,2,90.0,190.05,Month-to-month,Fiber optic,Credit card (automatic),Yes
7107-UBYKY,0.09690594875151799,0,Low Risk,35,25.75,882.55,Month-to-month,No,Electronic check,No
4881-GQJTW,0.10615115304062724,0,Low Risk,14,19.6,300.4,Month-to-month,No,Credit card (automatic),No
8519-QJGJD,0.5000616573014453,1,Medium Risk,14,75.35,1025.95,Month-to-month,Fiber optic,Electronic check,Yes
7876-DNYAP,0.0018807147021027949,0,Low Risk,69,19.8,1436.95,Two year,No,Credit card (automatic),No
7905-NJMXS,0.2665231271890772,0,Low Risk,7,64.2,475.0,Month-to-month,DSL,Electronic check,No
2882-WDTBA,0.007611560237547421,0,Low Risk,69,75.75,5388.15,Two year,DSL,Bank transfer (automatic),No
2091-GPPIQ,0.02657260444404931,0,Low Risk,72,78.95,5730.15,Two year,DSL,Electronic check,No
6326-MTTXK,0.7029425028917708,1,High Risk,8,100.85,819.55,Month-to-month,Fiber optic,Electronic check,Yes
5071-FBJFS,0.2615768891096645,0,Low Risk,4,50.3,217.1,Month-to-month,DSL,Electronic check,No
2796-UUZZO,0.11712909829890557,0,Low Risk,63,80.3,4896.35,Month-to-month,Fiber optic,Credit card (automatic),No
2429-AYKKO,0.0020715432785835416,0,Low Risk,72,19.85,1434.1,Two year,No,Bank transfer (automatic),No
9798-OPFEM,0.014940721447818264,0,Low Risk,46,21.1,937.1,Two year,No,Electronic check,No
0330-IVZHA,0.5900592937672592,1,Medium Risk,5,69.95,330.15,Month-to-month,Fiber optic,Electronic check,Yes
3794-NFNCH,0.19582592681656566,0,Low Risk,30,50.0,1474.9,Month-to-month,DSL,Mailed check,No
5193-QLVZB,0.1206744671773444,0,Low Risk,63,104.75,6536.5,Two year,Fiber optic,Bank transfer (automatic),No
7114-AEOZE,0.0035204543294754128,0,Low Risk,60,19.85,1128.1,Two year,No,Bank transfer (automatic),No
2886-KEFUM,0.2938524546384971,0,Low Risk,63,107.5,6873.75,One year,Fiber optic,Electronic check,Yes
5522-NYKPB,0.35569460675664927,0,Low Risk,25,85.9,2199.05,Month-to-month,Fiber optic,Electronic check,No
4237-RLAQD,0.4451334513528064,0,Medium Risk,1,45.85,45.85,Month-to-month,DSL,Mailed check,Yes
9957-YODKZ,0.7556787800683737,1,High Risk,6,80.8,457.1,Month-to-month,Fiber optic,Electronic check,No
6518-KZXCB,0.03164398237579199,0,Low Risk,22,25.25,566.5,Two year,No,Mailed check,No
2245-ADZFJ,0.0461933386329599,0,Low Risk,31,80.55,2471.6,Two year,DSL,Bank transfer (automatic),No
7776-QGYJC,0.19776990532360827,0,Low Risk,39,81.5,3107.3,Month-to-month,Fiber optic,Bank transfer (automatic),No
9313-QOLTZ,0.06840917043949969,0,Low Risk,26,20.9,518.3,Month-to-month,No,Mailed check,No
9651-GTSAQ,0.15025434677840802,0,Low Risk,53,106.1,5769.75,One year,Fiber optic,Bank transfer (automatic),Yes
3186-BAXNB,0.5368956760448241,1,Medium Risk,1,91.7,91.7,Month-to-month,Fiber optic,Electronic check,Yes
4672-FOTSD,0.2734678107493707,0,Low Risk,12,67.25,832.3,Month-to-month,DSL,Electronic check,No
0637-YLETY,0.5742398421297098,1,Medium Risk,16,95.6,1555.65,Month-to-month,Fiber optic,Credit card (automatic),Yes
9818-XQCUV,0.18355727491630563,0,Low Risk,2,20.35,45.3,Month-to-month,No,Mailed check,No
7338-ERIVA,0.04016158911820193,0,Low Risk,39,45.05,1790.6,One year,DSL,Bank transfer (automatic),No
1157-BQCUW,0.7636359024441178,1,High Risk,1,74.95,74.95,Month-to-month,Fiber optic,Electronic check,Yes
8259-NFJTV,0.20684706781500856,0,Low Risk,7,34.65,246.6,Month-to-month,DSL,Mailed check,No
3223-DWFIO,0.6341821745521065,1,Medium Risk,4,69.35,261.65,Month-to-month,Fiber optic,Electronic check,No
2660-EMUBI,0.8145634885077017,1,High Risk,10,95.35,898.35,Month-to-month,Fiber optic,Electronic check,Yes
6968-GMKPR,0.2517128103541169,0,Low Risk,55,81.55,4509.5,Month-to-month,Fiber optic,Electronic check,No
4751-ERMAN,0.018290354771725095,0,Low Risk,72,75.4,5480.25,Two year,DSL,Bank transfer (automatic),No
1436-ZMJAN,0.43584490107681945,0,Medium Risk,10,67.8,653.15,Month-to-month,DSL,Credit card (automatic),No
3292-PBZEJ,0.7093942477372558,1,High Risk,11,111.4,1183.05,Month-to-month,Fiber optic,Electronic check,No
0799-DDIHE,0.2531474739048666,0,Low Risk,15,46.3,639.45,Month-to-month,DSL,Electronic check,No
3070-FNFZQ,0.016739866521867486,0,Low Risk,23,20.4,478.75,Two year,No,Bank transfer (automatic),No
2812-SFXMJ,0.16102728622786244,0,Low Risk,1,20.05,20.05,Month-to-month,No,Mailed check,No
7675-OZCZG,0.4438593308182079,0,Medium Risk,3,45.0,127.1,Month-to-month,DSL,Electronic check,Yes
5014-WUQMG,0.14410037933439176,0,Low Risk,47,96.1,4391.45,One year,Fiber optic,Electronic check,No
5312-TSZVC,0.046210981434443237,0,Low Risk,15,19.65,270.6,One year,No,Mailed check,No
2003-CKLOR,0.259030692584381,0,Low Risk,66,99.5,6710.5,Month-to-month,Fiber optic,Electronic check,Yes
0993-OSGPT,0.018567494787992102,0,Low Risk,68,60.65,3975.9,One year,DSL,Bank transfer (automatic),No
9254-RBFON,0.22632341144431503,0,Low Risk,17,98.6,1704.95,One year,Fiber optic,Bank transfer (automatic),Yes
1205-WNWPJ,0.34652922261495284,0,Low Risk,7,59.5,415.95,Month-to-month,DSL,Mailed check,Yes
9391-EOYLI,0.7131121377437633,1,High Risk,12,80.45,950.2,Month-to-month,Fiber optic,Electronic check,Yes
7108-DGVUU,0.16607435445360882,0,Low Risk,21,71.7,1497.05,One year,DSL,Bank transfer (automatic),No
2782-JEEBU,0.2508686804639859,0,Low Risk,21,36.0,780.15,Month-to-month,DSL,Mailed check,No
5127-BZENZ,0.028520820408162947,0,Low Risk,56,65.2,3512.15,One year,DSL,Bank transfer (automatic),No
2720-FVBQP,0.38614189958401457,0,Low Risk,6,48.95,273.25,Month-to-month,DSL,Credit card (automatic),No
9906-NHHVC,0.03859171916038523,0,Low Risk,65,53.5,3517.9,Two year,DSL,Bank transfer (automatic),No
4522-XRWWI,0.05859642368710212,0,Low Risk,42,80.45,3375.9,One year,DSL,Credit card (automatic),No
3766-EJLFL,0.05392530073715824,0,Low Risk,68,109.05,7508.55,Two year,Fiber optic,Bank transfer (automatic),No
5939-SXWHM,0.007486009529247312,0,Low Risk,48,26.3,1245.05,Two year,No,Bank transfer (automatic),No
8152-UOBNY,0.31426734185561406,0,Low Risk,50,106.8,5347.95,One year,Fiber optic,Electronic check,No
7351-KYHQH,0.5047948395251761,1,Medium Risk,7,64.95,493.65,Month-to-month,DSL,Electronic check,No
7643-RCHXS,0.0037534562945100458,0,Low Risk,63,19.35,1263.85,Two year,No,Electronic check,No
8246-SHFGA,0.09398055194477756,0,Low Risk,17,21.1,385.55,Month-to-month,No,Credit card (automatic),No
8387-MOJJT,0.2933515098812356,0,Low Risk,42,77.95,3384.0,Month-to-month,Fiber optic,Credit card (automatic),Yes
0620-XEFWH,0.14516027071326393,0,Low Risk,4,18.85,84.2,Month-to-month,No,Mailed check,No
6485-QXWWE,0.0038167099387905533,0,Low Risk,62,26.0,1638.7,Two year,No,Bank transfer (automatic),No
2761-OCIAX,0.6958619235063865,1,Medium Risk,2,74.7,165.4,Month-to-month,Fiber optic,Electronic check,Yes
7321-VGNKU,0.6996074508867084,1,Medium Risk,2,70.35,120.25,Month-to-month,Fiber optic,Electronic check,No
5327-CNLUQ,0.08841914561259681,0,Low Risk,48,96.9,4473.45,Two year,Fiber optic,Bank transfer (automatic),No
7552-KEYGT,0.017534302235373965,0,Low Risk,27,19.55,520.55,Two year,No,Bank transfer (automatic),No
5816-JMLGY,0.014453879180564653,0,Low Risk,70,80.4,5717.85,Two year,DSL,Bank transfer (automatic),No
3068-OMWZA,0.8163634228602544,1,High Risk,1,88.8,88.8,Month-to-month,Fiber optic,Electronic check,Yes
2927-QRRQV,0.30722755635562055,0,Low Risk,46,94.65,4312.5,One year,Fiber optic,Electronic check,No
6032-KRXXO,0.6124763622789028,1,Medium Risk,30,90.25,2755.35,Month-to-month,Fiber optic,Electronic check,Yes
7459-RRWQZ,0.32367657214886614,0,Low Risk,15,64.65,994.55,Month-to-month,DSL,Bank transfer (automatic),Yes
6265-SXWBU,0.0760956489786583,0,Low Risk,69,95.75,6511.25,One year,Fiber optic,Credit card (automatic),No
7941-RCJOW,0.004007142854171727,0,Low Risk,65,19.55,1218.65,Two year,No,Credit card (automatic),No
6374-NTQLP,0.03802436267158621,0,Low Risk,72,104.1,7447.7,Two year,Fiber optic,Credit card (automatic),No
4154-AQUGT,0.4891003510867423,0,Medium Risk,13,89.05,1169.35,Month-to-month,Fiber optic,Bank transfer (automatic),Yes
2387-KDZQY,0.07537304347604025,0,Low Risk,17,20.1,279.5,One year,No,Mailed check,No
3584-WKTTW,0.24199569828298714,0,Low Risk,51,111.55,5720.35,One year,Fiber optic,Electronic check,No
3399-BMLVW,0.006314760458871391,0,Low Risk,51,60.5,3121.45,Two year,DSL,Credit card (automatic),No
1971-DTCZB,0.016985678104533233,0,Low Risk,72,90.95,6468.6,Two year,DSL,Bank transfer (automatic),No
3092-IGHWF,0.0887961319084873,0,Low Risk,67,87.4,5918.8,One year,Fiber optic,Electronic check,Yes
3374-PZLXD,0.047771944900272326,0,Low Risk,34,19.7,675.6,Month-to-month,No,Mailed check,No
3813-DHBBB,0.012102988459738027,0,Low Risk,67,50.95,3521.7,Two year,DSL,Bank transfer (automatic),No
2812-REYAT,0.01642140893415953,0,Low Risk,49,20.05,923.1,One year,No,Bank transfer (automatic),No
6518-PPLMZ,0.006520717783401531,0,Low Risk,53,19.4,1110.35,Two year,No,Mailed check,No
4939-KYYPY,0.2000359080159506,0,Low Risk,27,59.45,1611.65,Month-to-month,DSL,Electronic check,No
8017-LXHFA,0.6588678312279814,1,Medium Risk,23,94.75,2293.6,Month-to-month,Fiber optic,Electronic check,Yes
5930-GBIWP,0.012552304221447293,0,Low Risk,69,81.5,5553.25,Two year,DSL,Credit card (automatic),No
6022-KOUQO,0.3162269183998404,0,Low Risk,2,29.05,44.75,Month-to-month,DSL,Bank transfer (automatic),No
6352-TWCAU,0.5778281451952987,1,Medium Risk,35,86.45,3029.1,Month-to-month,Fiber optic,Electronic check,Yes
2361-UPSND,0.025921853113510532,0,Low Risk,46,70.6,3231.05,One year,DSL,Mailed check,No
6035-RIIOM,0.13703004184378764,0,Low Risk,54,97.2,5129.45,Two year,Fiber optic,Bank transfer (automatic),No
2929-QNSRW,0.30896905381065437,0,Low Risk,56,98.25,5508.35,One year,Fiber optic,Electronic check,Yes
1262-OPMFY,0.5428851662586854,1,Medium Risk,9,75.75,655.9,Month-to-month,Fiber optic,Bank transfer (automatic),Yes
9504-DSHWM,0.13013704807089788,0,Low Risk,20,59.2,1191.2,Month-to-month,DSL,Bank transfer (automatic),No
5035-BVCXS,0.5132537704560164,1,Medium Risk,11,75.9,866.4,Month-to-month,Fiber optic,Mailed check,No
6267-DCFFZ,0.6141519864562798,1,Medium Risk,30,90.05,2627.2,Month-to-month,Fiber optic,Electronic check,No
3533-UVMOM,0.0086136415886109,0,Low Risk,68,70.95,4741.45,Two year,DSL,Bank transfer (automatic),No
2439-LYPMQ,0.6400707803609249,1,Medium Risk,38,102.6,4009.2,Month-to-month,Fiber optic,Electronic check,No
4248-QPAVC,0.48963557618994996,0,Medium Risk,17,85.35,1463.45,Month-to-month,Fiber optic,Bank transfer (automatic),Yes
1899-VXWXM,0.27802325574572456,0,Low Risk,48,106.1,5082.8,One year,Fiber optic,Credit card (automatic),Yes
1478-VPOAD,0.42775388769869116,0,Medium Risk,1,43.8,43.8,Month-to-month,DSL,Electronic check,No
9995-HOTOH,0.021758344876968046,0,Low Risk,63,59.0,3707.6,Two year,DSL,Electronic check,No
2988-PLAHS,0.4308446438865181,0,Medium Risk,3,69.95,220.45,One year,DSL,Electronic check,No
1371-OJCEK,0.01631409212598626,0,Low Risk,48,24.35,1133.7,One year,No,Bank transfer (automatic),No
4999-IEZLT,0.01585200546931897,0,Low Risk,66,29.45,1983.15,One year,DSL,Credit card (automatic),No
8883-ANODQ,0.04211794116292314,0,Low Risk,68,84.4,5746.75,Two year,Fiber optic,Credit card (automatic),No
4690-LLKUA,0.4006326217673826,0,Medium Risk,17,45.05,770.6,Month-to-month,DSL,Electronic check,Yes
2351-RRBUE,0.0677557921634815,0,Low Risk,7,20.65,134.05,One year,No,Mailed check,No
5980-BDHPY,0.016333991093554052,0,Low Risk,72,87.1,6230.1,Two year,DSL,Bank transfer (automatic),No
1498-DQNRX,0.05966566618999743,0,Low Risk,29,19.85,573.05,Month-to-month,No,Mailed check,No
9469-WEJBT,0.40988412525096857,0,Medium Risk,37,90.35,3419.3,Month-to-month,Fiber optic,Electronic check,No
3331-HQDTW,0.4345822781629997,0,Medium Risk,34,109.8,3587.25,Month-to-month,Fiber optic,Mailed check,Yes
9490-DFPMD,0.5552224273975782,1,Medium Risk,42,84.65,3541.35,Month-to-month,Fiber optic,Electronic check,Yes
2581-VKIRT,0.01311192410274262,0,Low Risk,59,65.5,3801.3,One year,DSL,Mailed check,No
5442-XSDCW,0.5430395974794456,1,Medium Risk,11,79.5,868.5,Month-to-month,Fiber optic,Bank transfer (automatic),Yes
7426-WEIJX,0.22808647324177556,0,Low Risk,60,80.95,4859.1,Month-to-month,Fiber optic,Electronic check,No
2851-MMUTZ,0.13940481712391986,0,Low Risk,27,56.15,1439.35,Month-to-month,DSL,Mailed check,No
3049-NDXFL,0.6601703589417928,1,Medium Risk,1,85.8,85.8,Month-to-month,Fiber optic,Mailed check,Yes
8580-AECUZ,0.7773611243873366,1,High Risk,1,79.1,79.1,Month-to-month,Fiber optic,Electronic check,Yes
3307-TLCUD,0.23160145172437188,0,Low Risk,17,34.4,592.75,Month-to-month,DSL,Mailed check,No
6625-FLENO,0.004412224804473904,0,Low Risk,58,20.75,1185.95,Two year,No,Mailed check,No
2967-MXRAV,0.08985224205991742,0,Low Risk,1,18.8,18.8,One year,No,Mailed check,No
7963-GQRMY,0.28757466733654896,0,Low Risk,3,44.3,134.5,Month-to-month,DSL,Mailed check,Yes
8189-HBVRW,0.19753505592022297,0,Low Risk,53,90.8,4921.2,Month-to-month,Fiber optic,Electronic check,No
4163-KIUHY,0.11918582734198192,0,Low Risk,35,25.6,901.25,Month-to-month,No,Electronic check,No
1228-FZFRV,0.24208336150874227,0,Low Risk,50,105.95,5341.8,Month-to-month,Fiber optic,Credit card (automatic),Yes
3500-NSDOA,0.010011011011833437,0,Low Risk,68,70.8,4859.95,Two year,DSL,Credit card (automatic),No
1171-TYKUR,0.05086318798436316,0,Low Risk,47,25.4,1139.2,Month-to-month,No,Electronic check,No
3761-FLYZI,0.3796529461142466,0,Low Risk,65,108.8,7082.45,Month-to-month,Fiber optic,Bank transfer (automatic),No
2058-DCJBE,0.6770569335561106,1,Medium Risk,5,69.75,324.6,Month-to-month,Fiber optic,Electronic check,Yes
5364-XYIRR,0.5423850784228263,1,Medium Risk,51,94.65,4812.75,Month-to-month,Fiber optic,Electronic check,Yes
4829-AUOAX,0.382169624848635,0,Low Risk,46,96.05,4399.5,Month-to-month,Fiber optic,Bank transfer (automatic),Yes
1219-NNDDO,0.7065735064100364,1,High Risk,9,76.85,663.55,Month-to-month,Fiber optic,Electronic check,No
8388-DMKAE,0.04351273132705998,0,Low Risk,8,20.25,174.65,Two year,No,Mailed check,No
4403-BWPAY,0.10447486976909559,0,Low Risk,14,24.8,321.7,One year,No,Credit card (automatic),No
9659-QEQSY,0.37472221214380763,0,Low Risk,45,115.65,5125.5,Month-to-month,Fiber optic,Electronic check,No
5405-ZMYXQ,0.617750686209494,1,Medium Risk,8,74.6,548.9,Month-to-month,Fiber optic,Credit card (automatic),No
5047-LHVLY,0.41548047968977436,0,Medium Risk,1,50.15,50.15,Month-to-month,DSL,Mailed check,Yes
1442-OKRJE,0.09049886175717259,0,Low Risk,66,103.15,7031.3,One year,Fiber optic,Bank transfer (automatic),No
4737-AQCPU,0.004278307550125072,0,Low Risk,72,72.1,5016.65,Two year,DSL,Credit card (automatic),No
9158-VCTQB,0.3079984533639833,0,Low Risk,41,113.6,4594.95,Month-to-month,Fiber optic,Bank transfer (automatic),Yes
2808-CHTDM,0.024368369641025175,0,Low Risk,23,25.1,611.45,Two year,No,Mailed check,No
6311-UEUME,0.5455766104136289,1,Medium Risk,29,78.9,2384.15,Month-to-month,Fiber optic,Electronic check,Yes
0793-TWELN,0.6519350795052261,1,Medium Risk,4,80.15,319.85,Month-to-month,Fiber optic,Electronic check,No
3283-WCWXT,0.052612683541612054,0,Low Risk,6,25.4,153.3,Two year,No,Mailed check,No
1060-ENTOF,0.08775561084659192,0,Low Risk,67,105.4,7035.6,One year,Fiber optic,Credit card (automatic),No
0999-QXNSA,0.36876348723680663,0,Low Risk,7,45.75,344.2,Month-to-month,DSL,Mailed check,No
5451-MHQOF,0.014957153146265995,0,Low Risk,56,24.45,1431.65,One year,No,Mailed check,No
4836-WNFNO,0.002960862723719414,0,Low Risk,72,25.0,1849.2,Two year,No,Credit card (automatic),No
9225-BZLNZ,0.033670199339520895,0,Low Risk,72,85.25,6083.1,Two year,DSL,Electronic check,No
0354-VXMJC,0.016425205984703616,0,Low Risk,23,19.6,426.65,Two year,No,Credit card (automatic),No
4422-QVIJA,0.12538317352050563,0,Low Risk,35,50.15,1655.35,Month-to-month,DSL,Mailed check,No
9365-SRSZE,0.5391813833346011,1,Medium Risk,27,70.55,1943.9,Month-to-month,Fiber optic,Electronic check,No
6839-ITVZJ,0.21112500086974934,0,Low Risk,26,60.05,1616.15,Month-to-month,DSL,Electronic check,Yes
8332-OSJDW,0.07359965020938243,0,Low Risk,12,26.4,314.95,One year,No,Mailed check,No
4735-BJKOU,0.009841612349294033,0,Low Risk,40,20.15,804.85,Two year,No,Mailed check,No
0274-JKUJR,0.3349020187997878,0,Low Risk,7,58.85,465.7,Month-to-month,DSL,Mailed check,No
5740-YHGTW,0.13799982141419534,0,Low Risk,70,97.55,6669.05,Month-to-month,Fiber optic,Credit card (automatic),No
8917-SZTTJ,0.002873390148464009,0,Low Risk,60,19.65,1161.75,Two year,No,Credit card (automatic),No
1696-MZVAU,0.08180420653307965,0,Low Risk,39,25.25,947.75,One year,DSL,Credit card (automatic),No
7359-WWYJV,0.03934269561477756,0,Low Risk,72,114.45,8375.05,Two year,Fiber optic,Credit card (automatic),No
0375-HVGXO,0.7003802031024493,1,High Risk,1,34.7,34.7,Month-to-month,DSL,Electronic check,Yes
4906-ZHGPK,0.06287498569284877,0,Low Risk,54,70.7,3770.0,One year,DSL,Electronic check,No
8593-WHYHV,0.7905806732439141,1,High Risk,3,85.3,264.8,Month-to-month,Fiber optic,Electronic check,Yes
3795-GWTRD,0.0057724110050820865,0,Low Risk,63,75.55,4707.85,Two year,DSL,Credit card (automatic),No
1298-PHBTI,0.04418026634143637,0,Low Risk,71,84.8,6152.4,Two year,Fiber optic,Electronic check,No
6223-DHJGV,0.02483882836574843,0,Low Risk,42,20.65,958.1,One year,No,Mailed check,No
6961-MJKBO,0.006769864814902674,0,Low Risk,47,20.45,943.0,Two year,No,Bank transfer (automatic),No
6097-EQISJ,0.14831603204638424,0,Low Risk,66,102.45,6615.15,One year,Fiber optic,Credit card (automatic),Yes
4423-YLHDV,0.5516962840826385,1,Medium Risk,21,104.4,2200.25,Month-to-month,Fiber optic,Bank transfer (automatic),Yes
8158-WPEZG,0.4182629101238965,0,Medium Risk,11,35.65,425.1,Month-to-month,DSL,Electronic check,No
0107-YHINA,0.7914887930889898,1,High Risk,1,99.75,99.75,Month-to-month,Fiber optic,Electronic check,Yes
4918-FYJNT,0.2206523058274727,0,Low Risk,55,90.45,5044.8,Month-to-month,Fiber optic,Electronic check,No
0727-BNRLG,0.053522888792615304,0,Low Risk,69,97.65,6743.55,Two year,Fiber optic,Credit card (automatic),No
4854-CIDCF,0.6270633174893578,1,Medium Risk,3,73.85,196.4,Month-to-month,Fiber optic,Electronic check,No
8640-SDGKB,0.5029287837573012,1,Medium Risk,4,74.4,299.7,Month-to-month,DSL,Electronic check,Yes
3280-MRDOF,0.08137825088306568,0,Low Risk,30,69.1,2093.9,Two year,DSL,Credit card (automatic),No
6435-SRWBJ,0.6453404781058595,1,Medium Risk,5,82.75,417.75,Month-to-month,Fiber optic,Electronic check,No
9964-WBQDJ,0.004398180784424698,0,Low Risk,71,24.4,1725.4,Two year,No,Credit card (automatic),No
6303-KFWSL,0.17220261503378903,0,Low Risk,29,55.25,1620.2,One year,DSL,Electronic check,No
1702-CCFNJ,0.05632654444016979,0,Low Risk,52,61.35,3169.55,Month-to-month,DSL,Bank transfer (automatic),No
8932-CZHRQ,0.02288570019663916,0,Low Risk,68,76.75,5233.25,One year,DSL,Credit card (automatic),No
0386-CWRGM,0.006109645517777081,0,Low Risk,46,19.4,967.85,Two year,No,Mailed check,No
5515-RUGKN,0.4083262518771653,0,Medium Risk,8,54.75,438.05,Month-to-month,DSL,Credit card (automatic),No
0404-AHASP,0.002049132644518358,0,Low Risk,72,19.7,1421.9,Two year,No,Credit card (automatic),No
7279-NMVJC,0.04928984729438416,0,Low Risk,17,19.9,323.15,One year,No,Bank transfer (automatic),No
2081-VEYEH,0.6604198715975595,1,Medium Risk,3,107.95,318.6,Month-to-month,Fiber optic,Electronic check,No
6407-UTSLV,0.6510528283848525,1,Medium Risk,2,83.8,163.7,Month-to-month,Fiber optic,Bank transfer (automatic),No
4116-TZAQJ,0.434899804928168,0,Medium Risk,9,74.25,639.65,Month-to-month,Fiber optic,Credit card (automatic),Yes
9060-HJJRW,0.1024464757831296,0,Low Risk,51,56.4,2928.5,One year,DSL,Credit card (automatic),No
2587-YNLES,0.03879576716166423,0,Low Risk,6,20.1,100.35,Two year,No,Mailed check,No
7398-SKNQZ,0.7622874557209186,1,High Risk,3,94.9,273.2,Month-to-month,Fiber optic,Electronic check,No
5935-FCCNB,0.7801768112582617,1,High Risk,17,94.2,1608.15,Month-to-month,Fiber optic,Electronic check,No
1958-RNRKS,0.24254292217523524,0,Low Risk,30,49.9,1441.95,Month-to-month,DSL,Electronic check,No
5136-RGMZO,0.2683257205500428,0,Low Risk,31,71.05,2168.15,Month-to-month,DSL,Electronic check,No
8345-MVDYC,0.020870349043037834,0,Low Risk,45,81.65,3618.7,Two year,DSL,Bank transfer (automatic),No
8226-BXGES,0.055999756477293806,0,Low Risk,64,89.45,5692.65,One year,Fiber optic,Bank transfer (automatic),No
3877-JRJIP,0.6474030428620129,1,Medium Risk,1,59.85,59.85,Month-to-month,DSL,Electronic check,Yes
8375-DKEBR,0.7338748732963496,1,High Risk,1,69.6,69.6,Month-to-month,Fiber optic,Electronic check,Yes
9705-IOVQQ,0.20047243794921876,0,Low Risk,61,99.0,5969.3,One year,Fiber optic,Electronic check,No
1015-OWJKI,0.19374272699414075,0,Low Risk,1,19.05,19.05,Month-to-month,No,Mailed check,No
7511-YMXVQ,0.6813617668818975,1,Medium Risk,9,45.4,418.8,Month-to-month,DSL,Electronic check,Yes
2040-XBAVJ,0.03043007355682315,0,Low Risk,72,114.45,8100.55,Two year,Fiber optic,Bank transfer (automatic),No
7551-JOHTI,0.19048107974138814,0,Low Risk,1,19.5,19.5,Month-to-month,No,Mailed check,Yes
8887-IPQNC,0.38430762693906395,0,Low Risk,7,44.25,313.45,Month-to-month,DSL,Mailed check,No
8646-JCOMS,0.08162701298981812,0,Low Risk,66,90.55,6130.95,One year,Fiber optic,Bank transfer (automatic),No
9804-ICWBG,0.708262969661418,1,High Risk,1,69.9,69.9,Month-to-month,Fiber optic,Electronic check,Yes
1222-KJNZD,0.03971217086419463,0,Low Risk,40,20.4,745.3,Month-to-month,No,Bank transfer (automatic),No
0106-GHRQR,0.3750830733588716,0,Low Risk,16,71.4,1212.1,Month-to-month,DSL,Bank transfer (automatic),No
5318-IXUZF,0.6180971640948977,1,Medium Risk,2,87.15,183.75,Month-to-month,Fiber optic,Bank transfer (automatic),Yes
3768-VHXQO,0.0036778814257964034,0,Low Risk,67,24.85,1583.5,Two year,No,Credit card (automatic),No
8952-WCVCD,0.18206219808081514,0,Low Risk,41,104.45,4162.05,One year,Fiber optic,Bank transfer (automatic),No
2418-TPEUN,0.004988053551571819,0,Low Risk,56,19.8,1119.9,Two year,No,Credit card (automatic),No
3963-RYFNS,0.05110162545254917,0,Low Risk,72,116.45,8013.55,Two year,Fiber optic,Bank transfer (automatic),No
3198-VELRD,0.6696328222029783,1,Medium Risk,3,84.75,264.85,Month-to-month,Fiber optic,Bank transfer (automatic),Yes
8540-ZQGEA,0.004748030260989021,0,Low Risk,54,20.05,1102.4,Two year,No,Credit card (automatic),No
1320-REHCS,0.4734487860743334,0,Medium Risk,52,110.75,5832.0,Month-to-month,Fiber optic,Electronic check,No
4137-JOPHL,0.07060002744642929,0,Low Risk,50,89.7,4304.5,Two year,Fiber optic,Bank transfer (automatic),No
9436-ZBZCT,0.6446228813706187,1,Medium Risk,14,89.95,1178.4,Month-to-month,Fiber optic,Electronic check,Yes
7801-CEDNV,0.057112083643424766,0,Low Risk,27,48.7,1421.75,One year,DSL,Credit card (automatic),No
2057-BOYKM,0.030115495386880232,0,Low Risk,72,96.6,6827.5,Two year,Fiber optic,Bank transfer (automatic),No
3658-QQJYD,0.03825318501169591,0,Low Risk,62,74.3,4698.05,One year,DSL,Credit card (automatic),No
1803-BGNBD,0.28877832900304934,0,Low Risk,12,54.3,654.5,Month-to-month,DSL,Electronic check,No
0134-XWXCE,0.06443832480321791,0,Low Risk,44,74.85,3268.05,One year,DSL,Bank transfer (automatic),No
6950-TWMYB,0.035400418826662165,0,Low Risk,54,79.95,4362.05,Two year,Fiber optic,Bank transfer (automatic),No
5848-FHRFC,0.0024708442291808646,0,Low Risk,68,20.05,1386.9,Two year,No,Bank transfer (automatic),No
2243-FNMMI,0.08921399905185302,0,Low Risk,20,19.4,415.4,Month-to-month,No,Mailed check,No
2511-MORQY,0.03750146749500476,0,Low Risk,50,54.9,2614.1,One year,DSL,Bank transfer (automatic),No
5356-KZCKT,0.008232058638565258,0,Low Risk,58,24.45,1513.6,Two year,No,Credit card (automatic),No
9470-XCCEM,0.3982765236123157,0,Low Risk,35,89.65,3161.6,Month-to-month,Fiber optic,Bank transfer (automatic),No
6519-CFDBX,0.5105932796280986,1,Medium Risk,2,45.4,80.95,Month-to-month,DSL,Electronic check,No
3902-MIVLE,0.01018193586903814,0,Low Risk,63,75.7,4676.7,Two year,DSL,Mailed check,No
0409-WTMPL,0.175016947845407,0,Low Risk,58,110.65,6526.65,One year,Fiber optic,Credit card (automatic),No
8763-KIAFH,0.0398129210617166,0,Low Risk,27,20.55,583.3,One year,No,Mailed check,No
3669-WHAFY,0.054082714299391266,0,Low Risk,71,115.15,8078.1,Two year,Fiber optic,Credit card (automatic),No
3055-VTCGS,0.026059901306791,0,Low Risk,63,58.55,3503.5,One year,DSL,Credit card (automatic),No
3144-KMTWZ,0.22254251034313802,0,Low Risk,71,93.25,6669.45,Month-to-month,Fiber optic,Bank transfer (automatic),No
7279-BUYWN,0.5303915118942875,1,Medium Risk,41,113.2,4689.5,Month-to-month,Fiber optic,Electronic check,Yes
7156-MHUGY,0.7527344143937328,1,High Risk,13,90.5,1201.15,Month-to-month,Fiber optic,Electronic check,Yes
7198-GLXTC,0.6657708464724796,1,Medium Risk,2,79.0,143.65,Month-to-month,Fiber optic,Electronic check,Yes
2007-QVGAW,0.0028581506175299367,0,Low Risk,68,19.35,1292.65,Two year,No,Bank transfer (automatic),No
5207-PLSTK,0.2985756325874487,0,Low Risk,1,48.75,48.75,Month-to-month,DSL,Mailed check,No
2307-FYNNL,0.11548294819267321,0,Low Risk,65,109.05,7108.2,Two year,Fiber optic,Electronic check,No
5605-XNWEN,0.005181901049480004,0,Low Risk,72,25.0,1802.55,Two year,No,Bank transfer (automatic),No
2155-AMQRX,0.18442740286447548,0,Low Risk,28,54.9,1505.15,Month-to-month,DSL,Credit card (automatic),No
6181-AXXYF,0.0024209718951358965,0,Low Risk,72,24.75,1859.1,Two year,No,Credit card (automatic),No
5091-HFAZW,0.6092352768928463,1,Medium Risk,2,91.15,168.5,Month-to-month,Fiber optic,Electronic check,No
0516-VRYBW,0.03839981641294696,0,Low Risk,18,20.15,390.85,One year,No,Bank transfer (automatic),Yes
2519-LBNQL,0.33557455087654187,0,Low Risk,60,104.35,6339.45,One year,Fiber optic,Electronic check,No
8623-ULFNQ,0.3633607069574092,0,Low Risk,26,66.05,1652.4,Month-to-month,DSL,Electronic check,No
8380-PEFPE,0.659897290573268,1,Medium Risk,1,71.65,71.65,Month-to-month,Fiber optic,Electronic check,Yes
5687-DKDTV,0.16948675120210258,0,Low Risk,4,20.35,77.5,Month-to-month,No,Mailed check,Yes
1568-LJSZU,0.016331707848246273,0,Low Risk,68,92.2,6392.85,Two year,DSL,Credit card (automatic),No
7530-HDYDS,0.21231410918661872,0,Low Risk,38,84.25,3264.5,Month-to-month,Fiber optic,Credit card (automatic),Yes
7789-HKSBS,0.3029395506440515,0,Low Risk,42,105.2,4599.15,One year,Fiber optic,Bank transfer (automatic),No
7416-CKTEP,0.006109419609398294,0,Low Risk,57,19.6,1134.25,Two year,No,Bank transfer (automatic),No
2586-CWXVV,0.09431323820186992,0,Low Risk,54,30.4,1621.35,Month-to-month,DSL,Electronic check,No
3096-IZETN,0.48715751367588006,0,Medium Risk,12,78.1,947.3,Month-to-month,Fiber optic,Bank transfer (automatic),Yes
2348-KCJLT,0.04115976608706197,0,Low Risk,44,61.5,2722.2,One year,DSL,Mailed check,No
8401-EMUWF,0.11854776735537391,0,Low Risk,42,69.4,3058.3,Month-to-month,DSL,Bank transfer (automatic),No
4193-IBKSW,0.0024335517416438595,0,Low Risk,72,24.75,1769.6,Two year,No,Bank transfer (automatic),No
5377-NDTOU,0.01010904712788158,0,Low Risk,71,91.05,6293.75,Two year,DSL,Mailed check,No
5922-ABDVO,0.5272195491827834,1,Medium Risk,19,89.65,1761.05,Month-to-month,Fiber optic,Mailed check,Yes
2474-LCNUE,0.32172480293062683,0,Low Risk,23,73.65,1642.75,Month-to-month,DSL,Credit card (automatic),No
0839-QNXME,0.01424336724702574,0,Low Risk,30,19.4,578.5,Two year,No,Credit card (automatic),No
3506-OVLKD,0.03107270182593862,0,Low Risk,35,26.2,954.9,One year,No,Bank transfer (automatic),No
9172-ANCRX,0.7109205640248624,1,High Risk,10,98.7,973.25,Month-to-month,Fiber optic,Electronic check,Yes
6650-VJONK,0.42846568402045804,0,Medium Risk,1,43.85,43.85,Month-to-month,DSL,Bank transfer (automatic),No
2178-PMGCJ,0.45257674806641773,0,Medium Risk,22,69.7,1490.4,Month-to-month,Fiber optic,Mailed check,No
7492-TAFJD,0.0777438325670311,0,Low Risk,7,38.55,280.0,Two year,DSL,Mailed check,No
2773-MADBQ,0.03916297294370058,0,Low Risk,36,53.1,1901.25,Two year,DSL,Mailed check,No
6016-LVTJQ,0.03882395899317174,0,Low Risk,34,20.65,716.4,Month-to-month,No,Mailed check,No
7860-KSUGX,0.00580468023152865,0,Low Risk,72,64.45,4720.0,Two year,DSL,Credit card (automatic),No
8966-KZXXA,0.012566294132288686,0,Low Risk,36,25.1,930.95,Two year,No,Credit card (automatic),No
6910-HADCM,0.6099533826832382,1,Medium Risk,1,76.35,76.35,Month-to-month,Fiber optic,Electronic check,Yes
4816-LXZYW,0.5535245357600728,1,Medium Risk,23,79.15,1676.95,Month-to-month,Fiber optic,Electronic check,Yes
9606-PBKBQ,0.6376719737853125,1,Medium Risk,32,85.0,2642.05,Month-to-month,Fiber optic,Electronic check,Yes
5149-QYTTU,0.038995779504595686,0,Low Risk,71,95.15,6770.85,One year,Fiber optic,Credit card (automatic),No
2070-XYMFH,0.5521669199243782,1,Medium Risk,23,79.35,1835.3,Month-to-month,Fiber optic,Mailed check,No
2085-BOJKI,0.43728335675515534,0,Medium Risk,17,96.65,1588.25,One year,Fiber optic,Bank transfer (automatic),No
0817-HSUSE,0.5284877929732442,1,Medium Risk,1,75.5,75.5,Month-to-month,DSL,Electronic check,No
5442-PPTJY,0.030352663312399213,0,Low Risk,12,19.7,258.35,Two year,No,Mailed check,No
1927-QEWMY,0.0020469819173839707,0,Low Risk,72,20.5,1502.25,Two year,No,Credit card (automatic),No
1663-MHLHE,0.19376167562520685,0,Low Risk,1,19.2,19.2,Month-to-month,No,Mailed check,No
5663-QBGIS,0.07424439369415646,0,Low Risk,72,98.35,6929.4,Two year,Fiber optic,Bank transfer (automatic),No
4450-MDZFX,0.14037998478079358,0,Low Risk,60,74.35,4453.3,Month-to-month,Fiber optic,Bank transfer (automatic),No
6701-DHKWQ,0.01183523375857611,0,Low Risk,61,51.35,3244.4,Two year,DSL,Credit card (automatic),No
7554-AKDQF,0.31187752665883367,0,Low Risk,6,45.65,323.45,Month-to-month,DSL,Mailed check,No
3536-IQCTX,0.5484576259913304,1,Medium Risk,32,85.3,2661.1,Month-to-month,Fiber optic,Electronic check,Yes
4911-BANWH,0.4487715182909243,0,Medium Risk,31,86.55,2697.4,Month-to-month,Fiber optic,Credit card (automatic),Yes
8496-EJAUI,0.42000486649435814,0,Medium Risk,19,73.85,1424.5,Month-to-month,Fiber optic,Credit card (automatic),Yes
0794-YVSGE,0.0016732909917061784,0,Low Risk,72,20.3,1401.15,Two year,No,Bank transfer (automatic),No
5423-BHIXO,0.266004449636031,0,Low Risk,32,54.2,1739.6,Month-to-month,DSL,Electronic check,No
6908-VVYHM,0.336607945743026,0,Low Risk,65,90.65,5931.0,Month-to-month,Fiber optic,Electronic check,No
2959-EEXWB,0.15429746221309817,0,Low Risk,45,50.9,2333.85,Month-to-month,DSL,Bank transfer (automatic),No
1839-UMACK,0.031850118025518515,0,Low Risk,42,25.05,949.85,One year,No,Electronic check,No
3030-YDNRM,0.7168565199751271,1,High Risk,8,74.85,572.45,Month-to-month,Fiber optic,Electronic check,No
7321-KKSDU,0.011859203896896651,0,Low Risk,32,20.5,696.8,Two year,No,Mailed check,No
3402-XRIUO,0.17535350444147677,0,Low Risk,22,63.55,1381.8,Month-to-month,DSL,Mailed check,No
3132-TVFDZ,0.25843831679724677,0,Low Risk,57,44.85,2572.95,Month-to-month,DSL,Electronic check,Yes
8286-AFUYI,0.3326184835619002,0,Low Risk,1,47.95,47.95,Month-to-month,DSL,Electronic check,No
8080-DDEMJ,0.47014576630096494,0,Medium Risk,1,45.1,45.1,Month-to-month,DSL,Electronic check,Yes
8356-WUAOJ,0.5262766490091,1,Medium Risk,1,45.0,45.0,Month-to-month,DSL,Electronic check,No
6365-MTGZX,0.5583519963172764,1,Medium Risk,24,96.0,2122.45,Month-to-month,Fiber optic,Electronic check,Yes
1349-WXNGG,0.1837407642643516,0,Low Risk,1,20.05,20.05,Month-to-month,No,Bank transfer (automatic),Yes
8058-DMYRU,0.44520592937217635,0,Medium Risk,54,90.05,4931.8,Month-to-month,Fiber optic,Electronic check,No
9350-ZXYJC,0.08881923254922931,0,Low Risk,4,25.3,116.95,Two year,No,Credit card (automatic),No
6990-YNRIO,0.03904410560588871,0,Low Risk,65,108.65,6937.95,Two year,Fiber optic,Bank transfer (automatic),Yes
8958-JPTRR,0.01673966429724412,0,Low Risk,56,24.3,1261.7,One year,No,Electronic check,No
6959-GQEGV,0.19063302416352024,0,Low Risk,45,75.95,3273.8,Month-to-month,DSL,Electronic check,No
3173-WSSUE,0.0016850017386799553,0,Low Risk,71,19.7,1415.85,Two year,No,Credit card (automatic),No
1265-HVPZB,0.020498985169697267,0,Low Risk,59,66.4,3958.2,One year,DSL,Credit card (automatic),No
4115-UMJFQ,0.02662190271577622,0,Low Risk,69,35.75,2492.25,One year,DSL,Bank transfer (automatic),No
7369-TRPFD,0.0479588811440206,0,Low Risk,19,18.8,279.2,One year,No,Mailed check,No
1098-KFQEC,0.003581540751540516,0,Low Risk,55,19.4,1083.0,Two year,No,Credit card (automatic),No
7190-XHTWJ,0.020091181551325832,0,Low Risk,38,19.3,755.5,One year,No,Mailed check,No
0621-TWIEM,0.4314829267920097,0,Medium Risk,10,45.55,402.6,Month-to-month,DSL,Electronic check,Yes
3537-RYBHH,0.1042868800040468,0,Low Risk,47,67.45,3252.0,Month-to-month,DSL,Credit card (automatic),No
2485-ITVKB,0.6954478939560516,1,Medium Risk,2,35.1,68.75,Month-to-month,DSL,Electronic check,Yes
3669-OYSJI,0.3341965731379342,0,Low Risk,1,46.2,46.2,Month-to-month,DSL,Credit card (automatic),Yes
1612-EOHDH,0.4280211367611618,0,Medium Risk,1,45.15,45.15,Month-to-month,DSL,Electronic check,Yes
6702-OHFWR,0.6893502005463661,1,Medium Risk,1,43.3,43.3,Month-to-month,DSL,Electronic check,Yes
5296-BFCYD,0.008995982013094508,0,Low Risk,46,20.1,936.85,Two year,No,Mailed check,No
4510-PYUSH,0.10105080446301404,0,Low Risk,38,57.15,2250.65,Month-to-month,DSL,Credit card (automatic),Yes
9359-JANWS,0.005103896732602224,0,Low Risk,65,58.9,3857.1,Two year,DSL,Credit card (automatic),No
7517-SAWMO,0.46328501216059437,0,Medium Risk,19,73.2,1441.1,Month-to-month,Fiber optic,Electronic check,Yes
4143-HHPMK,0.3328440815817613,0,Low Risk,52,85.35,4338.6,Month-to-month,Fiber optic,Electronic check,Yes
3279-DYZQM,0.0018720721229762776,0,Low Risk,71,19.45,1378.45,Two year,No,Mailed check,No
7054-LGEQW,0.35038062676085147,0,Low Risk,1,45.95,45.95,Month-to-month,DSL,Mailed check,Yes
0523-VNGTF,0.1606019600015733,0,Low Risk,52,50.5,2566.3,Month-to-month,DSL,Electronic check,No
9575-IWCAZ,0.11618629492056652,0,Low Risk,6,25.1,171.0,One year,No,Mailed check,No
7105-MXJLL,0.13120391225264472,0,Low Risk,26,60.7,1597.4,One year,DSL,Mailed check,No
7064-FRRSW,0.395693916603735,0,Low Risk,48,99.0,4744.35,One year,Fiber optic,Electronic check,No
7940-UQQUG,0.102248053198793,0,Low Risk,64,104.4,6721.6,One year,Fiber optic,Bank transfer (automatic),No
0923-PNFUB,0.6133440129244717,1,Medium Risk,3,83.75,247.25,Month-to-month,Fiber optic,Electronic check,Yes
3961-SXAXY,0.4285052903657621,0,Medium Risk,1,44.05,44.05,Month-to-month,DSL,Bank transfer (automatic),No
7010-BRBUU,0.00234688827598311,0,Low Risk,72,24.1,1734.65,Two year,No,Credit card (automatic),No
3566-HJGPK,0.4450735322031589,0,Medium Risk,1,45.55,45.55,Month-to-month,DSL,Mailed check,No
3062-ICYZQ,0.27601220191367404,0,Low Risk,51,93.8,4539.35,Month-to-month,Fiber optic,Electronic check,No
9938-PRCVK,0.007130672760641556,0,Low Risk,41,19.7,804.25,Two year,No,Bank transfer (automatic),No
0973-KYVNF,0.008258852565970663,0,Low Risk,72,70.65,5011.15,Two year,DSL,Credit card (automatic),No
5129-HHMZC,0.026283727340372695,0,Low Risk,43,86.45,3574.5,Two year,DSL,Credit card (automatic),No
9637-CDTKZ,0.052590313993576054,0,Low Risk,72,114.1,8086.4,Two year,Fiber optic,Credit card (automatic),No
3946-JEWRQ,0.31284574466911225,0,Low Risk,47,95.2,4563.0,One year,Fiber optic,Credit card (automatic),No
7873-CVMAW,0.011128028826245693,0,Low Risk,72,88.55,6362.35,Two year,DSL,Credit card (automatic),No
0463-WZZKO,0.2252025955977818,0,Low Risk,3,20.75,67.1,Month-to-month,No,Credit card (automatic),No
3494-JCHRQ,0.7082880329338723,1,High Risk,1,70.05,70.05,Month-to-month,Fiber optic,Electronic check,Yes
6474-FVJLC,0.7952140450610107,1,High Risk,2,86.0,165.45,Month-to-month,Fiber optic,Electronic check,Yes
4524-QCSSM,0.23827093484378886,0,Low Risk,26,44.65,1156.55,Month-to-month,DSL,Bank transfer (automatic),No
5832-EXGTT,0.15902521343044648,0,Low Risk,29,60.2,1834.15,Month-to-month,DSL,Mailed check,No
8840-DQLGN,0.32166803540109973,0,Low Risk,35,100.5,3653.35,Month-to-month,Fiber optic,Bank transfer (automatic),Yes
2039-JONDJ,0.04923048656206012,0,Low Risk,27,55.45,1477.65,One year,DSL,Bank transfer (automatic),No
7217-JYHOQ,0.11012588177321336,0,Low Risk,24,70.3,1706.45,Month-to-month,DSL,Credit card (automatic),No
6695-FRVEC,0.005744169256096894,0,Low Risk,67,60.4,3953.7,Two year,DSL,Bank transfer (automatic),No
4547-LYTDD,0.5659176837852004,1,Medium Risk,16,72.65,1194.3,Month-to-month,Fiber optic,Electronic check,Yes
9894-QMIMJ,0.08111603252946908,0,Low Risk,23,55.8,1327.85,One year,DSL,Bank transfer (automatic),No
8069-YQQAJ,0.39298892518016176,0,Low Risk,14,31.1,419.7,Month-to-month,DSL,Mailed check,No
6770-XUAGN,0.2793119275851405,0,Low Risk,1,21.0,21.0,Month-to-month,No,Electronic check,Yes
4193-ORFCL,0.3848476101001488,0,Low Risk,1,45.1,45.1,Month-to-month,DSL,Mailed check,Yes
1636-NTNCO,0.6266983645500291,1,Medium Risk,4,50.95,207.35,Month-to-month,DSL,Credit card (automatic),No
3466-WAESX,0.3193080988616889,0,Low Risk,16,69.1,1083.7,Month-to-month,DSL,Electronic check,No
9281-PKKZE,0.31251425489806056,0,Low Risk,46,43.95,2007.85,Month-to-month,DSL,Electronic check,No
3638-VBZTA,0.015190028435839902,0,Low Risk,68,86.5,5882.75,Two year,DSL,Bank transfer (automatic),No
7459-IMVYU,0.0902835396455133,0,Low Risk,38,69.95,2657.55,Month-to-month,DSL,Electronic check,No
7776-QWNFX,0.1898880640055944,0,Low Risk,30,50.4,1527.5,Month-to-month,DSL,Bank transfer (automatic),Yes
6689-TCZHQ,0.6722611802818446,1,Medium Risk,5,78.95,378.4,Month-to-month,Fiber optic,Electronic check,Yes
8563-OYMQY,0.49946417741749455,0,Medium Risk,17,90.95,1612.2,Month-to-month,Fiber optic,Credit card (automatic),No
0754-EEBDC,0.04353551372109712,0,Low Risk,4,19.9,76.65,Two year,No,Mailed check,No
5777-ZPQNC,0.08959740777586711,0,Low Risk,12,20.15,260.7,One year,No,Electronic check,No
1951-IEYXM,0.013432344083914385,0,Low Risk,72,90.6,6441.85,Two year,DSL,Credit card (automatic),No
3318-NMQXL,0.7786701461754956,1,High Risk,3,92.0,266.8,Month-to-month,Fiber optic,Electronic check,No
3143-ILDAL,0.30830538837500016,0,Low Risk,56,94.45,5124.6,Month-to-month,Fiber optic,Electronic check,Yes
1022-RKXDR,0.03446504289154666,0,Low Risk,41,24.85,962.25,One year,No,Mailed check,No
2361-FJWNO,0.0433937325305079,0,Low Risk,40,36.0,1382.9,One year,DSL,Credit card (automatic),No
2272-UOINI,0.3403367119332948,0,Low Risk,7,78.5,571.05,Month-to-month,DSL,Electronic check,No
8232-UTFOZ,0.002338141862231078,0,Low Risk,69,19.95,1399.35,Two year,No,Credit card (automatic),No
3750-YHRYO,0.06937308424849135,0,Low Risk,7,20.65,150.0,One year,No,Mailed check,No
6637-KYRCV,0.5186805814652139,1,Medium Risk,5,30.5,167.2,Month-to-month,DSL,Electronic check,No
5668-MEISB,0.021202686115907077,0,Low Risk,72,106.1,7657.4,Two year,Fiber optic,Credit card (automatic),No
0129-QMPDR,0.01714307668592453,0,Low Risk,44,20.5,865.05,One year,No,Bank transfer (automatic),No
7188-CBBBA,0.19882325561033679,0,Low Risk,65,95.5,6153.85,One year,Fiber optic,Electronic check,No
5356-CSVSQ,0.43840828543529337,0,Medium Risk,3,64.6,174.2,Month-to-month,DSL,Electronic check,No
3221-CJMSG,0.16830016258699335,0,Low Risk,24,51.1,1269.6,Month-to-month,DSL,Credit card (automatic),No
4720-VSTSI,0.3134901372129196,0,Low Risk,44,84.8,3862.55,Month-to-month,Fiber optic,Bank transfer (automatic),Yes
3219-JQRSL,0.012842634659126493,0,Low Risk,72,89.1,6352.4,Two year,DSL,Credit card (automatic),No
2801-NISEI,0.12343755782106476,0,Low Risk,24,54.95,1348.5,Month-to-month,DSL,Electronic check,No
3946-MHCZW,0.34525725619618947,0,Low Risk,1,50.9,50.9,Month-to-month,DSL,Mailed check,Yes
4623-ZKHLY,0.11061412284752706,0,Low Risk,22,20.45,471.55,Month-to-month,No,Bank transfer (automatic),No
6732-VAILE,0.020026152489196772,0,Low Risk,70,85.95,5931.75,Two year,DSL,Credit card (automatic),No
8201-AAXCB,0.28930564914195744,0,Low Risk,25,60.35,1404.65,Month-to-month,DSL,Electronic check,No
7696-CFTAT,0.008797237257918629,0,Low Risk,37,19.8,726.1,Two year,No,Bank transfer (automatic),No
1845-CSBRZ,0.4758876036360082,0,Medium Risk,22,85.35,1961.6,Month-to-month,Fiber optic,Bank transfer (automatic),No
2123-VSCOT,0.022509075286863366,0,Low Risk,59,72.1,4194.85,Two year,DSL,Bank transfer (automatic),No
6651-AZVTJ,0.5047257886421223,1,Medium Risk,49,99.8,4872.45,Month-to-month,Fiber optic,Electronic check,Yes
4566-GOLUK,0.3567215394904592,0,Low Risk,47,107.35,5118.95,Month-to-month,Fiber optic,Bank transfer (automatic),Yes
2484-DGXPZ,0.06350485739166957,0,Low Risk,31,19.55,658.95,Month-to-month,No,Mailed check,Yes
2018-QKYGT,0.7104802158444635,1,High Risk,1,81.05,81.05,Month-to-month,Fiber optic,Electronic check,No
2792-VPPET,0.30751973493003415,0,Low Risk,3,20.5,76.95,Month-to-month,No,Electronic check,No
7409-JURKQ,0.1990750082173395,0,Low Risk,53,111.8,5809.75,One year,Fiber optic,Bank transfer (automatic),No
3247-MHJKM,0.1938880358106986,0,Low Risk,1,20.2,20.2,Month-to-month,No,Mailed check,No
1964-SVLEA,0.06719305177832656,0,Low Risk,20,19.7,415.9,One year,No,Mailed check,No
4587-NUKOX,0.5491679461997658,1,Medium Risk,3,79.1,246.5,Month-to-month,Fiber optic,Electronic check,Yes
7297-DVYGA,0.014791525913736451,0,Low Risk,51,19.85,996.95,One year,No,Bank transfer (automatic),No
2239-CGBUZ,0.021594060384445165,0,Low Risk,51,60.5,3145.15,One year,DSL,Bank transfer (automatic),No
0854-UYHZD,0.028299734003007743,0,Low Risk,13,19.55,265.3,Two year,No,Mailed check,No
7243-LCGGZ,0.19065571440116474,0,Low Risk,1,20.9,20.9,Month-to-month,No,Mailed check,No
8267-KFGYD,0.21855941946730983,0,Low Risk,1,21.05,21.05,Month-to-month,No,Mailed check,No
4890-VMUAV,0.021288906049880627,0,Low Risk,63,71.5,4576.3,One year,DSL,Electronic check,No
9261-WDCAF,0.38870591070618365,0,Low Risk,3,54.65,189.1,Month-to-month,DSL,Mailed check,No
3764-MNMOI,0.006876541982830577,0,Low Risk,46,19.2,908.15,Two year,No,Credit card (automatic),No
7442-YGZFK,0.4927584758314772,0,Medium Risk,1,49.8,49.8,Month-to-month,DSL,Credit card (automatic),No
0420-BWTPW,0.3559241506746263,0,Low Risk,8,25.5,215.2,Month-to-month,DSL,Mailed check,Yes
8229-BUJHX,0.0017691896817395058,0,Low Risk,71,20.5,1500.95,Two year,No,Bank transfer (automatic),No
7449-HVPIV,0.29442112432257517,0,Low Risk,55,90.4,5099.15,Month-to-month,Fiber optic,Credit card (automatic),No
5504-WSIUR,0.07000084015998402,0,Low Risk,70,90.25,6385.95,One year,Fiber optic,Bank transfer (automatic),No
8183-ONMXC,0.662275185065489,1,Medium Risk,2,80.75,159.45,Month-to-month,Fiber optic,Electronic check,Yes
8466-PZBLH,0.03642971880020822,0,Low Risk,67,104.6,6885.75,Two year,Fiber optic,Bank transfer (automatic),No
9614-RMGHA,0.2553301848934611,0,Low Risk,65,91.85,5940.85,Month-to-month,Fiber optic,Bank transfer (automatic),Yes
8735-IJJEG,0.2239763655685534,0,Low Risk,14,50.2,668.85,Month-to-month,DSL,Credit card (automatic),No
0564-MUUQK,0.44966009459514633,0,Medium Risk,20,95.5,1916.2,Month-to-month,Fiber optic,Bank transfer (automatic),No
5054-IEXZT,0.618594406763563,1,Medium Risk,1,75.35,75.35,Month-to-month,Fiber optic,Electronic check,Yes
5834-ASPWA,0.7637088755698267,1,High Risk,1,75.45,75.45,Month-to-month,Fiber optic,Electronic check,Yes
0701-RFGFI,0.3976766136259892,0,Low Risk,49,95.4,4613.95,Month-to-month,Fiber optic,Bank transfer (automatic),No
0019-EFAEP,0.05023423807202398,0,Low Risk,72,101.3,7261.25,Two year,Fiber optic,Bank transfer (automatic),No
5619-PTMIK,0.10201046699109731,0,Low Risk,46,53.1,2459.8,Month-to-month,DSL,Electronic check,No
3737-XBQDD,0.459314098339816,0,Medium Risk,24,84.85,2048.8,Month-to-month,Fiber optic,Bank transfer (automatic),No
5882-CMAZQ,0.33535131847732874,0,Low Risk,5,34.25,163.55,Month-to-month,DSL,Electronic check,No
5846-QFDFI,0.19160832127050248,0,Low Risk,33,88.6,2888.7,Month-to-month,Fiber optic,Credit card (automatic),No
4445-KWOKW,0.05342226102430373,0,Low Risk,42,60.15,2421.6,One year,DSL,Bank transfer (automatic),No
3511-APPBJ,0.2957901913417235,0,Low Risk,23,99.95,2292.75,One year,Fiber optic,Credit card (automatic),No
7967-HYCDE,0.46761215397927286,0,Medium Risk,8,70.7,553.4,Month-to-month,Fiber optic,Bank transfer (automatic),No
2430-RRYUW,0.016771914241080082,0,Low Risk,66,54.8,3465.7,One year,DSL,Mailed check,No
3948-XHGNA,0.16360352949923282,0,Low Risk,24,49.55,1210.4,Month-to-month,DSL,Bank transfer (automatic),Yes
3723-BFBGR,0.2086293736800149,0,Low Risk,24,54.8,1291.3,Month-to-month,DSL,Credit card (automatic),No
0565-IYCGT,0.022235331021888276,0,Low Risk,69,78.6,5356.45,One year,DSL,Credit card (automatic),Yes
5447-WZAFP,0.19782649002337901,0,Low Risk,53,100.3,5200.8,One year,Fiber optic,Mailed check,No
5110-CHOPY,0.0322601829954016,0,Low Risk,60,53.6,3237.05,Two year,DSL,Electronic check,No
5445-UTODQ,0.71285298459939,1,High Risk,7,81.1,576.65,Month-to-month,Fiber optic,Electronic check,Yes
4425-OWHWB,0.06058167363591463,0,Low Risk,20,19.35,433.75,One year,No,Credit card (automatic),No
7892-QVYKW,0.5185343251122303,1,Medium Risk,23,85.6,1868.4,Month-to-month,Fiber optic,Electronic check,No
9675-ICXCT,0.015422304773010403,0,Low Risk,72,80.8,5728.55,Two year,DSL,Electronic check,No
1024-VRZHF,0.7013977300304216,1,High Risk,11,74.95,825.7,Month-to-month,Fiber optic,Electronic check,Yes
4703-MQYKT,0.024196392407222884,0,Low Risk,21,19.6,390.4,Two year,No,Mailed check,No
9497-QCMMS,0.8521356145854588,1,High Risk,1,93.55,93.55,Month-to-month,Fiber optic,Electronic check,Yes
5692-ICXLW,0.6150334664588019,1,Medium Risk,31,90.7,2845.15,Month-to-month,Fiber optic,Electronic check,No
0602-DDUML,0.013263368070628802,0,Low Risk,57,69.75,3894.4,Two year,DSL,Mailed check,No
2208-MPXIO,0.008580908368287864,0,Low Risk,45,20.0,886.4,Two year,No,Bank transfer (automatic),No
1960-UYCNN,0.7158972198798577,1,High Risk,10,95.25,1021.55,Month-to-month,Fiber optic,Electronic check,No
0348-SDKOL,0.3094786933653891,0,Low Risk,58,102.1,5885.4,Month-to-month,Fiber optic,Credit card (automatic),Yes
3190-FZATL,0.09359969591450872,0,Low Risk,14,19.95,268.4,Month-to-month,No,Mailed check,No
7336-RLLRH,0.10094311642075318,0,Low Risk,27,80.85,2204.35,One year,DSL,Mailed check,No
4373-MAVJG,0.5491539161088971,1,Medium Risk,14,90.9,1259.0,Month-to-month,Fiber optic,Bank transfer (automatic),Yes
8901-HJXTF,0.2765811719380986,0,Low Risk,12,29.2,309.1,Month-to-month,DSL,Mailed check,Yes
7710-JSYOA,0.04262274215696223,0,Low Risk,69,93.3,6398.05,Two year,Fiber optic,Bank transfer (automatic),No
5419-KLXBN,0.38614819455483584,0,Low Risk,25,89.15,2257.75,Month-to-month,Fiber optic,Bank transfer (automatic),Yes
3424-NMNBO,0.2652726049917952,0,Low Risk,58,108.85,6287.25,One year,Fiber optic,Electronic check,Yes
9885-MFVSU,0.03623834368983347,0,Low Risk,35,46.35,1662.05,Two year,DSL,Credit card (automatic),No
4514-GFCFI,0.7392797253549653,1,High Risk,16,84.75,1350.15,Month-to-month,Fiber optic,Electronic check,Yes
0607-MVMGC,0.07442619497186641,0,Low Risk,45,78.75,3600.65,One year,DSL,Credit card (automatic),No
3365-SAIGS,0.5917035158823306,1,Medium Risk,17,83.55,1329.15,Month-to-month,Fiber optic,Electronic check,No
9828-AOQLM,0.47009282477947545,0,Medium Risk,1,45.7,45.7,Month-to-month,DSL,Electronic check,Yes
8022-BECSI,0.04271416508218586,0,Low Risk,22,19.6,422.5,One year,No,Mailed check,No
8000-REIQB,0.7339301470028355,1,High Risk,1,69.95,69.95,Month-to-month,Fiber optic,Electronic check,Yes
9993-LHIEB,0.00615248112857778,0,Low Risk,67,67.85,4627.65,Two year,DSL,Mailed check,No
0266-CLZKZ,0.07045312581031557,0,Low Risk,67,105.65,6717.9,Two year,Fiber optic,Bank transfer (automatic),No
7615-ESMYF,0.6613386435720825,1,Medium Risk,2,44.6,97.1,Month-to-month,DSL,Electronic check,Yes
3858-VOBET,0.6045532346313973,1,Medium Risk,23,74.95,1710.45,Month-to-month,Fiber optic,Electronic check,Yes
7020-OZKXZ,0.4734465053645252,0,Medium Risk,9,75.5,637.4,Month-to-month,Fiber optic,Credit card (automatic),No
3977-QCRSL,0.1635870913445436,0,Low Risk,5,20.15,117.95,Month-to-month,No,Mailed check,No
0017-DINOC,0.014374644220925263,0,Low Risk,54,45.2,2460.55,Two year,DSL,Credit card (automatic),No
1447-PJGGA,0.15859411777520932,0,Low Risk,57,95.25,5464.65,Two year,Fiber optic,Electronic check,Yes
8565-CLBZW,0.5802420512000286,1,Medium Risk,24,89.85,2165.05,Month-to-month,Fiber optic,Mailed check,Yes
9139-WQQDY,0.18147420720044244,0,Low Risk,49,100.45,4941.8,One year,Fiber optic,Mailed check,Yes
0224-HJAPT,0.4622394235193488,0,Medium Risk,5,47.15,223.15,Month-to-month,DSL,Electronic check,Yes
8086-OVPWV,0.7456587212778656,1,High Risk,2,80.2,181.1,Month-to-month,Fiber optic,Electronic check,Yes
9430-FRQOC,0.5202295788539072,1,Medium Risk,4,87.1,341.45,Month-to-month,Fiber optic,Mailed check,Yes
7639-OPLNG,0.010413502030002046,0,Low Risk,70,79.25,5731.85,Two year,DSL,Bank transfer (automatic),No
3074-GQWYX,0.654612508011896,1,Medium Risk,5,75.9,357.75,Month-to-month,Fiber optic,Bank transfer (automatic),Yes
1492-QGCLU,0.09868316188083391,0,Low Risk,53,85.7,4616.1,Month-to-month,DSL,Electronic check,No
6845-RGTYS,0.35971874487221245,0,Low Risk,47,98.75,4533.7,Month-to-month,Fiber optic,Electronic check,Yes
7328-OWMOM,0.020231767650814483,0,Low Risk,31,20.1,589.25,One year,No,Credit card (automatic),No
4418-LZMSV,0.12692790092134842,0,Low Risk,13,61.8,750.1,Month-to-month,DSL,Bank transfer (automatic),No
5155-AZQPB,0.16564250481745002,0,Low Risk,28,49.9,1410.25,Month-to-month,DSL,Mailed check,No
8861-HGGKB,0.6693396474924278,1,Medium Risk,10,86.45,830.85,Month-to-month,Fiber optic,Electronic check,Yes
1087-GRUYI,0.010490894229483032,0,Low Risk,38,20.4,743.5,Two year,No,Bank transfer (automatic),No
7065-YUNRY,0.4397497633331775,0,Medium Risk,1,45.3,45.3,Month-to-month,DSL,Mailed check,Yes
7694-VLBWQ,0.19761613906735226,0,Low Risk,67,104.1,7040.85,One year,Fiber optic,Electronic check,Yes
2546-KZAAT,0.05771224233880197,0,Low Risk,52,75.4,3865.45,One year,DSL,Mailed check,No
0181-RITDD,0.030123527273623423,0,Low Risk,62,108.15,6825.65,Two year,Fiber optic,Mailed check,No
5989-PGKJB,0.6055055189397227,1,Medium Risk,16,86.25,1340.1,Month-to-month,Fiber optic,Electronic check,No
4795-KTRTH,0.7320119384135941,1,High Risk,5,81.0,371.65,Month-to-month,Fiber optic,Electronic check,Yes
8272-ONJLV,0.477078251367205,0,Medium Risk,12,95.7,1184.0,One year,Fiber optic,Electronic check,No
1488-PBLJN,0.0468672781740541,0,Low Risk,72,116.85,8477.7,Two year,Fiber optic,Bank transfer (automatic),No
0308-GIQJT,0.10655460386707764,0,Low Risk,71,105.75,7382.85,One year,Fiber optic,Bank transfer (automatic),No
3778-FOAQW,0.03888783825272145,0,Low Risk,24,20.15,456.85,One year,No,Mailed check,No
4452-ROHMO,0.0317201687261817,0,Low Risk,15,19.6,331.6,Two year,No,Mailed check,No
6481-OGDOO,0.07116040085037988,0,Low Risk,67,90.6,6056.15,One year,Fiber optic,Credit card (automatic),Yes
3090-LETTY,0.22437085076272165,0,Low Risk,2,60.95,134.6,Month-to-month,DSL,Bank transfer (automatic),No
5349-AZPEW,0.38694442610482777,0,Low Risk,5,25.05,125.5,Month-to-month,DSL,Mailed check,No
3753-TSEMP,0.6288785128607665,1,Medium Risk,15,88.15,1390.6,Month-to-month,Fiber optic,Electronic check,Yes
8305-VHZBZ,0.2593735080763988,0,Low Risk,1,20.2,20.2,Month-to-month,No,Mailed check,Yes
9720-JJJOR,0.03508693187506457,0,Low Risk,41,60.3,2511.3,One year,DSL,Bank transfer (automatic),No
8100-HZZLJ,0.1121728847172768,0,Low Risk,43,63.95,2737.05,Month-to-month,DSL,Electronic check,No
8775-ERLNB,0.7241314986963131,1,High Risk,1,74.3,74.3,Month-to-month,Fiber optic,Electronic check,No
8309-IEYJD,0.6653207383292022,1,Medium Risk,1,70.6,70.6,Month-to-month,Fiber optic,Mailed check,No
9172-JITSM,0.5848971676750891,1,Medium Risk,26,90.8,2361.8,Month-to-month,Fiber optic,Electronic check,Yes
6298-QDFNH,0.574937895568461,1,Medium Risk,22,79.35,1730.35,Month-to-month,Fiber optic,Electronic check,Yes
7398-HPYZQ,0.012414575085174967,0,Low Risk,71,90.55,6404.0,Two year,DSL,Bank transfer (automatic),No
3546-GHEAE,0.0465667929817692,0,Low Risk,7,19.45,165.35,Two year,No,Mailed check,No
7361-YPXFS,0.13929438429511162,0,Low Risk,28,64.45,1867.6,Month-to-month,DSL,Bank transfer (automatic),No
6557-BZXLQ,0.5286968222912695,1,Medium Risk,16,69.65,1043.3,Month-to-month,Fiber optic,Electronic check,No
2550-QHZGP,0.08345544906677149,0,Low Risk,7,19.5,128.6,One year,No,Mailed check,No
7519-JTWQH,0.07758594977330832,0,Low Risk,69,110.5,7455.45,Two year,Fiber optic,Bank transfer (automatic),No
2538-OIMXF,0.4267220815446816,0,Medium Risk,1,24.7,24.7,Month-to-month,DSL,Mailed check,No
8543-MSDMF,0.4992255886339403,0,Medium Risk,3,77.4,206.15,Month-to-month,DSL,Electronic check,No
9961-JBNMK,0.6131318496632896,1,Medium Risk,21,96.8,2030.3,Month-to-month,Fiber optic,Bank transfer (automatic),Yes
1170-SASML,0.17114156414987727,0,Low Risk,69,85.4,5869.4,Month-to-month,Fiber optic,Bank transfer (automatic),No
4872-JCVCA,0.0072010298757084245,0,Low Risk,71,47.6,3377.8,Two year,DSL,Bank transfer (automatic),No
5346-BZCHP,0.002018427042733213,0,Low Risk,69,19.4,1346.2,Two year,No,Mailed check,No
2038-LLMLM,0.47304750131792345,0,Medium Risk,48,103.85,4946.05,Month-to-month,Fiber optic,Electronic check,No
6173-ITPWD,0.2992503452262956,0,Low Risk,47,83.35,4065.0,Month-to-month,Fiber optic,Bank transfer (automatic),Yes
9734-UYXQI,0.5823989487880019,1,Medium Risk,2,49.4,106.55,Month-to-month,DSL,Electronic check,Yes
1216-BGTSP,0.3156628984629885,0,Low Risk,45,108.45,4964.7,Month-to-month,Fiber optic,Credit card (automatic),No
4138-NAXED,0.19718972978781912,0,Low Risk,51,81.0,4085.75,Month-to-month,Fiber optic,Bank transfer (automatic),No
2189-UXTKY,0.33757597298167585,0,Low Risk,22,79.2,1742.75,Month-to-month,DSL,Electronic check,Yes
0744-BIKKF,0.011042977390605842,0,Low Risk,72,86.65,6224.8,Two year,DSL,Bank transfer (automatic),No
7483-IQWIB,0.47337663769020316,0,Medium Risk,37,92.95,3415.25,Month-to-month,Fiber optic,Electronic check,No
5248-KWLAR,0.014381870676152148,0,Low Risk,71,90.35,6325.25,Two year,DSL,Electronic check,No
4958-GZWIY,0.31822587893348486,0,Low Risk,7,48.7,340.25,Month-to-month,DSL,Electronic check,Yes
7996-MHXLW,0.0055433178534664215,0,Low Risk,66,25.15,1683.6,Two year,No,Credit card (automatic),No
7833-PKIHD,0.03883984892906319,0,Low Risk,51,76.4,3966.3,One year,DSL,Bank transfer (automatic),No
7061-OVMIM,0.022393666737510483,0,Low Risk,30,19.55,608.5,One year,No,Bank transfer (automatic),No
5153-RTHKF,0.48929039345939507,0,Medium Risk,34,85.35,2896.6,Month-to-month,Fiber optic,Electronic check,No
1852-QSWCD,0.005389576945576323,0,Low Risk,64,24.8,1514.85,Two year,No,Mailed check,No
4832-VRBMR,0.22654522558939447,0,Low Risk,65,103.15,6792.45,One year,Fiber optic,Bank transfer (automatic),No
9079-LWTFD,0.1707593037633996,0,Low Risk,47,100.75,4669.2,Month-to-month,Fiber optic,Mailed check,No
6356-ELRKD,0.7049424872398813,1,High Risk,1,95.6,95.6,Month-to-month,Fiber optic,Electronic check,Yes
8624-GIOUT,0.07879729370774226,0,Low Risk,49,59.75,2934.3,Month-to-month,DSL,Credit card (automatic),Yes
3392-EHMNK,0.0312498955462279,0,Low Risk,67,94.1,6302.8,Two year,Fiber optic,Credit card (automatic),No
5986-WWXDV,0.014715998271721618,0,Low Risk,39,19.35,779.2,One year,No,Bank transfer (automatic),No
3061-BCKYI,0.11495037413683094,0,Low Risk,14,19.9,283.75,Month-to-month,No,Mailed check,No
6179-GJPSO,0.25970862162300645,0,Low Risk,43,108.15,4600.7,Month-to-month,Fiber optic,Credit card (automatic),Yes
7901-TBKJX,0.5464474757359564,1,Medium Risk,56,101.05,5594.0,Month-to-month,Fiber optic,Electronic check,No
7228-PAQPD,0.11256358385534895,0,Low Risk,14,59.1,772.85,One year,DSL,Credit card (automatic),No
3177-LASXD,0.6203517055318252,1,Medium Risk,1,71.35,71.35,Month-to-month,Fiber optic,Electronic check,Yes
7746-QYVCO,0.09099081090654691,0,Low Risk,16,55.85,857.8,One year,DSL,Mailed check,No
5804-HYIEZ,0.27309328504977937,0,Low Risk,70,106.05,7554.05,Month-to-month,Fiber optic,Electronic check,No
9919-FZDED,0.02520540135810375,0,Low Risk,72,84.1,5981.65,Two year,DSL,Credit card (automatic),No
5934-TSSAU,0.364523855077316,0,Low Risk,23,75.3,1702.9,Month-to-month,Fiber optic,Credit card (automatic),No
3486-KHMLI,0.09081161135131074,0,Low Risk,21,24.7,467.15,Month-to-month,No,Mailed check,No
4897-QSUYC,0.2552800335574887,0,Low Risk,1,20.15,20.15,Month-to-month,No,Mailed check,Yes
1084-UQCHV,0.4728663153764133,0,Medium Risk,1,69.75,69.75,Month-to-month,Fiber optic,Bank transfer (automatic),Yes
8290-YWKHZ,0.6956994382208433,1,Medium Risk,32,93.2,2931.0,Month-to-month,Fiber optic,Electronic check,Yes
2955-BJZHG,0.5022850911740815,1,Medium Risk,17,80.85,1400.85,Month-to-month,Fiber optic,Electronic check,Yes
3806-DXQOM,0.47441941111766195,0,Medium Risk,4,33.65,137.85,Month-to-month,DSL,Electronic check,Yes
6784-XYJAE,0.10923694671572122,0,Low Risk,36,55.8,1941.5,One year,DSL,Electronic check,No
3933-DQPWX,0.015063658298812677,0,Low Risk,50,39.7,1932.75,Two year,DSL,Credit card (automatic),No
6661-EIPZC,0.07641581347623987,0,Low Risk,48,29.5,1423.05,Month-to-month,DSL,Credit card (automatic),No
8957-THMOA,0.004437462129298427,0,Low Risk,50,20.15,970.85,Two year,No,Credit card (automatic),No
2251-PYLPB,0.00803440740297841,0,Low Risk,72,79.55,5810.9,Two year,DSL,Credit card (automatic),No
5555-RNPGT,0.1322810277159786,0,Low Risk,10,24.8,223.9,Month-to-month,No,Credit card (automatic),No
1057-FOGLZ,0.09573252052265255,0,Low Risk,18,19.65,391.7,Month-to-month,No,Mailed check,No
9300-RENDD,0.7506365272215938,1,High Risk,1,79.95,79.95,Month-to-month,Fiber optic,Electronic check,Yes
0761-AETCS,0.24620331798011896,0,Low Risk,1,19.3,19.3,Month-to-month,No,Electronic check,Yes
8087-LGYHQ,0.7372051815990629,1,High Risk,9,94.05,811.65,Month-to-month,Fiber optic,Electronic check,No
4137-BTIKL,0.5566887964228212,1,Medium Risk,2,90.75,174.75,Month-to-month,Fiber optic,Mailed check,No
2190-BCXEC,0.2846521911280531,0,Low Risk,40,78.85,3126.85,Month-to-month,Fiber optic,Credit card (automatic),No
6227-FBDXH,0.14554693216106412,0,Low Risk,69,99.5,6841.45,One year,Fiber optic,Bank transfer (automatic),No
2153-MREFK,0.24422034649661978,0,Low Risk,37,99.2,3754.6,One year,Fiber optic,Electronic check,Yes
2911-WDXMV,0.4798602896974356,0,Medium Risk,18,80.55,1406.65,Month-to-month,Fiber optic,Credit card (automatic),No
7206-PQBBZ,0.6728014604373769,1,Medium Risk,11,70.2,834.7,Month-to-month,Fiber optic,Electronic check,No
3106-ULWFW,0.6753890022516589,1,Medium Risk,8,85.2,627.4,Month-to-month,Fiber optic,Credit card (automatic),Yes
0925-VYDLG,0.6709123039527659,1,Medium Risk,3,75.25,242.0,Month-to-month,Fiber optic,Electronic check,Yes
4547-FZJWE,0.02076136049100318,0,Low Risk,55,59.45,3157.0,One year,DSL,Credit card (automatic),No
7422-WNBTY,0.5620857212882204,1,Medium Risk,33,93.35,3092.0,Month-to-month,Fiber optic,Electronic check,No
0842-IWYCP,0.07467618787510047,0,Low Risk,46,44.95,2168.9,Month-to-month,DSL,Bank transfer (automatic),No
3521-HTQTV,0.017755152189433868,0,Low Risk,34,26.1,980.35,Two year,No,Bank transfer (automatic),No
3744-ZBHON,0.22939613367072292,0,Low Risk,3,20.2,65.95,Month-to-month,No,Electronic check,No
3373-DIUUN,0.013463482255951427,0,Low Risk,30,21.25,711.9,Two year,No,Mailed check,No
8383-SGHJU,0.06279826548928032,0,Low Risk,33,59.4,1952.8,One year,DSL,Electronic check,No
7607-QKKTJ,0.19895169337720928,0,Low Risk,45,95.0,4368.85,One year,Fiber optic,Credit card (automatic),No
7707-PYBBH,0.06861516489411236,0,Low Risk,40,61.9,2647.1,Month-to-month,DSL,Mailed check,No
8984-HPEMB,0.08636743844851587,0,Low Risk,71,118.65,8477.6,Two year,Fiber optic,Electronic check,No
4349-GFQHK,0.4931485855577819,0,Medium Risk,1,54.35,54.35,Month-to-month,DSL,Electronic check,Yes
4139-DETXS,0.0076051718411522815,0,Low Risk,72,64.45,4528.0,Two year,DSL,Bank transfer (automatic),No
9779-DPNEJ,0.5494189375019577,1,Medium Risk,22,80.15,1790.65,Month-to-month,Fiber optic,Electronic check,No
9805-FILKB,0.015388077645090037,0,Low Risk,46,20.2,845.6,One year,No,Bank transfer (automatic),No
5793-YOLJN,0.004060005139201213,0,Low Risk,55,21.0,1210.3,Two year,No,Mailed check,No
0673-IGUQO,0.19391963563418266,0,Low Risk,1,20.45,20.45,Month-to-month,No,Mailed check,No
4123-FCVCB,0.27435489351515957,0,Low Risk,12,75.85,854.45,One year,DSL,Mailed check,No
8819-IMISP,0.5009718409288428,1,Medium Risk,31,80.45,2429.1,Month-to-month,Fiber optic,Electronic check,No
7802-EFKNY,0.6187577791268709,1,Medium Risk,5,24.95,100.4,Month-to-month,DSL,Electronic check,Yes
8311-UEUAB,0.03461467661490295,0,Low Risk,67,75.5,5229.45,Two year,DSL,Electronic check,No
5858-EAFCZ,0.35498452054337265,0,Low Risk,1,44.45,44.45,Month-to-month,DSL,Mailed check,No
8035-BUYVG,0.09246515916225595,0,Low Risk,40,42.35,1716.45,One year,DSL,Electronic check,Yes
1163-ONYEY,0.11559073590125733,0,Low Risk,41,74.55,3023.55,Month-to-month,DSL,Credit card (automatic),No
9787-XVQIU,0.7636869852658811,1,High Risk,1,75.3,75.3,Month-to-month,Fiber optic,Electronic check,Yes
8945-MUQUF,0.20639624703475612,0,Low Risk,51,94.8,4837.6,One year,Fiber optic,Electronic check,Yes
5656-MJEFC,0.018757242814295225,0,Low Risk,42,48.15,2032.3,Two year,DSL,Credit card (automatic),No
6082-OQFBA,0.033427255678314866,0,Low Risk,23,19.65,436.9,One year,No,Mailed check,No
8051-HJRLT,0.734024884900188,1,High Risk,1,70.55,70.55,Month-to-month,Fiber optic,Electronic check,Yes
8974-OVACP,0.19056214490272486,0,Low Risk,1,20.15,20.15,Month-to-month,No,Mailed check,No
4010-YLMVT,0.2905569496624241,0,Low Risk,56,106.6,5893.95,Month-to-month,Fiber optic,Credit card (automatic),No
1379-FRVEB,0.6416356237869709,1,Medium Risk,15,91.0,1430.05,Month-to-month,Fiber optic,Electronic check,No
8612-GXIDD,0.05436757197861122,0,Low Risk,12,25.4,313.0,Two year,No,Bank transfer (automatic),No
6288-CHQJB,0.009222728793787263,0,Low Risk,54,69.95,3871.85,Two year,DSL,Bank transfer (automatic),No
8160-HOWOX,0.5745330538850643,1,Medium Risk,7,66.85,458.1,Month-to-month,DSL,Electronic check,No
3023-GFLBR,0.3420726550942949,0,Low Risk,33,86.15,2745.7,Month-to-month,Fiber optic,Credit card (automatic),Yes
6648-INWPS,0.11821162484209369,0,Low Risk,16,20.15,341.35,Month-to-month,No,Electronic check,No
4223-BKEOR,0.07483567151895956,0,Low Risk,21,64.85,1336.8,One year,DSL,Mailed check,No
4079-VTGLK,0.14914128055560422,0,Low Risk,30,74.85,2181.75,Two year,DSL,Electronic check,No
1763-WQFUK,0.33589009494060473,0,Low Risk,3,50.5,147.75,Month-to-month,DSL,Mailed check,No
1391-UBDAR,0.5314893791706563,1,Medium Risk,11,72.9,818.45,Month-to-month,Fiber optic,Electronic check,No
8894-JVDCV,0.11801469705555753,0,Low Risk,62,115.05,7133.45,One year,Fiber optic,Credit card (automatic),No
2023-VQFDL,0.12930905868547313,0,Low Risk,18,19.0,348.8,Month-to-month,No,Electronic check,No
1345-GKDZZ,0.13169626328845008,0,Low Risk,6,19.55,128.6,Month-to-month,No,Mailed check,No
2014-MKGMH,0.40832401231540166,0,Medium Risk,46,101.1,4674.4,One year,Fiber optic,Electronic check,No
5628-FCGYG,0.6789245136557754,1,Medium Risk,21,84.1,1737.45,Month-to-month,Fiber optic,Electronic check,No
2560-WBWXF,0.005006698418932902,0,Low Risk,68,24.15,1498.85,Two year,No,Bank transfer (automatic),No
0248-IPDFW,0.5918115335436824,1,Medium Risk,1,50.1,50.1,Month-to-month,DSL,Electronic check,No
7978-DKUQH,0.5023975113550933,1,Medium Risk,25,74.6,1797.75,Month-to-month,Fiber optic,Electronic check,No
4335-UPJSI,0.01671721488654645,0,Low Risk,24,19.75,498.1,Two year,No,Mailed check,No
0524-IAVZO,0.6213459184272423,1,Medium Risk,30,85.0,2624.25,Month-to-month,Fiber optic,Electronic check,Yes
2737-YNGYW,0.6636127527599373,1,Medium Risk,2,80.55,184.1,Month-to-month,Fiber optic,Electronic check,Yes
1784-EZDKJ,0.27661594190684247,0,Low Risk,51,106.8,5498.8,One year,Fiber optic,Bank transfer (automatic),No
9297-FVVDH,0.034673974220119134,0,Low Risk,57,84.5,4845.4,Two year,DSL,Electronic check,No
8007-YYPWD,0.03951705305755882,0,Low Risk,15,25.05,369.1,Two year,No,Bank transfer (automatic),No
7101-HRBLJ,0.009363844922335898,0,Low Risk,72,83.7,6096.9,Two year,DSL,Bank transfer (automatic),No
5159-YFPKQ,0.6880459060157157,1,Medium Risk,2,75.8,160.75,Month-to-month,Fiber optic,Electronic check,Yes
6635-CPNUN,0.40480588363849945,0,Medium Risk,28,96.6,2684.35,Month-to-month,Fiber optic,Credit card (automatic),No
4021-RQSNY,0.7268288044887163,1,High Risk,29,98.5,3004.15,Month-to-month,Fiber optic,Electronic check,Yes
5453-YBTWV,0.02234184783611835,0,Low Risk,70,101.1,6994.8,Two year,Fiber optic,Credit card (automatic),No
5039-LZRQT,0.06321487603710746,0,Low Risk,13,20.2,273.25,One year,No,Mailed check,No
2931-VUVJN,0.10923699367661528,0,Low Risk,59,94.05,5483.9,One year,Fiber optic,Electronic check,No
9061-TIHDA,0.8061471458937286,1,High Risk,13,95.25,1233.65,Month-to-month,Fiber optic,Electronic check,Yes
8699-ASUFO,0.6922240634925674,1,Medium Risk,7,74.4,527.9,Month-to-month,Fiber optic,Mailed check,Yes
6418-PIQSP,0.013182126684248886,0,Low Risk,62,81.0,4985.9,Two year,DSL,Mailed check,No
8220-OCUFY,0.09980520495034428,0,Low Risk,21,60.25,1258.35,One year,DSL,Electronic check,No
3995-WFCSM,0.46074124826031815,0,Medium Risk,2,60.85,111.4,Month-to-month,DSL,Electronic check,No
1895-QTKDO,0.32905460737006303,0,Low Risk,1,43.95,43.95,Month-to-month,DSL,Credit card (automatic),No
2038-OEQZH,0.641482741453931,1,Medium Risk,4,86.05,308.1,Month-to-month,Fiber optic,Electronic check,No
1178-PZGAB,0.04408836183975572,0,Low Risk,19,20.25,383.65,One year,No,Credit card (automatic),No
7927-AUXBZ,0.35809784517111454,0,Low Risk,30,85.15,2555.9,Month-to-month,Fiber optic,Electronic check,Yes
2626-VEEWG,0.0029874720297541867,0,Low Risk,67,19.4,1284.2,Two year,No,Credit card (automatic),No
2878-RMWXY,0.0627483953511639,0,Low Risk,72,102.65,7550.3,Two year,Fiber optic,Credit card (automatic),No
1657-DYMBM,0.005118940510816216,0,Low Risk,53,19.9,1110.05,Two year,No,Credit card (automatic),No
7311-MQJCH,0.1200523731611926,0,Low Risk,5,19.55,99.6,One year,No,Electronic check,No
7375-WMVMT,0.04310992680498923,0,Low Risk,71,95.5,6707.15,Two year,Fiber optic,Credit card (automatic),No
1136-XGEQU,0.0647603739576626,0,Low Risk,50,84.15,4164.4,One year,DSL,Credit card (automatic),No
2530-FMFXO,0.14210354697135325,0,Low Risk,56,103.2,5873.75,Two year,Fiber optic,Electronic check,No
6844-DZKRF,0.3246607740190682,0,Low Risk,2,50.2,109.25,Month-to-month,DSL,Credit card (automatic),No
4695-WJZUE,0.8086365136181014,1,High Risk,2,88.55,179.25,Month-to-month,Fiber optic,Electronic check,Yes
7619-ODSGN,0.18198578253258255,0,Low Risk,24,54.75,1338.15,Month-to-month,DSL,Electronic check,Yes
5970-GHJAW,0.005543127430677459,0,Low Risk,46,19.95,862.4,Two year,No,Credit card (automatic),No
8879-XUAHX,0.09131485247815295,0,Low Risk,71,116.25,8564.75,Two year,Fiber optic,Electronic check,No
3689-MOZGR,0.27074996504841986,0,Low Risk,29,31.2,926.2,Month-to-month,DSL,Electronic check,No
4195-PNGZS,0.00281031732987976,0,Low Risk,69,24.45,1718.2,Two year,No,Bank transfer (automatic),No
5003-XZWWO,0.016498733512735175,0,Low Risk,71,84.2,5956.85,Two year,DSL,Credit card (automatic),No
3988-RQIXO,0.8094715247229753,1,High Risk,1,91.3,91.3,Month-to-month,Fiber optic,Electronic check,Yes
7622-FWGEW,0.023184816827761166,0,Low Risk,56,85.65,4824.45,Two year,DSL,Bank transfer (automatic),No
6922-NCEDI,0.010578699229027275,0,Low Risk,56,21.2,1238.65,One year,No,Mailed check,No
2514-GINMM,0.750568405432232,1,High Risk,1,79.5,79.5,Month-to-month,Fiber optic,Electronic check,Yes
9891-NQDBD,0.043980100668482694,0,Low Risk,28,25.55,672.2,One year,No,Mailed check,No
6131-IUNXN,0.07543773715576271,0,Low Risk,19,20.2,382.2,Month-to-month,No,Mailed check,No
8548-AWOFC,0.07615808377795572,0,Low Risk,66,63.85,4264.6,Month-to-month,DSL,Electronic check,No
9798-DRYDS,0.1349849022387432,0,Low Risk,17,61.95,1070.7,One year,DSL,Mailed check,No
8532-UEFWH,0.0066527899098546926,0,Low Risk,52,25.75,1345.85,Two year,No,Mailed check,No
6296-DDOOR,0.16285736889317878,0,Low Risk,19,58.2,1045.25,One year,DSL,Electronic check,No
7951-VRDVK,0.044073055281916775,0,Low Risk,36,85.85,3003.55,One year,DSL,Bank transfer (automatic),No
5931-FLJJF,0.6251633516792826,1,Medium Risk,7,70.1,467.55,Month-to-month,Fiber optic,Mailed check,Yes
4815-YOSUK,0.05558397443520482,0,Low Risk,72,104.9,7537.5,One year,Fiber optic,Credit card (automatic),No
2659-VXMWZ,0.1725068900735645,0,Low Risk,67,111.3,7482.1,One year,Fiber optic,Electronic check,Yes
0380-NEAVX,0.40960110585877213,0,Medium Risk,34,99.85,3343.15,One year,Fiber optic,Electronic check,No
3207-OYBWH,0.3374937583751754,0,Low Risk,57,95.25,5427.05,Month-to-month,Fiber optic,Bank transfer (automatic),Yes
4285-GYRQC,0.7040769770932224,1,High Risk,7,86.25,587.1,Month-to-month,Fiber optic,Electronic check,Yes
7216-EWTRS,0.846512390638877,1,High Risk,1,100.8,100.8,Month-to-month,Fiber optic,Electronic check,Yes
4365-MSDYN,0.19338813690813472,0,Low Risk,8,19.55,161.15,Month-to-month,No,Bank transfer (automatic),No
7036-TYDEC,0.0843911820280157,0,Low Risk,69,104.0,7028.5,Two year,Fiber optic,Electronic check,No
5802-ADBRC,0.2352120857521942,0,Low Risk,50,104.4,5232.9,One year,Fiber optic,Mailed check,No
8076-FEZKJ,0.07381948422225515,0,Low Risk,10,19.5,225.85,One year,No,Mailed check,No
5197-YPYBZ,0.0359131979439199,0,Low Risk,12,25.25,274.7,Two year,No,Credit card (automatic),No
8337-MSSXB,0.6210292179926267,1,Medium Risk,14,86.3,1180.95,Month-to-month,Fiber optic,Electronic check,Yes
4312-GVYNH,0.011156243155086095,0,Low Risk,70,49.85,3370.2,Two year,DSL,Bank transfer (automatic),No
8495-LJDFO,0.2529199362788597,0,Low Risk,64,108.95,7111.3,Month-to-month,Fiber optic,Bank transfer (automatic),No
0839-JTCUD,0.010996412074017036,0,Low Risk,66,89.9,5958.85,Two year,DSL,Credit card (automatic),No
5494-WOZRZ,0.011215857205691843,0,Low Risk,71,82.0,5999.85,Two year,DSL,Credit card (automatic),No
1302-UHBDD,0.6179999062512989,1,Medium Risk,20,89.95,1648.45,Month-to-month,Fiber optic,Electronic check,No
2234-EOFPT,0.011497508810315986,0,Low Risk,72,79.35,5753.25,Two year,DSL,Bank transfer (automatic),No
8619-IJNDK,0.002915921223274252,0,Low Risk,71,64.05,4492.9,Two year,DSL,Credit card (automatic),No
8378-LKJAF,0.486996615251251,0,Medium Risk,38,101.15,3956.7,Month-to-month,Fiber optic,Credit card (automatic),No
8182-BJDSI,0.5990211089652656,1,Medium Risk,28,89.95,2625.55,Month-to-month,Fiber optic,Electronic check,Yes
2528-HFYZX,0.5808757298291174,1,Medium Risk,17,76.45,1233.4,Month-to-month,Fiber optic,Electronic check,Yes
1153-GNOLC,0.20517186028121998,0,Low Risk,33,39.1,1309.0,One year,DSL,Electronic check,No
3298-QEICA,0.03364771748702809,0,Low Risk,23,34.6,813.45,Two year,DSL,Mailed check,No
0788-DXBFY,0.01301555169793064,0,Low Risk,58,19.55,1108.8,One year,No,Electronic check,No
3597-YASZG,0.08777458151970596,0,Low Risk,70,104.45,7349.35,Two year,Fiber optic,Bank transfer (automatic),No
3496-LFSZU,0.6057321516903067,1,Medium Risk,4,70.5,294.2,Month-to-month,Fiber optic,Electronic check,No
5242-UOWHD,0.00651569298754555,0,Low Risk,45,20.35,929.2,Two year,No,Mailed check,No
2482-CZGBB,0.6413375329716753,1,Medium Risk,10,70.0,740.0,Month-to-month,Fiber optic,Electronic check,Yes
6479-SZPLM,0.009079759211144645,0,Low Risk,36,19.45,754.5,Two year,No,Credit card (automatic),No
8097-VBQTZ,0.05601153059755474,0,Low Risk,54,69.9,3883.3,Month-to-month,DSL,Mailed check,No
4500-HKANN,0.03883444390021215,0,Low Risk,23,59.7,1414.2,Two year,DSL,Mailed check,No
9917-KWRBE,0.06350341578011351,0,Low Risk,41,78.35,3211.2,One year,DSL,Credit card (automatic),No
3420-ZDBMA,0.6396414592885762,1,Medium Risk,5,71.45,371.6,Month-to-month,Fiber optic,Mailed check,No
2212-LYASK,0.15106463815248142,0,Low Risk,27,45.85,1246.4,One year,DSL,Credit card (automatic),No
1393-IMKZG,0.7144107977481763,1,High Risk,1,95.85,95.85,Month-to-month,Fiber optic,Electronic check,No
8069-RHUXK,0.004832188778181788,0,Low Risk,67,35.7,2545.7,Two year,DSL,Credit card (automatic),No
3398-GCPMU,0.01525054449009322,0,Low Risk,72,89.55,6448.85,Two year,DSL,Credit card (automatic),No
2908-WGAXL,0.00721174394552987,0,Low Risk,56,24.95,1468.9,Two year,No,Credit card (automatic),No
3378-AJRAO,0.023904507697871002,0,Low Risk,44,24.85,1013.6,One year,No,Electronic check,No
1013-QCWAM,0.4495168117940237,0,Medium Risk,66,100.8,6690.75,Month-to-month,Fiber optic,Electronic check,No
0866-QLSIR,0.05449831975920486,0,Low Risk,34,64.4,2088.75,One year,DSL,Mailed check,Yes
6050-FFXES,0.06264541183716614,0,Low Risk,69,105.35,7240.65,Two year,Fiber optic,Bank transfer (automatic),No
7181-BQYBV,0.7118091195868518,1,High Risk,1,102.45,102.45,Month-to-month,Fiber optic,Electronic check,Yes
0362-RAOQO,0.009024717908646018,0,Low Risk,40,19.65,830.25,Two year,No,Credit card (automatic),No
9554-DFKIC,0.14503777101225968,0,Low Risk,30,54.45,1588.7,Month-to-month,DSL,Bank transfer (automatic),No
5527-ACHSO,0.2883355660920234,0,Low Risk,11,70.5,829.3,Month-to-month,DSL,Mailed check,No
0829-DDVLK,0.05279836117711976,0,Low Risk,15,20.1,302.45,One year,No,Credit card (automatic),No
1399-UBQIU,0.5320682716314173,1,Medium Risk,11,69.35,712.25,Month-to-month,DSL,Electronic check,No
1813-JLKWR,0.0045970317010011865,0,Low Risk,64,19.8,1336.65,One year,No,Bank transfer (automatic),No
0336-PIKEI,0.0064555894048913915,0,Low Risk,72,74.4,5360.75,Two year,DSL,Bank transfer (automatic),No
7322-OCWHC,0.030013879084494113,0,Low Risk,72,93.05,6735.05,Two year,Fiber optic,Bank transfer (automatic),No
9537-VHDTA,0.21947263308904774,0,Low Risk,1,51.2,51.2,Month-to-month,DSL,Mailed check,No
4957-TIALW,0.04115141580342471,0,Low Risk,15,65.6,1010.0,One year,DSL,Credit card (automatic),No
2054-PJOCK,0.046764271794977885,0,Low Risk,60,80.55,4847.05,One year,DSL,Credit card (automatic),No
9150-HEPMB,0.01983901096601347,0,Low Risk,56,52.7,3019.7,One year,DSL,Mailed check,No
9030-QGZNL,0.04339305168977196,0,Low Risk,8,20.85,161.65,Two year,No,Mailed check,No
6204-IEUXJ,0.3949527040285982,0,Low Risk,3,80.1,217.55,Month-to-month,Fiber optic,Credit card (automatic),Yes
3126-WQMGH,0.1280926643535082,0,Low Risk,49,52.15,2583.75,Month-to-month,DSL,Credit card (automatic),No
4529-CKBCL,0.7397599061829788,1,High Risk,2,80.2,146.05,Month-to-month,Fiber optic,Electronic check,Yes
2506-CLAKW,0.38022694421596576,0,Low Risk,6,98.15,567.45,Month-to-month,Fiber optic,Bank transfer (automatic),Yes
7176-WRTNX,0.053609452328354214,0,Low Risk,70,114.95,7711.25,Two year,Fiber optic,Bank transfer (automatic),No
1583-IHQZE,0.60197361111685,1,Medium Risk,12,112.95,1384.75,Month-to-month,Fiber optic,Mailed check,Yes
5732-IKGQH,0.14378828613793934,0,Low Risk,52,104.45,5481.25,One year,Fiber optic,Bank transfer (automatic),No
9239-GZHZE,0.05198179458913218,0,Low Risk,72,113.65,8124.2,Two year,Fiber optic,Credit card (automatic),No
7205-BAIAD,0.013441610758145078,0,Low Risk,40,20.6,827.3,Two year,No,Bank transfer (automatic),No
0151-ONTOV,0.540559030536174,1,Medium Risk,1,70.9,70.9,Month-to-month,Fiber optic,Mailed check,Yes
4140-MUHUG,0.7531797711785745,1,High Risk,3,86.85,220.95,Month-to-month,Fiber optic,Electronic check,Yes
0093-EXYQL,0.5718146378312444,1,Medium Risk,40,91.55,3673.6,Month-to-month,Fiber optic,Electronic check,No
8064-RAVOH,0.45945312127697613,0,Medium Risk,1,49.85,49.85,Month-to-month,DSL,Electronic check,No
0219-QAERP,0.027532099149195507,0,Low Risk,30,19.8,576.65,One year,No,Credit card (automatic),No
0320-JDNQG,0.426688905887099,0,Medium Risk,23,99.85,2331.3,Month-to-month,Fiber optic,Electronic check,Yes
7180-PISOG,0.7243918431024922,1,High Risk,1,74.5,74.5,Month-to-month,Fiber optic,Electronic check,Yes
9168-INPSZ,0.4460346542433788,0,Medium Risk,44,104.15,4495.65,Month-to-month,Fiber optic,Electronic check,No
3571-RFHAR,0.3400528979810435,0,Low Risk,65,109.15,6941.2,Month-to-month,Fiber optic,Electronic check,Yes
0015-UOCOJ,0.3929481417847261,0,Low Risk,7,48.2,340.35,Month-to-month,DSL,Electronic check,No
5334-AFQJB,0.004930666549108295,0,Low Risk,72,25.1,1789.9,Two year,No,Credit card (automatic),No
2754-SDJRD,0.6819384773044925,1,Medium Risk,8,100.15,908.55,Month-to-month,Fiber optic,Credit card (automatic),No
9578-VRMNM,0.39599683441735284,0,Low Risk,16,65.2,1043.35,Month-to-month,DSL,Credit card (automatic),Yes
1587-FKLZB,0.34022370279638886,0,Low Risk,66,99.5,6822.15,Month-to-month,Fiber optic,Credit card (automatic),Yes
6140-QNRQQ,0.6365018046160621,1,Medium Risk,1,71.55,71.55,Month-to-month,Fiber optic,Mailed check,Yes
8963-JLGJT,0.20242796539604863,0,Low Risk,3,55.9,157.55,Month-to-month,DSL,Mailed check,No
4307-KTUMW,0.2804132689106635,0,Low Risk,53,93.9,5029.2,Month-to-month,Fiber optic,Electronic check,Yes
1465-LNTLJ,0.3557964318701025,0,Low Risk,8,64.4,581.7,Month-to-month,DSL,Credit card (automatic),No
5440-FLBQG,0.08941564877714898,0,Low Risk,69,108.4,7318.2,Two year,Fiber optic,Bank transfer (automatic),Yes
2135-DQWAQ,0.6101480311314906,1,Medium Risk,5,85.3,420.45,Month-to-month,Fiber optic,Mailed check,No
4056-QHXHZ,0.0333125270624134,0,Low Risk,72,107.45,7576.7,Two year,Fiber optic,Mailed check,No
7470-MCQTK,0.5402533432661507,1,Medium Risk,13,48.75,633.4,Month-to-month,DSL,Bank transfer (automatic),Yes
7488-MXJIV,0.780415352050366,1,High Risk,4,85.65,321.65,Month-to-month,Fiber optic,Electronic check,Yes
7401-JIXNM,0.016057608767902416,0,Low Risk,54,91.3,4965.0,Two year,DSL,Credit card (automatic),No
9339-FIIJL,0.016895562567584427,0,Low Risk,72,85.95,6151.9,Two year,DSL,Bank transfer (automatic),No
2027-FECZV,0.7484239331152077,1,High Risk,12,106.7,1253.9,Month-to-month,Fiber optic,Electronic check,Yes
2672-DZUOY,0.6583265003447796,1,Medium Risk,1,25.15,25.15,Month-to-month,DSL,Electronic check,Yes
4706-DGAHW,0.4701659110277065,0,Medium Risk,1,45.2,45.2,Month-to-month,DSL,Electronic check,No
3870-MQAMG,0.19684093127907018,0,Low Risk,54,110.35,5893.15,One year,Fiber optic,Electronic check,Yes
6670-MFRPK,0.044932283596051156,0,Low Risk,69,79.2,5420.65,Two year,Fiber optic,Credit card (automatic),No
6177-PEVRA,0.01145938975928472,0,Low Risk,48,55.5,2627.35,Two year,DSL,Credit card (automatic),No
4800-CZMPC,0.17128111293790974,0,Low Risk,48,103.25,5037.55,One year,Fiber optic,Credit card (automatic),Yes
4813-HQMGZ,0.6902995004413613,1,Medium Risk,8,90.25,743.75,Month-to-month,Fiber optic,Electronic check,No
7579-KKLOE,0.016083196320956467,0,Low Risk,71,91.25,6589.6,Two year,DSL,Mailed check,No
7377-DMMRI,0.4104442939170051,0,Medium Risk,2,47.8,92.45,Month-to-month,DSL,Electronic check,Yes
8402-EIVQS,0.10075964337534576,0,Low Risk,67,100.9,6733.15,One year,Fiber optic,Credit card (automatic),No
4947-DSMXK,0.4783789237437149,0,Medium Risk,34,97.7,3410.0,Month-to-month,Fiber optic,Bank transfer (automatic),No
7245-NIIWQ,0.6884534240109929,1,Medium Risk,3,69.85,199.85,Month-to-month,Fiber optic,Electronic check,No
0002-ORFBO,0.14635935703010652,0,Low Risk,9,65.6,593.3,One year,DSL,Mailed check,No
3324-OIRTO,0.07549967630665305,0,Low Risk,71,104.65,7288.4,One year,Fiber optic,Bank transfer (automatic),No
5414-OFQCB,0.08377482490733225,0,Low Risk,57,90.45,5229.8,Two year,Fiber optic,Credit card (automatic),No
4967-WPNCF,0.013596495901491533,0,Low Risk,72,63.7,4464.8,Two year,DSL,Bank transfer (automatic),No
8552-OBVRU,0.3002539008471135,0,Low Risk,48,104.5,5068.05,Month-to-month,Fiber optic,Electronic check,No
8499-BRXTD,0.05191732825935436,0,Low Risk,18,20.1,401.85,One year,No,Mailed check,No
9154-QDGTH,0.22141103519041003,0,Low Risk,43,104.3,4451.85,One year,Fiber optic,Credit card (automatic),No
8197-BFWVU,0.014372097931750268,0,Low Risk,72,93.25,6688.95,Two year,DSL,Bank transfer (automatic),No
2577-GVSIL,0.12099344635378892,0,Low Risk,35,73.45,2661.1,One year,DSL,Bank transfer (automatic),No
9367-OIUXP,0.17238836146534506,0,Low Risk,4,20.7,73.05,Month-to-month,No,Mailed check,No
6770-UAYGJ,0.0073644697418029335,0,Low Risk,49,25.25,1211.65,Two year,No,Mailed check,No
6463-HHXJR,0.028572275435226016,0,Low Risk,71,100.5,7030.65,Two year,Fiber optic,Bank transfer (automatic),No
7928-VJYAB,0.608877797569692,1,Medium Risk,11,90.6,1020.2,Month-to-month,Fiber optic,Electronic check,No
1187-WILMM,0.017387443577845666,0,Low Risk,63,89.4,5597.65,Two year,DSL,Credit card (automatic),No
9776-OJUZI,0.281235252300888,0,Low Risk,65,95.45,6223.3,Month-to-month,Fiber optic,Bank transfer (automatic),No
1306-RPWXZ,0.00473821865954983,0,Low Risk,49,20.45,1024.65,Two year,No,Credit card (automatic),No
8949-JTMAY,0.5865159921728412,1,Medium Risk,29,98.6,2933.2,Month-to-month,Fiber optic,Credit card (automatic),Yes
2774-LVQUS,0.6109436210018848,1,Medium Risk,15,83.05,1258.3,Month-to-month,Fiber optic,Electronic check,Yes
3097-PYWXL,0.251550368090873,0,Low Risk,4,19.95,82.9,Month-to-month,No,Electronic check,No
2266-SJNAT,0.09091853356848334,0,Low Risk,72,109.15,7789.6,One year,Fiber optic,Credit card (automatic),No
0869-PAPRP,0.4911049142611222,0,Medium Risk,26,85.7,2067.0,Month-to-month,Fiber optic,Credit card (automatic),No
4238-JSSWH,0.4964450010616803,0,Medium Risk,35,102.05,3452.55,Month-to-month,Fiber optic,Bank transfer (automatic),No
2972-YDYUW,0.1352185134335435,0,Low Risk,57,94.7,5468.95,One year,Fiber optic,Electronic check,No
1104-FEJAM,0.24291260872747636,0,Low Risk,28,64.4,1802.15,Month-to-month,DSL,Electronic check,No
2809-ILCYT,0.0737652498983841,0,Low Risk,25,26.8,733.55,One year,No,Mailed check,No
5499-ECUTN,0.050536448101768966,0,Low Risk,47,66.05,3021.45,One year,DSL,Credit card (automatic),No
4981-FLTMF,0.02590071476892413,0,Low Risk,57,65.2,3687.85,Month-to-month,DSL,Bank transfer (automatic),No
9121-PHQSR,0.6619273187452595,1,Medium Risk,16,85.05,1391.15,Month-to-month,Fiber optic,Credit card (automatic),No
3113-IWHLC,0.3002940527152817,0,Low Risk,5,55.8,274.35,Month-to-month,DSL,Mailed check,No
3211-ILJTT,0.48929422935312383,0,Medium Risk,17,70.4,1214.05,Month-to-month,Fiber optic,Bank transfer (automatic),Yes
4612-THJBS,0.24723196811528778,0,Low Risk,56,104.75,5510.65,One year,Fiber optic,Bank transfer (automatic),Yes
4277-BWBML,0.0016409205014049516,0,Low Risk,72,19.95,1322.85,Two year,No,Bank transfer (automatic),No
4094-NSEDU,0.7590653211192897,1,High Risk,21,94.25,1973.75,Month-to-month,Fiber optic,Electronic check,Yes
0234-TEVTT,0.037791791453076644,0,Low Risk,48,45.0,2196.3,One year,DSL,Credit card (automatic),No
4304-TSPVK,0.042656741503125525,0,Low Risk,68,114.9,7843.55,Two year,Fiber optic,Bank transfer (automatic),No
1552-AAGRX,0.3220627955555613,0,Low Risk,30,106.4,3211.9,Month-to-month,Fiber optic,Bank transfer (automatic),No
2637-FKFSY,0.42409073666351943,0,Medium Risk,3,46.1,130.15,Month-to-month,DSL,Mailed check,No
9796-MVYXX,0.06875375638293456,0,Low Risk,14,39.7,692.35,Two year,DSL,Mailed check,No
7874-ECPQJ,0.18191478256062807,0,Low Risk,4,20.05,85.5,Month-to-month,No,Bank transfer (automatic),No
0020-INWCK,0.0576188798941733,0,Low Risk,71,95.75,6849.4,Two year,Fiber optic,Credit card (automatic),No
7089-RKVSZ,0.08693557458692822,0,Low Risk,8,24.4,203.95,One year,No,Mailed check,No
2683-JXWQQ,0.03167628360918254,0,Low Risk,61,33.6,2117.2,Month-to-month,DSL,Bank transfer (automatic),No
9548-ZMVTX,0.02105891756881162,0,Low Risk,72,90.45,6565.85,Two year,Fiber optic,Bank transfer (automatic),No
8739-XNIKG,0.7756103305868626,1,High Risk,5,84.0,424.75,Month-to-month,Fiber optic,Electronic check,No
9755-JHNMN,0.008662986467071834,0,Low Risk,49,67.4,3306.85,Two year,DSL,Bank transfer (automatic),No
3981-QSVQI,0.19066705515550725,0,Low Risk,8,19.7,168.9,Month-to-month,No,Bank transfer (automatic),No
2789-HQBOU,0.7390926993345748,1,High Risk,3,80.35,253.8,Month-to-month,Fiber optic,Electronic check,No
9424-CMPOG,0.03482495751617033,0,Low Risk,9,19.6,197.4,Two year,No,Mailed check,No
5067-WJEUN,0.007133369690934086,0,Low Risk,67,54.2,3838.2,Two year,DSL,Bank transfer (automatic),No
3450-WXOAT,0.10222414797906851,0,Low Risk,46,45.2,2065.15,Month-to-month,DSL,Credit card (automatic),No
9251-WNSOD,0.0252652742391766,0,Low Risk,67,75.1,5064.45,One year,DSL,Mailed check,No
6974-DAFLI,0.012931937651162177,0,Low Risk,55,19.7,1140.05,One year,No,Electronic check,No
2616-UUTFK,0.18148793425225415,0,Low Risk,33,72.75,2447.45,Month-to-month,DSL,Bank transfer (automatic),No
7064-JHXCE,0.0026548875449234483,0,Low Risk,62,20.05,1263.9,Two year,No,Credit card (automatic),No
5103-MHMHY,0.3009227198570867,0,Low Risk,1,45.95,45.95,Month-to-month,DSL,Mailed check,Yes
7989-AWGEH,0.13807042850132334,0,Low Risk,49,39.2,1838.15,Month-to-month,DSL,Electronic check,No
4373-VVHQL,0.5266848656209805,1,Medium Risk,1,44.75,44.75,Month-to-month,DSL,Electronic check,No
4559-UWIHT,0.6363958003514055,1,Medium Risk,14,82.65,1185.0,Month-to-month,Fiber optic,Electronic check,No
7268-IGMFD,0.4648369721835537,0,Medium Risk,18,93.9,1743.9,Month-to-month,Fiber optic,Bank transfer (automatic),No
1846-XWOQN,0.733961728691985,1,High Risk,1,70.15,70.15,Month-to-month,Fiber optic,Electronic check,Yes
0235-KGSLC,0.6492232276060793,1,Medium Risk,1,85.55,85.55,Month-to-month,Fiber optic,Credit card (automatic),Yes
6650-BWFRT,0.057256833774735276,0,Low Risk,72,117.15,8529.5,Two year,Fiber optic,Credit card (automatic),No
9570-KYEUA,0.036246999339549925,0,Low Risk,64,99.25,6549.45,Two year,Fiber optic,Credit card (automatic),No
6993-YGFJV,0.05859244898293449,0,Low Risk,69,112.55,7806.5,Two year,Fiber optic,Bank transfer (automatic),No
2712-SYWAY,0.38783930628536256,0,Low Risk,1,25.7,25.7,Month-to-month,No,Electronic check,No
0730-BGQGF,0.009393667755512971,0,Low Risk,71,90.3,6287.3,Two year,DSL,Credit card (automatic),No
5498-IBWPI,0.014486655341763464,0,Low Risk,66,49.4,3251.85,One year,DSL,Credit card (automatic),No
9101-NTIXF,0.1869011796583432,0,Low Risk,2,19.4,50.6,Month-to-month,No,Mailed check,No
0013-SMEOE,0.04684149496829245,0,Low Risk,71,109.7,7904.25,Two year,Fiber optic,Bank transfer (automatic),No
9314-QDMDW,0.2896475405657303,0,Low Risk,11,61.25,729.95,One year,DSL,Electronic check,No
9308-ANMVE,0.0765554753618899,0,Low Risk,47,55.3,2654.05,Month-to-month,DSL,Electronic check,No
2884-GBPFB,0.42170124241953183,0,Medium Risk,35,70.3,2416.55,Month-to-month,Fiber optic,Electronic check,Yes
3757-NJYBX,0.5003526410625931,1,Medium Risk,32,106.35,3520.75,Month-to-month,Fiber optic,Bank transfer (automatic),Yes
3413-DHLPB,0.23207740025698084,0,Low Risk,60,103.75,5969.95,Month-to-month,Fiber optic,Bank transfer (automatic),No
7649-PHJVR,0.07033112570523624,0,Low Risk,11,19.5,226.8,One year,No,Mailed check,No
6114-TCFID,0.045633810072226604,0,Low Risk,29,39.5,1082.75,One year,DSL,Credit card (automatic),No
3787-TRIAL,0.38604644223087137,0,Low Risk,21,26.05,565.75,Month-to-month,DSL,Electronic check,No
2573-GYRUU,0.4227158897519739,0,Medium Risk,48,91.05,4370.75,Month-to-month,Fiber optic,Credit card (automatic),No
5156-UMKOW,0.36277511166467796,0,Low Risk,3,29.65,90.05,Month-to-month,DSL,Mailed check,No
1247-QBVSH,0.06423567608987413,0,Low Risk,43,50.2,2169.4,Month-to-month,DSL,Mailed check,No
6734-GMPVK,0.7122936354996786,1,High Risk,5,105.3,550.6,Month-to-month,Fiber optic,Electronic check,No
9822-OAOVB,0.5748956718026363,1,Medium Risk,1,55.45,55.45,Month-to-month,DSL,Electronic check,No
6161-ERDGD,0.03161808018727952,0,Low Risk,71,85.45,6300.85,One year,DSL,Electronic check,No
1226-JZNKR,0.08786004624770326,0,Low Risk,8,19.8,160.05,One year,No,Electronic check,No
7318-EIVKO,0.5826579532372976,1,Medium Risk,8,59.25,436.6,Month-to-month,DSL,Electronic check,No
3771-PZOBW,0.5855136217199146,1,Medium Risk,20,90.7,1781.35,Month-to-month,Fiber optic,Credit card (automatic),No
5136-KCKGI,0.2786688587159199,0,Low Risk,33,103.7,3467.0,One year,Fiber optic,Mailed check,Yes
8231-BSWXX,0.08126958728944908,0,Low Risk,71,79.05,5552.5,One year,Fiber optic,Credit card (automatic),No
6486-LHTMA,0.47881321640322755,0,Medium Risk,31,90.7,2835.5,One year,Fiber optic,Electronic check,No
4083-BFNYK,0.16478500586193076,0,Low Risk,38,95.0,3591.25,One year,Fiber optic,Credit card (automatic),No
3722-WPXTK,0.7886058853457494,1,High Risk,1,88.35,88.35,Month-to-month,Fiber optic,Electronic check,Yes
7389-KBFIT,0.4695745510577542,0,Medium Risk,2,30.25,63.75,Month-to-month,DSL,Mailed check,No
7176-WIONM,0.5523975257166016,1,Medium Risk,12,49.85,617.15,Month-to-month,DSL,Bank transfer (automatic),No
5141-ZUVBH,0.27036212013868643,0,Low Risk,9,93.0,870.25,Month-to-month,Fiber optic,Bank transfer (automatic),No
1089-HDMKP,0.28555198754839084,0,Low Risk,11,54.55,601.25,Month-to-month,DSL,Electronic check,No
7623-HKYRK,0.13122708445340342,0,Low Risk,6,19.7,111.65,Month-to-month,No,Mailed check,No
0310-SUCIN,0.022675137108479678,0,Low Risk,71,84.8,6046.1,One year,DSL,Bank transfer (automatic),No
5197-PYEPU,0.14800012589104392,0,Low Risk,42,94.45,3923.8,One year,Fiber optic,Credit card (automatic),No
2929-ERCFZ,0.7001685473153967,1,High Risk,8,94.2,777.3,Month-to-month,Fiber optic,Electronic check,Yes
7548-SEPYI,0.733541249038542,1,High Risk,5,96.25,512.45,Month-to-month,Fiber optic,Electronic check,Yes
8835-VSDSE,0.7007497130190519,1,High Risk,2,70.7,141.45,Month-to-month,Fiber optic,Electronic check,Yes
6619-RPLQZ,0.006322679598129845,0,Low Risk,45,20.85,892.15,Two year,No,Mailed check,No
3275-RHRNE,0.13700840402068493,0,Low Risk,28,60.0,1682.05,One year,DSL,Credit card (automatic),No
3503-TYDAY,0.3180874331979855,0,Low Risk,43,80.45,3398.9,Month-to-month,Fiber optic,Electronic check,No
6901-GOGZG,0.030855670717100846,0,Low Risk,60,84.95,4984.85,Two year,DSL,Electronic check,No
1623-NLDOT,0.04343100762637643,0,Low Risk,42,33.55,1445.3,One year,DSL,Mailed check,Yes
7021-XSNYE,0.07251552291825611,0,Low Risk,7,49.65,305.55,Two year,DSL,Credit card (automatic),No
9621-OUPYD,0.05032665771692986,0,Low Risk,25,20.2,507.9,One year,No,Bank transfer (automatic),No
9898-KZQDZ,0.48421700646445065,0,Medium Risk,40,94.55,3640.45,Month-to-month,Fiber optic,Credit card (automatic),Yes
8982-NHAVY,0.4394347660092201,0,Medium Risk,27,100.5,2673.45,One year,Fiber optic,Bank transfer (automatic),No
4307-KWMXE,0.34031356540172497,0,Low Risk,10,35.75,389.8,Month-to-month,DSL,Electronic check,No
0141-YEAYS,0.47386944772372747,0,Medium Risk,27,86.45,2401.05,Month-to-month,Fiber optic,Bank transfer (automatic),No
2450-ZKEED,0.10257223089985784,0,Low Risk,11,53.8,651.55,One year,DSL,Bank transfer (automatic),No
3694-DELSO,0.33450374965823315,0,Low Risk,4,38.55,156.1,Month-to-month,DSL,Credit card (automatic),No
3893-JRNFS,0.08349910706747679,0,Low Risk,68,39.9,2796.35,Month-to-month,DSL,Bank transfer (automatic),No
9603-OAIHC,0.7380997478800585,1,High Risk,1,70.05,70.05,Month-to-month,Fiber optic,Electronic check,No
1133-KXCGE,0.05093717143871203,0,Low Risk,18,20.1,407.05,One year,No,Mailed check,No
5236-PERKL,0.10562891432413314,0,Low Risk,57,112.95,6465.0,Two year,Fiber optic,Bank transfer (automatic),Yes
0142-GVYSN,0.12901802124676506,0,Low Risk,26,20.3,511.25,Month-to-month,No,Electronic check,No
1049-FYSYG,0.3369959679773384,0,Low Risk,17,35.65,646.05,Month-to-month,DSL,Credit card (automatic),No
7854-FOKSF,0.6216514622492202,1,Medium Risk,1,35.9,35.9,Month-to-month,DSL,Electronic check,Yes
2519-FAKOD,0.47758654007748186,0,Medium Risk,38,99.25,3777.15,Month-to-month,Fiber optic,Bank transfer (automatic),Yes
8406-LNMHF,0.07269603420151433,0,Low Risk,59,82.95,4903.15,One year,Fiber optic,Credit card (automatic),No
1821-BUCWY,0.04188341214990244,0,Low Risk,30,55.65,1653.85,Two year,DSL,Mailed check,No
8263-JQAIK,0.6057605907567064,1,Medium Risk,2,24.45,47.5,Month-to-month,DSL,Mailed check,Yes
0023-UYUPN,0.026646044102626748,0,Low Risk,50,25.2,1306.3,One year,No,Electronic check,No
8314-DPQHL,0.1567904554410705,0,Low Risk,9,50.8,463.6,One year,DSL,Mailed check,No
1465-WCZVT,0.14837170870086894,0,Low Risk,3,19.65,60.65,Month-to-month,No,Mailed check,No
9481-SFCQY,0.29266278300757587,0,Low Risk,14,59.8,824.85,Month-to-month,DSL,Credit card (automatic),No
6360-SVNWV,0.28778877828056754,0,Low Risk,31,73.55,2094.65,Month-to-month,Fiber optic,Credit card (automatic),No
0567-GGCAC,0.23901207691418938,0,Low Risk,7,61.4,438.9,Month-to-month,DSL,Electronic check,No
7089-IVVAZ,0.5492308846574983,1,Medium Risk,8,103.35,847.3,Month-to-month,Fiber optic,Bank transfer (automatic),Yes
8884-MRNSU,0.041388597231628306,0,Low Risk,17,19.9,329.75,One year,No,Bank transfer (automatic),No
2171-UDMFD,0.05669369480425993,0,Low Risk,32,19.45,674.55,Month-to-month,No,Credit card (automatic),No
9050-IKDZA,0.6212284218522957,1,Medium Risk,2,81.5,162.55,Month-to-month,Fiber optic,Mailed check,No
2205-YMZZJ,0.7919223851770908,1,High Risk,7,84.8,546.95,Month-to-month,Fiber optic,Electronic check,Yes
9802-CAQUT,0.039874276719582165,0,Low Risk,72,109.55,7887.25,Two year,Fiber optic,Credit card (automatic),No
1254-IZEYF,0.6779916210415382,1,Medium Risk,31,99.95,3186.65,Month-to-month,Fiber optic,Electronic check,Yes
0187-WZNAB,0.20365847665755252,0,Low Risk,27,74.4,1972.35,Month-to-month,Fiber optic,Mailed check,No
9492-TOKRI,0.557585924949979,1,Medium Risk,18,90.0,1527.35,Month-to-month,Fiber optic,Credit card (automatic),Yes
1475-VWVDO,0.652818481247492,1,Medium Risk,7,74.9,490.55,Month-to-month,Fiber optic,Electronic check,No
9221-OTIVJ,0.7650708343518037,1,High Risk,14,104.85,1531.4,Month-to-month,Fiber optic,Electronic check,Yes
1357-MVDOZ,0.33355773114422566,0,Low Risk,11,59.65,683.25,Month-to-month,DSL,Bank transfer (automatic),No
7602-MVRMB,0.05033515358342459,0,Low Risk,72,110.45,8058.85,Two year,Fiber optic,Bank transfer (automatic),No
3325-FUYCG,0.2686418395286411,0,Low Risk,28,106.1,2847.4,One year,Fiber optic,Electronic check,Yes
5908-QMGOE,0.6054211841561604,1,Medium Risk,15,74.2,1133.9,Month-to-month,Fiber optic,Credit card (automatic),Yes
1197-BVMVG,0.768023486149662,1,High Risk,4,74.45,294.45,Month-to-month,Fiber optic,Electronic check,No
5406-KGRMX,0.004508336417669928,0,Low Risk,71,24.55,1719.15,Two year,No,Electronic check,No
8481-YYXWG,0.5998863941112779,1,Medium Risk,5,89.35,461.7,Month-to-month,Fiber optic,Electronic check,Yes
5968-HYJRZ,0.008239259893434424,0,Low Risk,47,24.55,1160.45,Two year,No,Mailed check,No
5198-EFNBM,0.21333919922099842,0,Low Risk,57,90.65,5199.8,One year,Fiber optic,Electronic check,No
7516-GMHUV,0.1479234093763226,0,Low Risk,50,105.05,5163.3,Two year,Fiber optic,Credit card (automatic),No
7140-ADSMJ,0.18630043410387587,0,Low Risk,8,20.45,162.3,Month-to-month,No,Credit card (automatic),No
2230-XTUWL,0.0053922594795004185,0,Low Risk,48,19.55,883.35,Two year,No,Mailed check,No
7706-YLMQA,0.004131366217785818,0,Low Risk,70,19.7,1341.5,One year,No,Bank transfer (automatic),No
2585-KTFRE,0.21737131383479938,0,Low Risk,1,70.45,70.45,Month-to-month,DSL,Bank transfer (automatic),No
7994-UYIVZ,0.6877367128366807,1,Medium Risk,8,85.65,659.45,Month-to-month,Fiber optic,Bank transfer (automatic),No
2609-IAICY,0.7600798552841035,1,High Risk,1,77.15,77.15,Month-to-month,Fiber optic,Electronic check,Yes
1740-CSDJP,0.6171634015102692,1,Medium Risk,1,35.25,35.25,Month-to-month,DSL,Bank transfer (automatic),Yes
7717-BICXI,0.0031895279617779175,0,Low Risk,60,20.55,1205.05,Two year,No,Mailed check,No
6559-RAKOZ,0.27079130575439986,0,Low Risk,49,97.95,4917.9,One year,Fiber optic,Electronic check,No
2636-OHFMN,0.6915196033338287,1,Medium Risk,4,48.55,201.0,Month-to-month,DSL,Electronic check,Yes
4716-MRVEN,0.03065558158342651,0,Low Risk,29,20.0,599.3,One year,No,Mailed check,No
2143-LJULT,0.005431186718711307,0,Low Risk,67,25.25,1733.15,Two year,No,Credit card (automatic),No
1323-OOEPC,0.38352143566481844,0,Low Risk,53,98.4,5149.5,Month-to-month,Fiber optic,Credit card (automatic),Yes
3200-MNQTF,0.006387322971933658,0,Low Risk,67,70.9,4677.1,Two year,DSL,Credit card (automatic),No
6164-HXUGH,0.1312427188183557,0,Low Risk,6,19.85,119.3,Month-to-month,No,Mailed check,No
5630-IXDXV,0.5309574780102315,1,Medium Risk,47,106.35,4849.1,Month-to-month,Fiber optic,Electronic check,No
0320-DWVTU,0.033115101159824495,0,Low Risk,53,99.5,5424.25,Two year,Fiber optic,Mailed check,No
9135-MGVPY,0.014138832459400426,0,Low Risk,69,84.7,5878.9,Two year,DSL,Mailed check,No
1212-GLHMD,0.5705460305031888,1,Medium Risk,3,86.05,244.85,Month-to-month,Fiber optic,Mailed check,No
7878-JGDKK,0.32943618263820296,0,Low Risk,4,44.55,220.75,Month-to-month,DSL,Mailed check,No
1088-AUUZZ,0.015294711204965523,0,Low Risk,56,75.85,4261.2,Two year,DSL,Credit card (automatic),No
0397-GZBBC,0.42399294871155063,0,Medium Risk,59,93.85,5574.75,Month-to-month,Fiber optic,Bank transfer (automatic),Yes
6614-YWYSC,0.005875390787461357,0,Low Risk,61,25.0,1501.75,Two year,No,Bank transfer (automatic),No
9588-OZDMQ,0.5159625254666679,1,Medium Risk,2,45.0,89.75,Month-to-month,DSL,Electronic check,No
7641-EUYET,0.35976988168938245,0,Low Risk,46,100.7,4541.2,Month-to-month,Fiber optic,Electronic check,Yes
6476-EPYZR,0.10442549084229354,0,Low Risk,12,20.5,255.5,Month-to-month,No,Mailed check,No
9921-ZVRHG,0.6619256524643135,1,Medium Risk,14,80.45,1072.0,Month-to-month,Fiber optic,Electronic check,Yes
1174-FGIFN,0.32771194951319554,0,Low Risk,28,90.45,2509.25,One year,Fiber optic,Electronic check,No
6620-HVDUJ,0.07510225394668185,0,Low Risk,24,60.45,1440.75,Month-to-month,DSL,Bank transfer (automatic),No
4701-MLJPN,0.1856895468244967,0,Low Risk,31,55.25,1715.65,Month-to-month,DSL,Electronic check,Yes
1032-MAELW,0.028118678667815363,0,Low Risk,68,78.45,5333.35,One year,DSL,Electronic check,No
7641-TQFHN,0.11171070364188625,0,Low Risk,39,100.55,3895.35,Two year,Fiber optic,Mailed check,No
1552-TKMXS,0.030517176479566942,0,Low Risk,42,20.35,869.9,Month-to-month,No,Credit card (automatic),No
9206-GVPEQ,0.45807455133638547,0,Medium Risk,13,54.45,706.85,Month-to-month,DSL,Electronic check,Yes
8622-ZLFKO,0.7410467456019797,1,High Risk,6,90.75,512.25,Month-to-month,Fiber optic,Electronic check,No
1596-BBVTG,0.31595501814709437,0,Low Risk,35,75.35,2636.05,Month-to-month,Fiber optic,Credit card (automatic),Yes
6188-UXBBR,0.02737913566851751,0,Low Risk,38,20.25,814.75,One year,No,Credit card (automatic),No
2333-KWEWW,0.025742736319131897,0,Low Risk,18,20.05,388.6,Two year,No,Credit card (automatic),No
5702-SKUOB,0.17275816445664996,0,Low Risk,4,19.6,93.45,Month-to-month,No,Mailed check,No
1134-YWTYF,0.18773367369622215,0,Low Risk,27,53.8,1389.85,Month-to-month,DSL,Electronic check,No
6061-GWWAV,0.03435562393828449,0,Low Risk,41,70.2,2894.55,One year,DSL,Mailed check,No
0679-TDGAK,0.04214364929112127,0,Low Risk,50,75.5,4025.6,One year,DSL,Electronic check,No
6585-WCEWR,0.002451504612697304,0,Low Risk,72,20.35,1354.4,Two year,No,Electronic check,No
9067-YGSCA,0.0060614535939986485,0,Low Risk,70,26.05,1856.4,One year,No,Credit card (automatic),No
9067-SQTNS,0.012015745416016781,0,Low Risk,44,20.6,926.0,One year,No,Bank transfer (automatic),No
8433-WXGNA,0.6076034664845332,1,Medium Risk,2,75.7,189.2,Month-to-month,Fiber optic,Electronic check,Yes
1776-SPBWV,0.026812518212459852,0,Low Risk,34,20.1,682.1,One year,No,Bank transfer (automatic),No
8735-SDUFN,0.0034677516182826935,0,Low Risk,72,24.3,1778.7,Two year,No,Bank transfer (automatic),No
9668-PUGNU,0.006986994242328352,0,Low Risk,71,24.5,1816.2,Two year,No,Electronic check,No
9405-GPBBG,0.08814678686205736,0,Low Risk,64,110.5,7069.25,Two year,Fiber optic,Credit card (automatic),No
1926-QUZNN,0.00441599397002037,0,Low Risk,72,25.25,1841.2,Two year,No,Bank transfer (automatic),No
3707-GNWHM,0.6993212108176877,1,Medium Risk,1,74.25,74.25,Month-to-month,Fiber optic,Mailed check,Yes
7016-NVRIC,0.1848153400909874,0,Low Risk,29,90.1,2656.7,One year,Fiber optic,Bank transfer (automatic),No
5829-NVSQN,0.08629617147402656,0,Low Risk,23,68.75,1689.45,One year,DSL,Bank transfer (automatic),No
9565-AXSMR,0.004663066598228861,0,Low Risk,52,19.2,1054.75,Two year,No,Mailed check,No
8922-LIEGH,0.6454568400432005,1,Medium Risk,25,89.7,2187.55,Month-to-month,Fiber optic,Electronic check,Yes
8869-LIHMK,0.06469876099633895,0,Low Risk,64,115.1,7334.05,Two year,Fiber optic,Bank transfer (automatic),No
8245-UMPYT,0.7881261595709637,1,High Risk,16,96.4,1581.2,Month-to-month,Fiber optic,Electronic check,Yes
5186-SAMNZ,0.6550796793773281,1,Medium Risk,1,69.5,69.5,Month-to-month,Fiber optic,Bank transfer (automatic),Yes
0447-RXSGD,0.5977059281630634,1,Medium Risk,24,99.65,2404.85,Month-to-month,Fiber optic,Bank transfer (automatic),No
4927-WWOOZ,0.7911615697248092,1,High Risk,2,91.45,171.45,Month-to-month,Fiber optic,Electronic check,No
5788-YPOEG,0.022203567598774166,0,Low Risk,34,84.75,2839.45,Two year,DSL,Mailed check,No
5373-SFODM,0.5139054310531767,1,Medium Risk,36,85.25,3132.75,Month-to-month,Fiber optic,Credit card (automatic),Yes
0661-KBKPA,0.06990465056946991,0,Low Risk,53,78.75,3942.45,One year,DSL,Mailed check,No
9081-WWXKP,0.005165727765194675,0,Low Risk,47,20.25,873.4,Two year,No,Credit card (automatic),No
0784-ZQJZX,0.0016479077937958558,0,Low Risk,72,19.9,1529.65,Two year,No,Credit card (automatic),No
3133-PZNSR,0.027767826514917104,0,Low Risk,72,97.75,6991.6,Two year,Fiber optic,Credit card (automatic),No
5766-ZJYBB,0.19378694265656873,0,Low Risk,1,19.4,19.4,Month-to-month,No,Mailed check,Yes
8931-GJJIQ,0.7548656319705256,1,High Risk,9,83.3,803.3,Month-to-month,Fiber optic,Electronic check,Yes
4277-PVRAN,0.6148972875127922,1,Medium Risk,8,80.1,679.3,Month-to-month,Fiber optic,Bank transfer (automatic),Yes
0022-TCJCI,0.04264803985729463,0,Low Risk,45,62.7,2791.5,One year,DSL,Credit card (automatic),Yes
0722-SVSFK,0.6704558657208005,1,Medium Risk,7,100.4,715.0,Month-to-month,Fiber optic,Electronic check,No
3612-YVGSJ,0.00435110781277503,0,Low Risk,71,24.45,1681.6,Two year,No,Credit card (automatic),No
9825-YCXWZ,0.23452914265215702,0,Low Risk,41,101.1,4016.2,One year,Fiber optic,Bank transfer (automatic),No
5397-NSKQG,0.01316881819743548,0,Low Risk,67,50.9,3281.65,Two year,DSL,Credit card (automatic),No
8565-HBFNN,0.07563712346231528,0,Low Risk,69,107.2,7317.1,One year,Fiber optic,Credit card (automatic),No
2000-DHJUY,0.021832786996228627,0,Low Risk,70,92.2,6474.45,Two year,DSL,Bank transfer (automatic),No
0203-HHYIJ,0.048096662434855164,0,Low Risk,25,25.3,676.35,One year,No,Bank transfer (automatic),Yes
8670-ERCJH,0.03767747614045947,0,Low Risk,72,113.4,8164.1,Two year,Fiber optic,Bank transfer (automatic),No
7758-UJWYS,0.08004547214826659,0,Low Risk,34,40.55,1325.85,Two year,DSL,Electronic check,No
2050-ONYDQ,0.003250948646675623,0,Low Risk,65,26.0,1654.85,Two year,No,Credit card (automatic),No
7055-JCGNI,0.05213497852771262,0,Low Risk,70,111.95,7795.95,Two year,Fiber optic,Credit card (automatic),No
0739-UUAJR,0.016227076364405152,0,Low Risk,72,53.8,3952.45,Two year,DSL,Credit card (automatic),No
4826-DXMUP,0.09449577841451448,0,Low Risk,35,72.1,2495.15,One year,DSL,Mailed check,No
0952-KMEEH,0.5308367810352755,1,Medium Risk,13,98.15,1230.25,Month-to-month,Fiber optic,Mailed check,Yes
7285-KLOTR,0.2521359967635699,0,Low Risk,12,78.85,876.75,One year,DSL,Electronic check,No
0654-PQKDW,0.018130401343896648,0,Low Risk,62,70.75,4263.45,One year,DSL,Bank transfer (automatic),No
7175-NTIXE,0.18333525007187748,0,Low Risk,25,76.15,1992.95,Month-to-month,DSL,Credit card (automatic),No
7963-SHNDT,0.010334733165854587,0,Low Risk,52,39.1,1982.1,Two year,DSL,Mailed check,No
9796-BPKIW,0.5913515589601777,1,Medium Risk,8,69.95,562.7,Month-to-month,Fiber optic,Credit card (automatic),No
0188-GWFLE,0.1863219385459251,0,Low Risk,2,20.05,33.7,Month-to-month,No,Mailed check,No
8129-GMVGI,0.003739058613312924,0,Low Risk,56,20.05,1090.1,Two year,No,Mailed check,No
2882-DDZPG,0.11526632688806432,0,Low Risk,12,19.45,227.45,Month-to-month,No,Bank transfer (automatic),No
3547-LQRIK,0.02652732394554658,0,Low Risk,47,26.9,1250.85,One year,No,Electronic check,No
9137-NOQKA,0.26961345628318617,0,Low Risk,2,19.2,37.2,Month-to-month,No,Electronic check,No
5843-TTHGI,0.27513760362656575,0,Low Risk,18,50.0,892.7,Month-to-month,DSL,Mailed check,No
1849-RJYIG,0.40459354069101666,0,Medium Risk,8,60.0,487.75,Month-to-month,DSL,Electronic check,No
8868-GAGIO,0.26621068128173836,0,Low Risk,45,84.55,3713.95,Month-to-month,Fiber optic,Mailed check,No
4061-UKJWL,0.33684519857572115,0,Low Risk,3,45.45,141.7,Month-to-month,DSL,Mailed check,No
5380-XPJNZ,0.019726259603802438,0,Low Risk,38,20.05,678.2,One year,No,Mailed check,No
8263-QMNTJ,0.08432525643903928,0,Low Risk,72,115.55,8425.3,Two year,Fiber optic,Electronic check,No
8178-EYZUO,0.3612074976388671,0,Low Risk,46,93.7,4154.8,Month-to-month,Fiber optic,Electronic check,Yes
3230-JCNZS,0.040266903505083655,0,Low Risk,71,99.0,7061.65,Two year,Fiber optic,Credit card (automatic),No
0277-ORXQS,0.015204548291437171,0,Low Risk,66,50.55,3364.55,Two year,DSL,Bank transfer (automatic),No
5130-IEKQT,0.549954764203744,1,Medium Risk,25,105.95,2655.25,Month-to-month,Fiber optic,Mailed check,Yes
3230-WYKIR,0.220559404841215,0,Low Risk,18,82.0,1425.45,One year,DSL,Credit card (automatic),Yes
7996-BPXHY,0.05091849775725516,0,Low Risk,13,25.0,332.5,Two year,No,Bank transfer (automatic),No
3227-WLKLI,0.011924059581685317,0,Low Risk,65,91.55,5963.95,Two year,DSL,Bank transfer (automatic),No
0407-BDJKB,0.37545274078500285,0,Low Risk,60,95.75,5742.9,Month-to-month,Fiber optic,Electronic check,Yes
2266-FUBDZ,0.026176173494554728,0,Low Risk,15,19.35,278.85,Two year,No,Mailed check,No
8237-ULIXL,0.002977200957592514,0,Low Risk,72,24.85,1871.85,Two year,No,Credit card (automatic),No
9600-UDOPK,0.5907335679167145,1,Medium Risk,30,94.05,2866.45,Month-to-month,Fiber optic,Credit card (automatic),Yes
8216-AZUUZ,0.14712295494857003,0,Low Risk,42,100.4,4303.65,Two year,Fiber optic,Electronic check,No
9153-BTBVV,0.0031306816415543194,0,Low Risk,71,25.0,1753.0,Two year,No,Bank transfer (automatic),No
4074-SJFFA,0.4933013702587455,0,Medium Risk,1,54.75,54.75,Month-to-month,DSL,Mailed check,Yes
3269-ATYWD,0.5680564739528093,1,Medium Risk,39,95.65,3759.05,Month-to-month,Fiber optic,Bank transfer (automatic),Yes
5186-PEIZU,0.04121438624714963,0,Low Risk,35,19.25,617.65,Month-to-month,No,Bank transfer (automatic),No
1074-AMIOH,0.23381116321604967,0,Low Risk,53,108.25,5935.1,Month-to-month,Fiber optic,Bank transfer (automatic),No
4910-GMJOT,0.8294718106017374,1,High Risk,1,94.6,94.6,Month-to-month,Fiber optic,Electronic check,Yes
0354-WYROK,0.4845361226650374,0,Medium Risk,31,98.9,2911.3,Month-to-month,Fiber optic,Electronic check,Yes
4361-FEBGN,0.00631491539285532,0,Low Risk,48,20.15,982.95,Two year,No,Credit card (automatic),No
7748-UMTRK,0.5787415823624645,1,Medium Risk,30,101.3,2974.5,Month-to-month,Fiber optic,Electronic check,No
0380-ZCSBI,0.12499042253300323,0,Low Risk,10,20.0,198.7,Month-to-month,No,Credit card (automatic),No
7145-FEJWU,0.7001261252403957,1,High Risk,12,105.3,1275.65,Month-to-month,Fiber optic,Electronic check,No
6463-MVYRY,0.011573187471496561,0,Low Risk,57,69.85,4003.0,Two year,DSL,Bank transfer (automatic),No
3969-JQABI,0.058941595035208634,0,Low Risk,58,65.25,3791.6,Month-to-month,DSL,Credit card (automatic),No
9624-EGDEQ,0.011519319167942823,0,Low Risk,37,19.8,813.3,Two year,No,Mailed check,No
1051-EQPZR,0.02370823084758997,0,Low Risk,44,19.6,780.25,Month-to-month,No,Mailed check,No
5849-ASHZJ,0.025133643602759326,0,Low Risk,27,20.05,552.9,One year,No,Credit card (automatic),No
5780-INQIK,0.2791145922112284,0,Low Risk,8,49.4,408.25,Month-to-month,DSL,Electronic check,No
7576-OYWBN,0.7783997278522384,1,High Risk,3,76.05,231.8,Month-to-month,Fiber optic,Electronic check,Yes
4526-ZJJTM,0.38207451932775444,0,Low Risk,25,88.4,2191.15,Month-to-month,Fiber optic,Bank transfer (automatic),No
8384-FZBJK,0.4079044225877118,0,Medium Risk,57,100.6,5611.7,Month-to-month,Fiber optic,Electronic check,No
3750-RNQKR,0.12268486255763848,0,Low Risk,12,19.45,246.25,Month-to-month,No,Mailed check,No
0962-CQPWQ,0.0026924219508063156,0,Low Risk,62,20.3,1296.15,Two year,No,Bank transfer (automatic),No
3096-YXENJ,0.08784497605957656,0,Low Risk,65,107.65,7082.85,Two year,Fiber optic,Bank transfer (automatic),No
1265-BCFEO,0.02662527918466172,0,Low Risk,71,80.45,5662.25,Two year,DSL,Bank transfer (automatic),No
5837-LXSDN,0.12441115965897616,0,Low Risk,21,58.85,1215.45,One year,DSL,Credit card (automatic),No
5945-AZYHT,0.18832299470022093,0,Low Risk,71,109.6,7854.15,One year,Fiber optic,Electronic check,No
8325-QRPZR,0.6499307867975521,1,Medium Risk,7,75.15,525.0,Month-to-month,Fiber optic,Electronic check,No
6384-VMJHP,0.007380467452547534,0,Low Risk,72,73.0,5265.2,Two year,DSL,Credit card (automatic),No
2262-SLNVK,0.6201136086863452,1,Medium Risk,1,70.1,70.1,Month-to-month,Fiber optic,Electronic check,No
7730-CLDSV,0.041764819064619166,0,Low Risk,72,98.65,7129.45,Two year,Fiber optic,Bank transfer (automatic),No
1135-HIORI,0.19161934326841648,0,Low Risk,64,111.45,7266.95,One year,Fiber optic,Electronic check,No
0164-APGRB,0.08251925761773554,0,Low Risk,72,114.9,8496.7,Two year,Fiber optic,Electronic check,No
6481-ESCNL,0.49720693158835205,0,Medium Risk,29,100.55,2878.75,Month-to-month,Fiber optic,Bank transfer (automatic),No
1790-NESIO,0.04950112829874841,0,Low Risk,13,20.4,261.3,Two year,No,Mailed check,No
1550-EENBN,0.44939617604154675,0,Medium Risk,31,104.35,3205.6,Month-to-month,Fiber optic,Electronic check,No
5539-TMZLF,0.7380528483266742,1,High Risk,1,69.75,69.75,Month-to-month,Fiber optic,Electronic check,Yes
4323-SADQS,0.35186186205281245,0,Low Risk,7,34.5,279.25,Month-to-month,DSL,Electronic check,Yes
4446-BZKHU,0.4464998908570652,0,Medium Risk,61,105.55,6281.45,Month-to-month,Fiber optic,Electronic check,Yes
5202-IVJNU,0.10422028843749476,0,Low Risk,39,30.1,1131.3,Month-to-month,DSL,Credit card (automatic),Yes
5976-JCJRH,0.6457562812002463,1,Medium Risk,10,70.3,738.2,Month-to-month,Fiber optic,Electronic check,Yes
8198-RKSZG,0.2352281581142167,0,Low Risk,14,80.45,1137.05,Month-to-month,DSL,Credit card (automatic),No
0137-OCGAB,0.6559409846185932,1,Medium Risk,1,80.2,80.2,Month-to-month,Fiber optic,Mailed check,Yes
3351-NQLDI,0.065152981346383,0,Low Risk,67,94.35,6341.45,One year,Fiber optic,Credit card (automatic),Yes
9297-EONCV,0.017618778157135702,0,Low Risk,72,91.35,6697.2,Two year,DSL,Bank transfer (automatic),No
7593-JNWRU,0.3313611449404572,0,Low Risk,6,44.6,260.8,Month-to-month,DSL,Bank transfer (automatic),Yes
4588-YBNIB,0.25519548685872984,0,Low Risk,1,19.6,19.6,Month-to-month,No,Mailed check,Yes
1069-QJOEE,0.04212778242994088,0,Low Risk,25,19.9,505.45,One year,No,Electronic check,No
3336-JORSO,0.5815966319663117,1,Medium Risk,33,110.45,3655.45,Month-to-month,Fiber optic,Electronic check,Yes
7799-DSEWS,0.24680648598222774,0,Low Risk,18,68.35,1299.8,Month-to-month,DSL,Electronic check,No
8766-PAFNE,0.01640491915536339,0,Low Risk,71,79.1,5564.85,Two year,DSL,Credit card (automatic),No
5315-CKEQK,0.19272395750621943,0,Low Risk,28,51.0,1381.8,One year,DSL,Electronic check,No
3130-ICDUP,0.4199865958950763,0,Medium Risk,2,80.55,188.1,Month-to-month,Fiber optic,Credit card (automatic),No
0820-FNRNX,0.20901966535113786,0,Low Risk,17,66.7,1077.05,Month-to-month,DSL,Mailed check,No
0880-FVFWF,0.24673720477969233,0,Low Risk,56,86.4,4922.4,Month-to-month,Fiber optic,Electronic check,No
4611-ANLQC,0.038370653296670235,0,Low Risk,60,50.05,2911.5,One year,DSL,Electronic check,No
4213-HKBJO,0.017160023427395067,0,Low Risk,33,25.7,826.1,Two year,No,Credit card (automatic),No
2792-LSHWX,0.38978162834532715,0,Low Risk,1,83.4,83.4,Month-to-month,Fiber optic,Mailed check,No
5028-GZLDO,0.5138079627092523,1,Medium Risk,2,70.7,140.7,Month-to-month,Fiber optic,Credit card (automatic),Yes
0014-BMAQU,0.035893461228620034,0,Low Risk,63,84.65,5377.8,Two year,Fiber optic,Credit card (automatic),No
6861-XWTWQ,0.8253883884957727,1,High Risk,7,99.25,665.45,Month-to-month,Fiber optic,Electronic check,Yes
9018-PCIOK,0.028884437429078442,0,Low Risk,55,64.75,3617.1,Two year,DSL,Mailed check,No
4837-QUSFT,0.08233454942853918,0,Low Risk,65,100.15,6643.5,One year,Fiber optic,Bank transfer (automatic),No
6877-TJMBR,0.6772467294717721,1,Medium Risk,1,84.8,84.8,Month-to-month,Fiber optic,Electronic check,Yes
9953-ZMKSM,0.004849852123852994,0,Low Risk,63,25.25,1559.3,Two year,No,Mailed check,No
0907-HQNTS,0.06393592671507782,0,Low Risk,70,113.0,7987.6,Two year,Fiber optic,Credit card (automatic),No
7665-NKLAV,0.018069283552895304,0,Low Risk,36,40.65,1547.35,Two year,DSL,Credit card (automatic),No
6769-DCQLI,0.15212140541940145,0,Low Risk,52,105.0,5426.85,One year,Fiber optic,Bank transfer (automatic),Yes
2433-KMEAS,0.2955146668245995,0,Low Risk,22,54.45,1127.35,Month-to-month,DSL,Electronic check,Yes
4391-LNRXK,0.38045177669245844,0,Low Risk,22,94.95,2142.8,Month-to-month,Fiber optic,Bank transfer (automatic),No
8250-ZNGGW,0.15441331710058928,0,Low Risk,5,59.9,287.85,Month-to-month,DSL,Credit card (automatic),No
2195-ZRVAX,0.4077185976580913,0,Medium Risk,47,85.3,4045.65,Month-to-month,Fiber optic,Electronic check,Yes
3550-SAHFP,0.5867735077468152,1,Medium Risk,33,83.35,2757.85,Month-to-month,Fiber optic,Electronic check,Yes
2011-TRQYE,0.3230320660568909,0,Low Risk,18,33.5,600.0,Month-to-month,DSL,Credit card (automatic),Yes
8562-GHPPI,0.1765171295898612,0,Low Risk,1,19.8,19.8,Month-to-month,No,Credit card (automatic),No
5893-PYOLZ,0.027105650052905716,0,Low Risk,56,81.8,4534.45,Two year,DSL,Credit card (automatic),No
4986-MXSFP,0.24638235659983362,0,Low Risk,2,20.0,40.9,Month-to-month,No,Mailed check,No
6131-FOYAS,0.20494095089032846,0,Low Risk,35,59.6,2094.9,Month-to-month,DSL,Electronic check,No
3027-YNWZU,0.004212407831089372,0,Low Risk,64,25.0,1584.8,Two year,No,Credit card (automatic),No
5609-IMCGG,0.45688014884511163,0,Medium Risk,15,84.35,1302.65,Month-to-month,Fiber optic,Credit card (automatic),No
4873-ILOLJ,0.6557337720223889,1,Medium Risk,24,90.35,2238.5,Month-to-month,Fiber optic,Electronic check,Yes
4727-MCYZG,0.4060101052126124,0,Medium Risk,1,55.55,55.55,Month-to-month,DSL,Mailed check,No
9481-WHGWY,0.0074114977575321225,0,Low Risk,70,75.35,5437.75,Two year,DSL,Credit card (automatic),No
2725-KXXWT,0.7921646446733323,1,High Risk,1,90.75,90.75,Month-to-month,Fiber optic,Electronic check,Yes
9565-DJPIB,0.5423008732082288,1,Medium Risk,4,89.6,365.65,Month-to-month,Fiber optic,Mailed check,Yes
4328-VUFWD,0.06927530530623878,0,Low Risk,39,59.3,2209.15,One year,DSL,Electronic check,No
3301-LSLWQ,0.29974482233638877,0,Low Risk,29,66.1,1912.15,Month-to-month,DSL,Electronic check,No
7473-ZBDSN,0.02681975347512867,0,Low Risk,14,18.8,255.55,Two year,No,Mailed check,No
3166-PNEOF,0.017214238372320376,0,Low Risk,61,86.45,5175.3,Two year,DSL,Credit card (automatic),No
5639-NTUPK,0.19151340979369497,0,Low Risk,13,52.1,670.65,Month-to-month,DSL,Credit card (automatic),No
8780-YRMTT,0.009309054891448402,0,Low Risk,66,47.4,3177.25,Two year,DSL,Mailed check,No
8348-HFYIV,0.7310175096611882,1,High Risk,2,49.25,90.35,Month-to-month,DSL,Electronic check,Yes
5140-FOMCQ,0.16853712687291186,0,Low Risk,59,109.15,6557.75,One year,Fiber optic,Credit card (automatic),No
6242-SGYTS,0.08991929966499972,0,Low Risk,62,94.95,5791.85,One year,Fiber optic,Credit card (automatic),No
8166-ORCHU,0.2072261457177761,0,Low Risk,33,93.55,3055.5,One year,Fiber optic,Electronic check,No
8414-OOEEL,0.015251578572061353,0,Low Risk,66,79.5,5196.1,Two year,DSL,Credit card (automatic),No
8454-AATJP,0.03810790995884388,0,Low Risk,72,115.05,8405.0,Two year,Fiber optic,Credit card (automatic),No
6849-WLEYG,0.16099451412992996,0,Low Risk,1,19.75,19.75,Month-to-month,No,Mailed check,Yes
4659-NZRUF,0.5594559732938247,1,Medium Risk,19,95.15,1789.25,Month-to-month,Fiber optic,Electronic check,Yes
4531-AUZNK,0.11265059097348559,0,Low Risk,51,95.15,5000.05,One year,Fiber optic,Mailed check,No
4191-XOVOM,0.2799902370983448,0,Low Risk,63,105.4,6713.2,Month-to-month,Fiber optic,Electronic check,No
2150-OEGBV,0.032208480929578114,0,Low Risk,27,20.1,562.6,One year,No,Bank transfer (automatic),No
8429-XIBUM,0.5577728804587212,1,Medium Risk,22,101.35,2317.1,Month-to-month,Fiber optic,Bank transfer (automatic),Yes
1855-CFULU,0.19201732209627317,0,Low Risk,4,20.05,91.45,Month-to-month,No,Mailed check,No
4878-BUNFV,0.007432546419040533,0,Low Risk,42,20.7,828.85,Two year,No,Mailed check,No
1872-EBWSC,0.030794417543028505,0,Low Risk,29,20.35,617.35,One year,No,Mailed check,No
2608-BHKFN,0.5831291135933037,1,Medium Risk,4,70.05,266.9,Month-to-month,Fiber optic,Credit card (automatic),Yes
7026-YMSBE,0.029926531032096543,0,Low Risk,30,19.7,625.05,One year,No,Mailed check,No
7341-LXCAF,0.7485518571664486,1,High Risk,4,74.65,301.4,Month-to-month,Fiber optic,Electronic check,Yes
6997-UVGOX,0.006833801091053147,0,Low Risk,71,85.45,6029.9,Two year,DSL,Bank transfer (automatic),No
9674-EHPPG,0.014781528920043726,0,Low Risk,46,40.4,1842.7,Two year,DSL,Credit card (automatic),No
9462-MJUAW,0.39429777358019874,0,Low Risk,4,50.4,206.6,Month-to-month,DSL,Mailed check,Yes
8128-YVJRG,0.5529145469208523,1,Medium Risk,7,79.65,604.7,Month-to-month,Fiber optic,Mailed check,Yes
5440-VHLUL,0.14252723162932263,0,Low Risk,69,105.2,7386.05,One year,Fiber optic,Bank transfer (automatic),No
5781-BKHOP,0.03633200484017116,0,Low Risk,72,100.65,7334.05,Two year,Fiber optic,Bank transfer (automatic),No
4283-FUTGF,0.6634806800273972,1,Medium Risk,19,79.85,1471.75,Month-to-month,Fiber optic,Electronic check,Yes
5213-TWWJU,0.3813242868441362,0,Low Risk,28,91.0,2626.15,Month-to-month,Fiber optic,Electronic check,No
1569-TTNYJ,0.7080530059106562,1,High Risk,5,78.75,412.1,Month-to-month,Fiber optic,Electronic check,Yes
8628-MFKAX,0.062100154389894684,0,Low Risk,72,116.75,8277.05,Two year,Fiber optic,Credit card (automatic),No
2397-BRLOM,0.594235083111676,1,Medium Risk,8,80.45,583.45,Month-to-month,Fiber optic,Credit card (automatic),Yes
7629-WIXZF,0.2599312995830383,0,Low Risk,7,59.1,369.25,One year,DSL,Electronic check,No
5445-GLVOT,0.2325834546065772,0,Low Risk,22,49.8,1049.05,Month-to-month,DSL,Electronic check,No
3976-HXHCE,0.00206106115064848,0,Low Risk,72,19.3,1414.8,Two year,No,Bank transfer (automatic),No
2466-NEJOJ,0.11359318361999249,0,Low Risk,8,19.65,169.75,Month-to-month,No,Credit card (automatic),No
0254-KCJGT,0.04230922304513904,0,Low Risk,52,81.4,4354.45,One year,DSL,Credit card (automatic),No
5472-CVMDX,0.006158268905847273,0,Low Risk,68,38.9,2719.2,Two year,DSL,Mailed check,No
6461-SZMCV,0.012023541847912728,0,Low Risk,71,87.95,6365.35,Two year,DSL,Bank transfer (automatic),No
8150-QUDFX,0.18697717129488023,0,Low Risk,2,19.85,51.6,Month-to-month,No,Mailed check,No
9508-ILZDG,0.49853891118968013,0,Medium Risk,34,96.35,3190.25,Month-to-month,Fiber optic,Electronic check,No
2346-DJQTB,0.20937244243592928,0,Low Risk,35,24.15,812.5,Month-to-month,DSL,Electronic check,No
1697-LYYYX,0.004986763180973253,0,Low Risk,61,19.1,1143.8,One year,No,Credit card (automatic),No
1942-OQFRW,0.43303475564072635,0,Medium Risk,1,44.0,44.0,Month-to-month,DSL,Electronic check,No
4749-VFKVB,0.5108421034682235,1,Medium Risk,1,50.1,50.1,Month-to-month,DSL,Mailed check,Yes
9640-ZSLDC,0.03380151073738955,0,Low Risk,53,60.6,3297.0,One year,DSL,Credit card (automatic),No
4231-LZUYM,0.0030722874084031667,0,Low Risk,72,25.65,1887.0,Two year,No,Bank transfer (automatic),No
7598-UAASY,0.6116674813693708,1,Medium Risk,2,76.4,151.8,Month-to-month,Fiber optic,Electronic check,Yes
7938-OUHIO,0.697631328681104,1,Medium Risk,3,98.7,293.65,Month-to-month,Fiber optic,Electronic check,Yes
8510-AWCXC,0.7262544271674679,1,High Risk,13,100.8,1308.1,Month-to-month,Fiber optic,Electronic check,Yes
6128-AQBMT,0.370699191520128,0,Low Risk,41,53.95,2215.4,Month-to-month,DSL,Electronic check,No
3594-BDSOA,0.035766233468319676,0,Low Risk,24,20.4,482.8,One year,No,Credit card (automatic),No
0431-APWVY,0.3140589768449142,0,Low Risk,28,90.1,2598.95,One year,Fiber optic,Bank transfer (automatic),Yes
5133-VRSAB,0.31106020737860685,0,Low Risk,8,29.35,216.45,Month-to-month,DSL,Mailed check,No
5996-DAOQL,0.25941234612378394,0,Low Risk,1,20.45,20.45,Month-to-month,No,Mailed check,No
6838-YAUVY,0.08994466117064369,0,Low Risk,54,95.1,5064.85,Two year,Fiber optic,Bank transfer (automatic),No
0484-JPBRU,0.0638373981732396,0,Low Risk,41,25.25,996.45,Month-to-month,No,Bank transfer (automatic),No
7883-ROJOC,0.20663881629894199,0,Low Risk,19,44.9,839.65,Month-to-month,DSL,Mailed check,No
0244-LGNFY,0.010019582184537579,0,Low Risk,72,92.65,6733.0,Two year,DSL,Bank transfer (automatic),No
7274-CGTOD,0.009537638916632124,0,Low Risk,62,43.7,2618.3,Two year,DSL,Bank transfer (automatic),No
4295-YURET,0.018428290137925952,0,Low Risk,56,72.6,4084.35,Two year,DSL,Credit card (automatic),No
3426-NIYYL,0.3684871081871894,0,Low Risk,15,51.55,765.5,Month-to-month,DSL,Electronic check,Yes
8225-BTJAU,0.7223974107813226,1,High Risk,10,79.25,793.55,Month-to-month,Fiber optic,Electronic check,Yes
4635-EJYPD,0.011837815696728326,0,Low Risk,32,18.95,613.95,Two year,No,Mailed check,No
1866-ZSLJM,0.07787038108610181,0,Low Risk,21,20.5,402.85,Month-to-month,No,Credit card (automatic),No
4636-TVXVG,0.0050959957063362454,0,Low Risk,62,19.95,1244.8,One year,No,Bank transfer (automatic),No
4236-UJPWO,0.552614793579746,1,Medium Risk,2,24.5,46.4,Month-to-month,DSL,Electronic check,No
9392-XBGTD,0.014933682002284279,0,Low Risk,27,20.6,581.85,Two year,No,Mailed check,No
3387-VATUS,0.7485062273272692,1,High Risk,5,94.85,462.8,Month-to-month,Fiber optic,Bank transfer (automatic),Yes
6402-SSEJG,0.17756360100568275,0,Low Risk,25,61.05,1540.2,One year,DSL,Electronic check,No
1143-NMNQJ,0.7918601140426097,1,High Risk,2,85.7,169.8,Month-to-month,Fiber optic,Electronic check,Yes
1169-SAOCL,0.21512618731977462,0,Low Risk,49,106.65,5168.1,One year,Fiber optic,Bank transfer (automatic),No
1110-KYLGQ,0.18800473828387543,0,Low Risk,63,108.25,6780.1,Month-to-month,Fiber optic,Credit card (automatic),No
9929-PLVPA,0.1296500160944752,0,Low Risk,4,20.4,94.5,Month-to-month,No,Credit card (automatic),No
3518-PZXZQ,0.49809226399278483,0,Medium Risk,1,55.3,55.3,Month-to-month,DSL,Mailed check,No
2371-JUNGC,0.12982814891221123,0,Low Risk,11,20.25,208.0,Month-to-month,No,Mailed check,No
7693-QPEFS,0.3063545600866728,0,Low Risk,52,72.95,3829.75,Month-to-month,Fiber optic,Bank transfer (automatic),No
0924-BJCRC,0.305209494566951,0,Low Risk,60,89.45,5294.6,Month-to-month,Fiber optic,Electronic check,No
5074-FBGHB,0.1752907761781085,0,Low Risk,64,104.65,6889.8,One year,Fiber optic,Credit card (automatic),No
2351-BKRZW,0.02511229282756439,0,Low Risk,43,75.2,3254.35,Two year,DSL,Bank transfer (automatic),No
4455-BFSPD,0.13934430728100555,0,Low Risk,61,101.15,6383.9,One year,Fiber optic,Bank transfer (automatic),No
0415-MOSGF,0.3500953800474417,0,Low Risk,1,44.4,44.4,Month-to-month,DSL,Mailed check,Yes
1724-BQUHA,0.7946085168837547,1,High Risk,5,89.5,477.7,Month-to-month,Fiber optic,Electronic check,Yes
3948-KXDUF,0.006401325183830706,0,Low Risk,66,68.75,4447.55,Two year,DSL,Bank transfer (automatic),No
2323-ARSVR,0.06414294062885557,0,Low Risk,67,111.05,7321.05,Two year,Fiber optic,Electronic check,No
0815-MFZGM,0.11963634054224022,0,Low Risk,42,99.0,4135.0,Two year,Fiber optic,Credit card (automatic),No
4826-XTSOH,0.8259490874106429,1,High Risk,1,86.05,86.05,Month-to-month,Fiber optic,Electronic check,Yes
5480-XTFFL,0.012472788922938521,0,Low Risk,31,21.0,697.7,Two year,No,Mailed check,No
8295-FHIVV,0.20959535244961353,0,Low Risk,7,19.4,168.65,Month-to-month,No,Mailed check,No
2495-INZWQ,0.723338997693031,1,High Risk,4,44.55,174.3,Month-to-month,DSL,Electronic check,Yes
9086-YJYXS,0.12510246039116235,0,Low Risk,34,77.2,2753.8,One year,DSL,Bank transfer (automatic),No
1179-INLAT,0.1387532634510317,0,Low Risk,3,19.45,69.25,One year,No,Mailed check,No
7909-FIOIY,0.3226347777833124,0,Low Risk,19,24.85,434.8,Month-to-month,DSL,Mailed check,No
4139-SUGLD,0.0801374052286184,0,Low Risk,31,35.4,1077.5,Month-to-month,DSL,Bank transfer (automatic),Yes
6857-VWJDT,0.706602328953357,1,High Risk,1,95.65,95.65,Month-to-month,Fiber optic,Mailed check,Yes
6351-SCJKT,0.2717568498198342,0,Low Risk,3,41.35,107.25,Month-to-month,DSL,Mailed check,No
5468-BPMMO,0.03804539947899921,0,Low Risk,46,19.6,851.2,Month-to-month,No,Electronic check,No
5624-BQSSA,0.19066195361631258,0,Low Risk,1,20.95,20.95,Month-to-month,No,Mailed check,Yes
0197-PNKNK,0.042464439267061276,0,Low Risk,69,84.45,5848.6,One year,Fiber optic,Bank transfer (automatic),No
2439-QKJUL,0.16626154900398543,0,Low Risk,5,20.25,109.8,Month-to-month,No,Mailed check,No
1194-SPVSP,0.18369225545865567,0,Low Risk,1,19.65,19.65,Month-to-month,No,Bank transfer (automatic),No
9534-NSXEM,0.04771770753852969,0,Low Risk,26,20.65,595.5,One year,No,Credit card (automatic),No
2408-WITXK,0.6457346317806426,1,Medium Risk,10,34.7,329.8,Month-to-month,DSL,Electronic check,Yes
8929-KSWIH,0.13557341338359843,0,Low Risk,25,99.3,2513.5,Two year,Fiber optic,Bank transfer (automatic),No
2250-IVBWA,0.08714380927298612,0,Low Risk,64,81.05,5135.35,Month-to-month,Fiber optic,Electronic check,No
1810-MVMAI,0.0944132212188882,0,Low Risk,30,67.6,2000.2,Month-to-month,DSL,Electronic check,No
9506-UXUSK,0.6157359705882606,1,Medium Risk,13,70.15,931.75,Month-to-month,Fiber optic,Electronic check,No
1229-RCALF,0.166574021711504,0,Low Risk,64,115.0,7396.15,One year,Fiber optic,Electronic check,No
3572-UOLYZ,0.215437181580987,0,Low Risk,46,84.8,3958.85,Month-to-month,Fiber optic,Bank transfer (automatic),No
1429-UYJSV,0.0661835696569787,0,Low Risk,12,19.7,260.9,One year,No,Mailed check,No
5577-OTWWW,0.10176182221104295,0,Low Risk,15,19.75,297.3,Month-to-month,No,Bank transfer (automatic),Yes
6100-QQHEB,0.7128154554109,1,High Risk,17,92.55,1515.1,Month-to-month,Fiber optic,Electronic check,Yes
6366-XIVKZ,0.24114071057527037,0,Low Risk,13,63.15,816.8,Month-to-month,DSL,Mailed check,No
3470-OBUET,0.0067596747715820355,0,Low Risk,67,74.0,4868.4,Two year,DSL,Credit card (automatic),No
2770-NSVDG,0.31273684371387866,0,Low Risk,24,29.1,688.0,Month-to-month,DSL,Electronic check,No
9375-MHRRS,0.23504232608056666,0,Low Risk,6,50.05,288.35,Month-to-month,DSL,Mailed check,No
2634-HCZGT,0.053701959321369425,0,Low Risk,53,60.05,3229.65,One year,DSL,Electronic check,Yes
7503-QQRVF,0.48559330871330164,0,Medium Risk,16,74.3,1178.25,Month-to-month,Fiber optic,Credit card (automatic),Yes
4860-YZGZM,0.17832695248619126,0,Low Risk,10,20.0,185.4,Month-to-month,No,Electronic check,No
6599-GZWCM,0.324641668747366,0,Low Risk,13,74.65,966.25,One year,Fiber optic,Mailed check,No
2691-NZETQ,0.756831379057088,1,High Risk,9,85.35,758.6,Month-to-month,Fiber optic,Electronic check,Yes
4404-HIBDJ,0.05066862528668142,0,Low Risk,25,74.3,1863.8,One year,DSL,Mailed check,Yes
5533-NHFRF,0.5503226045691977,1,Medium Risk,7,44.4,265.8,Month-to-month,DSL,Electronic check,No
7037-MTYVW,0.043678648402944005,0,Low Risk,38,85.4,3297.0,Two year,DSL,Bank transfer (automatic),No
4760-THGOT,0.39501363248405236,0,Low Risk,43,94.1,4107.3,Month-to-month,Fiber optic,Electronic check,No
7295-JOMMD,0.5417901905310986,1,Medium Risk,4,98.1,396.3,Month-to-month,Fiber optic,Bank transfer (automatic),Yes
4016-BJKTZ,0.21386714899903395,0,Low Risk,25,108.9,2809.05,Two year,Fiber optic,Electronic check,No
6584-VQMYT,0.04321069607109273,0,Low Risk,27,56.2,1567.55,One year,DSL,Mailed check,No
9838-BFCQT,0.002654563390216697,0,Low Risk,72,26.1,1851.45,Two year,No,Mailed check,No
2790-XUYMV,0.04929509922263771,0,Low Risk,71,85.45,6028.95,One year,Fiber optic,Credit card (automatic),No
0581-MDMPW,0.5462593112091291,1,Medium Risk,24,88.95,2072.75,Month-to-month,Fiber optic,Credit card (automatic),No
5013-SBUIH,0.12571020280808115,0,Low Risk,50,109.65,5551.15,Two year,Fiber optic,Electronic check,Yes
1023-BQXZE,0.028553602226345478,0,Low Risk,57,74.35,4317.35,Two year,DSL,Bank transfer (automatic),No
9163-GHAYE,0.2625762551678246,0,Low Risk,15,48.85,736.8,Month-to-month,DSL,Electronic check,No
3904-UKFRE,0.6576726441509811,1,Medium Risk,4,80.1,336.15,Month-to-month,Fiber optic,Electronic check,No
5353-WILCI,0.1250471572934085,0,Low Risk,28,56.05,1522.65,Month-to-month,DSL,Electronic check,No
0709-TVGUR,0.7342871406493406,1,High Risk,9,74.55,622.9,Month-to-month,Fiber optic,Electronic check,Yes
0058-EVZWM,0.2574087158360191,0,Low Risk,55,89.8,4959.6,Month-to-month,Fiber optic,Bank transfer (automatic),No
6023-YEBUP,0.819399247863593,1,High Risk,3,100.95,329.95,Month-to-month,Fiber optic,Electronic check,Yes
7209-JCUDS,0.738512015751447,1,High Risk,10,94.9,1048.85,Month-to-month,Fiber optic,Electronic check,Yes
7009-PCARS,0.006775921965460713,0,Low Risk,55,19.1,1001.5,One year,No,Bank transfer (automatic),No
0519-DRGTI,0.07287190545999803,0,Low Risk,20,20.35,442.6,Month-to-month,No,Mailed check,No
1017-FBQMM,0.13578628260780287,0,Low Risk,62,106.05,6703.5,One year,Fiber optic,Credit card (automatic),No
3001-CBHLQ,0.6286890692470568,1,Medium Risk,32,104.9,3351.55,Month-to-month,Fiber optic,Electronic check,Yes
1985-MBRYP,0.011368271546702424,0,Low Risk,43,19.65,779.25,Two year,No,Bank transfer (automatic),No
6158-DWPZT,0.2423790401121122,0,Low Risk,9,24.1,259.8,One year,DSL,Bank transfer (automatic),Yes
9372-TXXPS,0.005434906390751431,0,Low Risk,60,59.85,3483.45,Two year,DSL,Bank transfer (automatic),No
3259-QMXUN,0.05127961845583479,0,Low Risk,58,86.1,4890.5,Two year,DSL,Electronic check,No
1015-JPFYW,0.06787173231769471,0,Low Risk,7,19.45,136.75,One year,No,Mailed check,No
6645-MXQJT,0.5697804471771766,1,Medium Risk,2,97.1,184.15,Month-to-month,Fiber optic,Electronic check,No
4360-QRAVE,0.20391773747179656,0,Low Risk,37,36.65,1315.0,Month-to-month,DSL,Electronic check,No
8433-WPJTV,0.1567282382801117,0,Low Risk,65,103.9,6767.1,One year,Fiber optic,Bank transfer (automatic),No
5804-JMYIO,0.008353620506726372,0,Low Risk,39,19.75,757.95,Two year,No,Mailed check,No
3763-GCZHZ,0.20638632823597036,0,Low Risk,66,104.05,6890.0,One year,Fiber optic,Electronic check,Yes
6484-LATFU,0.003826076768655471,0,Low Risk,68,24.55,1657.4,Two year,No,Mailed check,No
7599-NTMDP,0.007452089791353193,0,Low Risk,62,48.7,3008.55,Two year,DSL,Bank transfer (automatic),No
0772-GYEQQ,0.5711618949354555,1,Medium Risk,3,88.35,262.05,Month-to-month,Fiber optic,Mailed check,Yes
0536-ACXIP,0.11009466958212254,0,Low Risk,72,109.55,8165.1,Two year,Fiber optic,Electronic check,No
0936-NQLJU,0.008838004043340234,0,Low Risk,41,20.65,875.55,Two year,No,Credit card (automatic),No
4831-EOBFE,0.27948298101970015,0,Low Risk,29,94.65,2649.15,Month-to-month,Fiber optic,Credit card (automatic),Yes
1575-KRZZE,0.2669014018047504,0,Low Risk,4,55.2,220.65,Month-to-month,DSL,Electronic check,No
3251-YMVWZ,0.013407172018966969,0,Low Risk,53,24.05,1301.9,One year,No,Bank transfer (automatic),No
4102-OQUPX,0.7926287112706962,1,High Risk,1,74.4,74.4,Month-to-month,Fiber optic,Electronic check,Yes
9170-GYZJC,0.06079156945708923,0,Low Risk,41,79.9,3326.2,Month-to-month,DSL,Credit card (automatic),Yes
4884-LEVMQ,0.014602425803152833,0,Low Risk,39,20.45,790.0,Two year,No,Bank transfer (automatic),No
8857-CUPFQ,0.003439379626182289,0,Low Risk,63,19.25,1237.65,Two year,No,Mailed check,No
7610-TVOPG,0.2533186276783744,0,Low Risk,15,26.35,378.6,Month-to-month,No,Electronic check,No
3638-DIMPH,0.19032569407392405,0,Low Risk,13,43.8,592.65,One year,DSL,Electronic check,No
1845-ZLLIG,0.4015241756274414,0,Medium Risk,1,50.15,50.15,Month-to-month,DSL,Mailed check,No
8559-WNQZS,0.06065092756834755,0,Low Risk,1,20.45,20.45,Two year,No,Mailed check,No
3999-QGRJH,0.6879433257321231,1,Medium Risk,8,69.7,560.85,Month-to-month,Fiber optic,Electronic check,Yes
1699-UOTXU,0.011682938334327906,0,Low Risk,60,61.4,3638.25,Two year,DSL,Electronic check,No
2454-RPBRZ,0.7264984461495358,1,High Risk,12,98.1,1060.2,Month-to-month,Fiber optic,Electronic check,Yes
0635-WKOLD,0.06010962424831526,0,Low Risk,40,70.75,2921.75,One year,DSL,Credit card (automatic),No
5993-JSUWV,0.009026616301368114,0,Low Risk,66,61.15,4017.45,Two year,DSL,Bank transfer (automatic),No
4518-FZBSX,0.013976721143684225,0,Low Risk,42,20.25,854.9,One year,No,Mailed check,No
5387-ASZNZ,0.018720808242733103,0,Low Risk,66,63.85,4174.35,One year,DSL,Credit card (automatic),No
6988-CJEYV,0.431974236143409,0,Medium Risk,49,98.7,4920.55,Month-to-month,Fiber optic,Electronic check,No
2002-MZHWP,0.19060580629867901,0,Low Risk,1,20.5,20.5,Month-to-month,No,Mailed check,Yes
3097-FQTVJ,0.009355569352842959,0,Low Risk,41,20.0,810.3,Two year,No,Mailed check,No
5465-BUBFA,0.007073526342958981,0,Low Risk,41,19.3,772.4,Two year,No,Bank transfer (automatic),No
7299-GNVPL,0.151393968968212,0,Low Risk,23,84.4,1936.85,Month-to-month,Fiber optic,Mailed check,No
9743-DQKQW,0.5470646903559319,1,Medium Risk,3,25.1,79.8,Month-to-month,DSL,Electronic check,No
1215-VFYVK,0.30483164836072585,0,Low Risk,4,48.25,202.25,Month-to-month,DSL,Mailed check,No
9371-BITHB,0.004584285756195365,0,Low Risk,52,19.85,1070.5,Two year,No,Mailed check,No
2265-CYWIV,0.7735701741594475,1,High Risk,4,99.6,347.65,Month-to-month,Fiber optic,Electronic check,Yes
9093-FPDLG,0.5445013023182426,1,Medium Risk,11,94.2,999.9,Month-to-month,Fiber optic,Electronic check,No
0541-FITGH,0.3843440878530278,0,Low Risk,2,62.15,113.1,Month-to-month,DSL,Mailed check,No
6985-HAYWX,0.3523388599156642,0,Low Risk,26,79.3,2015.8,Month-to-month,Fiber optic,Bank transfer (automatic),No
7508-KBIMB,0.0736286385524367,0,Low Risk,24,56.25,1454.25,One year,DSL,Credit card (automatic),No
6838-HVLXG,0.12274820933591553,0,Low Risk,12,20.3,246.7,Month-to-month,No,Mailed check,No
2277-DJJDL,0.4411787032909663,0,Medium Risk,60,99.0,6017.9,Month-to-month,Fiber optic,Electronic check,No
1897-OKVMW,0.018711692588096324,0,Low Risk,64,90.6,5817.45,Two year,DSL,Mailed check,No
5485-ITNPC,0.014442771949401393,0,Low Risk,66,85.9,5595.3,Two year,DSL,Bank transfer (automatic),No
0233-FTHAV,0.12973549797887166,0,Low Risk,60,79.2,4765.0,One year,Fiber optic,Bank transfer (automatic),No
4644-PIZRT,0.1539341757746471,0,Low Risk,17,70.35,1201.65,One year,DSL,Bank transfer (automatic),No
8922-NPKBJ,0.007497410894190821,0,Low Risk,42,19.35,867.3,Two year,No,Mailed check,No
2740-TVLFN,0.5969755875874002,1,Medium Risk,1,50.15,50.15,Month-to-month,DSL,Electronic check,No
7771-CFQRQ,0.014321855127904539,0,Low Risk,47,63.8,3007.25,Two year,DSL,Bank transfer (automatic),No
9512-PHSMG,0.18770951909327183,0,Low Risk,10,20.55,252.75,Month-to-month,No,Mailed check,No
6963-EZQEE,0.020799163682880855,0,Low Risk,70,88.55,6306.5,Two year,DSL,Credit card (automatic),No
2452-KDRRH,0.3768461480827752,0,Low Risk,67,101.4,6841.05,Month-to-month,Fiber optic,Credit card (automatic),No
2004-OCQXK,0.7470740076934875,1,High Risk,1,81.95,81.95,Month-to-month,Fiber optic,Electronic check,Yes
5027-QPKTE,0.665095396427349,1,Medium Risk,7,69.35,451.1,Month-to-month,Fiber optic,Electronic check,Yes
4146-SVFUD,0.3550122952733091,0,Low Risk,1,44.6,44.6,Month-to-month,DSL,Mailed check,No
1564-HJUVY,0.32110762773528595,0,Low Risk,4,63.75,226.2,Month-to-month,DSL,Bank transfer (automatic),No
3617-XLSGQ,0.045701785216711,0,Low Risk,66,109.25,7082.5,Two year,Fiber optic,Bank transfer (automatic),No
7517-LDMPS,0.6358267438709014,1,Medium Risk,12,84.6,1017.35,Month-to-month,Fiber optic,Electronic check,No
7244-KXYZN,0.03547457895346533,0,Low Risk,24,20.45,527.35,One year,No,Credit card (automatic),No
5226-NOZFC,0.5310127588482039,1,Medium Risk,26,85.75,2146.5,Month-to-month,Fiber optic,Electronic check,No
2672-HUYVI,0.7550028244168666,1,High Risk,6,91.1,455.3,Month-to-month,Fiber optic,Electronic check,Yes
1400-WIVLL,0.12195319209478366,0,Low Risk,57,107.95,5969.85,Two year,Fiber optic,Electronic check,No
7508-MYBOG,0.733279905576121,1,High Risk,14,86.1,1235.55,Month-to-month,Fiber optic,Electronic check,Yes
8148-NLEGT,0.013940466831478322,0,Low Risk,42,22.95,1014.25,Two year,No,Electronic check,No
0148-DCDOS,0.6253690827573475,1,Medium Risk,25,94.7,2362.1,Month-to-month,Fiber optic,Bank transfer (automatic),Yes
8347-GDTMP,0.002902901233120228,0,Low Risk,64,19.45,1225.65,Two year,No,Credit card (automatic),No
9992-RRAMN,0.6792309048147163,1,Medium Risk,22,85.1,1873.7,Month-to-month,Fiber optic,Electronic check,Yes
6746-WAUWT,0.0642251899702861,0,Low Risk,19,19.7,386.5,One year,No,Credit card (automatic),No
0310-MVLET,0.381187721568752,0,Low Risk,61,99.15,6010.05,Month-to-month,Fiber optic,Electronic check,Yes
0428-IKYCP,0.5052291730556422,1,Medium Risk,22,87.0,1850.65,Month-to-month,Fiber optic,Bank transfer (automatic),No
4550-VBOFE,0.4167817752141277,0,Medium Risk,70,102.95,7101.5,Month-to-month,Fiber optic,Electronic check,Yes
2187-PKZAY,0.5915859727060139,1,Medium Risk,12,79.95,1043.4,Month-to-month,Fiber optic,Bank transfer (automatic),No
4003-OCTMP,0.09240104319750345,0,Low Risk,31,64.0,1910.75,One year,DSL,Electronic check,No
6652-YFFJO,0.5382981269335866,1,Medium Risk,11,64.9,716.1,Month-to-month,DSL,Electronic check,No
7225-IILWY,0.0031402824967575824,0,Low Risk,68,25.75,1686.15,Two year,No,Mailed check,No
5248-RPYWW,0.016726459042613894,0,Low Risk,72,90.15,6716.45,Two year,DSL,Bank transfer (automatic),No
7923-IYJWY,0.07178634962592881,0,Low Risk,67,116.1,7839.85,Two year,Fiber optic,Credit card (automatic),No
3170-GWYKC,0.17905028581051127,0,Low Risk,60,104.95,6236.75,Month-to-month,Fiber optic,Bank transfer (automatic),No
5696-QURRL,0.4449736705031413,0,Medium Risk,1,45.05,45.05,Month-to-month,DSL,Mailed check,Yes
7409-KIUTL,0.6878233465220202,1,Medium Risk,1,71.0,71.0,Month-to-month,Fiber optic,Electronic check,Yes
9830-ECLEN,0.02539305439478696,0,Low Risk,58,50.0,2919.85,One year,DSL,Mailed check,No
1732-VHUBQ,0.1722039668179514,0,Low Risk,47,70.55,3309.25,Month-to-month,Fiber optic,Bank transfer (automatic),Yes
0495-RVCBF,0.7467300491005202,1,High Risk,1,79.7,79.7,Month-to-month,Fiber optic,Electronic check,Yes
2668-TZSPS,0.19391963563418266,0,Low Risk,1,20.45,20.45,Month-to-month,No,Mailed check,No
7854-EDSSA,0.19898563276426898,0,Low Risk,22,59.0,1254.7,Month-to-month,DSL,Electronic check,Yes
8869-TORSS,0.02581802666390939,0,Low Risk,48,60.35,2896.4,One year,DSL,Credit card (automatic),Yes
7446-SFAOA,0.028895254360223072,0,Low Risk,37,19.85,717.5,One year,No,Bank transfer (automatic),No
9522-ZSINC,0.12177919875060672,0,Low Risk,13,19.95,253.8,One year,No,Electronic check,No
8234-GSZYK,0.011515206654159378,0,Low Risk,43,26.45,1110.05,Two year,No,Bank transfer (automatic),No
6505-OZNPG,0.14192890125169816,0,Low Risk,6,63.4,348.8,Two year,DSL,Mailed check,No
6164-HAQTX,0.006941212163820981,0,Low Risk,71,53.95,3888.65,Two year,DSL,Bank transfer (automatic),No
0679-IDSTG,0.6917017983843335,1,Medium Risk,1,69.25,69.25,Month-to-month,Fiber optic,Electronic check,Yes
7765-LWVVH,0.05677332972889664,0,Low Risk,72,95.1,6843.15,Two year,Fiber optic,Electronic check,No
1658-TJVOA,0.6032765044604894,1,Medium Risk,6,74.1,450.9,Month-to-month,Fiber optic,Electronic check,No
0953-LGOVU,0.21578066282051986,0,Low Risk,12,35.5,432.25,Month-to-month,DSL,Mailed check,No
2115-BFTIW,0.34209550656679305,0,Low Risk,25,70.95,1767.35,Month-to-month,Fiber optic,Mailed check,Yes
4692-NNQRU,0.22525474008509602,0,Low Risk,21,79.2,1742.45,One year,Fiber optic,Electronic check,No
7742-MYPGI,0.263046040173231,0,Low Risk,6,48.8,297.35,Month-to-month,DSL,Mailed check,No
0611-DFXKO,0.608550872335022,1,Medium Risk,20,89.0,1820.45,Month-to-month,Fiber optic,Mailed check,Yes
7780-OTDSO,0.6709245675391501,1,Medium Risk,18,99.4,1742.95,Month-to-month,Fiber optic,Electronic check,Yes
9619-GSATL,0.0414288703096151,0,Low Risk,43,55.45,2444.25,One year,DSL,Electronic check,No
5622-UEJFI,0.018844279822498873,0,Low Risk,35,25.4,949.8,Two year,No,Credit card (automatic),No
9747-DDZOS,0.5126434308880861,1,Medium Risk,1,73.5,73.5,Month-to-month,Fiber optic,Bank transfer (automatic),Yes
0674-DGMAQ,0.6037620243865824,1,Medium Risk,32,93.5,2970.8,Month-to-month,Fiber optic,Electronic check,No
6203-HBZPA,0.019480682818019585,0,Low Risk,52,63.9,3334.95,Two year,DSL,Credit card (automatic),No
0484-FFVBJ,0.15671661827872777,0,Low Risk,32,64.85,2010.95,One year,DSL,Bank transfer (automatic),No
0301-FIDRB,0.01146103349002951,0,Low Risk,72,63.8,4684.3,Two year,DSL,Bank transfer (automatic),No
4139-JPIAM,0.07957027400406148,0,Low Risk,51,44.45,2181.55,Month-to-month,DSL,Credit card (automatic),No
2181-TIDSV,0.0029283611254063546,0,Low Risk,68,19.95,1303.25,Two year,No,Bank transfer (automatic),No
2761-XECQW,0.5505563515447777,1,Medium Risk,8,43.35,371.4,Month-to-month,DSL,Mailed check,No
1936-CZAKF,0.04243627361542855,0,Low Risk,49,49.65,2409.9,Two year,DSL,Credit card (automatic),No
9453-PATOS,0.008746963844002538,0,Low Risk,72,85.1,6155.4,Two year,DSL,Mailed check,No
0564-JJHGS,0.7967757512430659,1,High Risk,9,95.5,829.1,Month-to-month,Fiber optic,Electronic check,Yes
3348-CFRNX,0.4417651211949365,0,Medium Risk,28,92.35,2602.9,Month-to-month,Fiber optic,Mailed check,Yes
4402-FTBXC,0.1522790206929374,0,Low Risk,54,89.8,4667.0,Month-to-month,Fiber optic,Mailed check,No
1428-GTBJJ,0.5914710215004065,1,Medium Risk,11,74.55,824.75,Month-to-month,Fiber optic,Electronic check,Yes
2931-XIQBR,0.11540490336046723,0,Low Risk,50,103.05,5153.5,One year,Fiber optic,Mailed check,No
0106-UGRDO,0.09039022673404662,0,Low Risk,69,116.0,8182.85,Two year,Fiber optic,Electronic check,No
5542-TBBWB,0.708262969661418,1,High Risk,1,69.9,69.9,Month-to-month,Fiber optic,Electronic check,No
1930-QPBVZ,0.017058699354296176,0,Low Risk,68,95.1,6683.4,Two year,Fiber optic,Bank transfer (automatic),No
2606-PKWJB,0.02639022021471564,0,Low Risk,40,40.25,1564.05,One year,DSL,Mailed check,No
5322-ZSMZY,0.01709689313687547,0,Low Risk,31,25.75,755.6,Two year,No,Mailed check,No
8059-UDZFY,0.5109784510890097,1,Medium Risk,33,105.35,3465.05,Month-to-month,Fiber optic,Bank transfer (automatic),No
7740-BTPUX,0.19097127652495846,0,Low Risk,55,113.6,6292.7,Two year,Fiber optic,Electronic check,No
5220-AGAAX,0.004247730639543685,0,Low Risk,68,24.0,1664.3,Two year,No,Bank transfer (automatic),No
0208-BPQEJ,0.09523464146320675,0,Low Risk,12,19.4,198.1,Month-to-month,No,Bank transfer (automatic),No
9435-JMLSX,0.012450841245192327,0,Low Risk,71,86.1,6045.9,Two year,DSL,Bank transfer (automatic),No
3352-ALMCK,0.49967968556871806,0,Medium Risk,40,102.65,4108.15,Month-to-month,Fiber optic,Mailed check,No
5312-IRCFR,0.1692775511478736,0,Low Risk,64,92.85,5980.75,One year,Fiber optic,Electronic check,No
5294-IMHHT,0.10881543571486096,0,Low Risk,53,97.75,5043.2,One year,Fiber optic,Bank transfer (automatic),No
8802-UNOJF,0.4408308964986065,0,Medium Risk,12,83.8,1029.75,Month-to-month,Fiber optic,Mailed check,Yes
6313-GIDIT,0.2651858237019949,0,Low Risk,53,54.45,2854.55,Month-to-month,DSL,Electronic check,Yes
6176-YJWAS,0.04907041680570591,0,Low Risk,72,97.95,7114.25,Two year,Fiber optic,Credit card (automatic),No
5310-NOOVA,0.010446094313856572,0,Low Risk,46,19.95,907.05,Two year,No,Electronic check,No
4526-EXKKN,0.020072100881422385,0,Low Risk,40,24.6,973.95,Two year,No,Mailed check,No
5311-IHLEI,0.2796056516759621,0,Low Risk,12,50.95,605.75,Month-to-month,DSL,Bank transfer (automatic),No
3987-KQDDU,0.45301834845523675,0,Medium Risk,9,75.6,661.55,Month-to-month,Fiber optic,Electronic check,No
3404-JNXAX,0.2580922998636144,0,Low Risk,51,80.75,4116.9,Month-to-month,Fiber optic,Electronic check,No
5131-PONJI,0.23630322277100752,0,Low Risk,49,90.4,4494.65,Month-to-month,Fiber optic,Credit card (automatic),No
2845-AFFTX,0.6594866543257989,1,Medium Risk,41,99.8,4259.3,Month-to-month,Fiber optic,Electronic check,Yes
3489-VSFRD,0.018812881441839475,0,Low Risk,56,60.25,3282.75,One year,DSL,Credit card (automatic),No
3345-JHUEO,0.2953440800846999,0,Low Risk,4,20.2,55.7,Month-to-month,No,Electronic check,No
5815-HGGHV,0.10226815987802997,0,Low Risk,20,64.15,1274.45,One year,DSL,Mailed check,No
5260-UMPWX,0.07156314026655261,0,Low Risk,26,20.25,493.95,Month-to-month,No,Credit card (automatic),No
2249-YPRNG,0.5726783129276207,1,Medium Risk,20,105.85,2239.65,Month-to-month,Fiber optic,Bank transfer (automatic),Yes
7410-YTJIK,0.558184540976439,1,Medium Risk,7,75.45,480.75,Month-to-month,Fiber optic,Mailed check,Yes
4626-GYCZP,0.8056942798655906,1,High Risk,7,93.85,635.6,Month-to-month,Fiber optic,Electronic check,Yes
5649-RXQTV,0.4247584762181126,0,Medium Risk,51,99.0,5038.15,Month-to-month,Fiber optic,Electronic check,No
2674-MIAHT,0.6337805719518323,1,Medium Risk,4,80.3,324.2,Month-to-month,Fiber optic,Mailed check,No
2576-HXMPA,0.17648774467569298,0,Low Risk,1,19.55,19.55,Month-to-month,No,Credit card (automatic),No
7587-AOVVU,0.2943924129234874,0,Low Risk,27,100.75,2793.55,Month-to-month,Fiber optic,Electronic check,No
5590-BYNII,0.639010573210321,1,Medium Risk,22,100.75,2095.0,Month-to-month,Fiber optic,Electronic check,Yes
6898-MDLZW,0.2297390332231766,0,Low Risk,12,53.75,648.65,Month-to-month,DSL,Mailed check,No
3237-AJGEH,0.40898262938984226,0,Medium Risk,3,31.0,95.05,Month-to-month,DSL,Mailed check,Yes
4707-YNOQA,0.03639897500880486,0,Low Risk,34,25.6,917.15,One year,No,Credit card (automatic),No
9357-UJRUN,0.12290545011753969,0,Low Risk,24,58.35,1346.9,One year,DSL,Electronic check,No
1591-NFNLQ,0.2211745472130842,0,Low Risk,51,80.0,4242.35,Month-to-month,Fiber optic,Credit card (automatic),Yes
8648-PFRMP,0.6657494394377454,1,Medium Risk,14,46.35,672.7,Month-to-month,DSL,Electronic check,No
7663-CUXZB,0.07299109715578513,0,Low Risk,59,113.75,6561.25,Two year,Fiber optic,Electronic check,No
0258-NOKBL,0.6093541641255029,1,Medium Risk,3,90.4,268.45,Month-to-month,Fiber optic,Electronic check,No
1163-VIPRI,0.06115920861886979,0,Low Risk,65,109.3,7337.55,Two year,Fiber optic,Electronic check,No
2815-CPTUL,0.6372188136088275,1,Medium Risk,5,70.25,331.9,Month-to-month,Fiber optic,Mailed check,Yes
9348-ROUAI,0.01310857806932122,0,Low Risk,59,90.3,5194.05,Two year,DSL,Credit card (automatic),No
9443-JUBUO,0.010843935578450184,0,Low Risk,72,65.25,4478.85,Two year,DSL,Credit card (automatic),No
0596-BQCEQ,0.31036989722611164,0,Low Risk,62,100.15,6283.3,Month-to-month,Fiber optic,Electronic check,Yes
1481-ZUWZA,0.3970077422050496,0,Low Risk,28,94.5,2659.4,Month-to-month,Fiber optic,Credit card (automatic),Yes
3043-TYBNO,0.3032683795318728,0,Low Risk,3,60.65,196.9,Month-to-month,DSL,Mailed check,No
4830-FAXFM,0.1274187278052423,0,Low Risk,19,24.1,439.2,Month-to-month,No,Credit card (automatic),No
5906-BFOZT,0.2592647816461904,0,Low Risk,1,19.5,19.5,Month-to-month,No,Mailed check,No
2960-NKRSO,0.39655983218121765,0,Low Risk,24,85.95,2107.15,Month-to-month,Fiber optic,Electronic check,No
8996-ZROXE,0.04524115322248253,0,Low Risk,57,53.5,3035.8,One year,DSL,Electronic check,No
5598-IKHQQ,0.0029168525984286948,0,Low Risk,72,25.45,1866.45,Two year,No,Credit card (automatic),No
0397-ZXWQF,0.0026892791377723575,0,Low Risk,67,20.5,1430.95,Two year,No,Bank transfer (automatic),No
5266-PFRQK,0.01161090893699904,0,Low Risk,52,20.85,1071.6,One year,No,Credit card (automatic),No
4674-HGNUA,0.009790674331465613,0,Low Risk,71,89.9,6457.15,Two year,DSL,Credit card (automatic),No
6765-MBQNU,0.048750910863374707,0,Low Risk,26,26.0,684.05,One year,No,Mailed check,No
9786-IJYDL,0.12647828750121287,0,Low Risk,35,113.2,3914.05,Two year,Fiber optic,Mailed check,No
1303-SRDOK,0.048606578284397024,0,Low Risk,55,69.05,3842.6,Two year,Fiber optic,Credit card (automatic),No
3769-MHZNV,0.011165136513219077,0,Low Risk,33,20.1,670.35,Two year,No,Mailed check,No
6295-OSINB,0.10538161004209669,0,Low Risk,72,109.65,7880.25,Two year,Fiber optic,Electronic check,No
3308-MHOOC,0.21830401663398474,0,Low Risk,1,19.2,19.2,Month-to-month,No,Mailed check,No
2309-OSFEU,0.5340476323240055,1,Medium Risk,10,33.9,298.45,Month-to-month,DSL,Mailed check,Yes
2207-QPJED,0.3485800881074272,0,Low Risk,37,90.0,3371.75,Month-to-month,Fiber optic,Electronic check,No
4177-JPDFU,0.2529872186049491,0,Low Risk,12,34.0,442.45,Month-to-month,DSL,Mailed check,No
2239-CFOUJ,0.08995810956295583,0,Low Risk,1,20.4,20.4,One year,No,Mailed check,No
8046-DNVTL,0.00925682632727223,0,Low Risk,62,38.6,2345.55,Two year,DSL,Credit card (automatic),No
2209-XADXF,0.4662029432467409,0,Medium Risk,1,25.25,25.25,Month-to-month,DSL,Bank transfer (automatic),No
6620-JDYNW,0.2600046846177621,0,Low Risk,18,60.6,1156.35,Month-to-month,DSL,Mailed check,No
1891-FZYSA,0.3345328968084103,0,Low Risk,69,89.95,6143.15,Month-to-month,Fiber optic,Electronic check,Yes
4770-UEZOX,0.6623020534185838,1,Medium Risk,2,74.75,144.8,Month-to-month,Fiber optic,Electronic check,No
1038-RQOST,0.07753595241235567,0,Low Risk,19,20.6,414.95,Month-to-month,No,Mailed check,No
7613-LLQFO,0.7411828760412745,1,High Risk,12,84.45,1059.55,Month-to-month,Fiber optic,Electronic check,Yes
4568-TTZRT,0.141356176011844,0,Low Risk,9,20.4,181.8,Month-to-month,No,Mailed check,No
9513-DXHDA,0.09926850317313422,0,Low Risk,27,81.7,2212.55,One year,DSL,Electronic check,No
2640-PMGFL,0.43139822794749233,0,Medium Risk,27,79.5,2180.55,Month-to-month,Fiber optic,Electronic check,Yes
3801-HMYNL,0.6004617420495888,1,Medium Risk,1,89.15,89.15,Month-to-month,Fiber optic,Mailed check,Yes
0516-QREYC,0.11732725555209157,0,Low Risk,24,20.3,459.95,Month-to-month,No,Mailed check,No
9685-WKZGT,0.7065027602642557,1,High Risk,14,74.95,1036.75,Month-to-month,Fiber optic,Electronic check,Yes
6022-UGGSO,0.43940644185442396,0,Medium Risk,32,74.4,2276.95,Month-to-month,Fiber optic,Electronic check,Yes
8084-OIVBS,0.06872851910750452,0,Low Risk,11,20.0,211.95,One year,No,Mailed check,No
8896-BQTTI,0.3178490470021664,0,Low Risk,1,25.0,25.0,Month-to-month,No,Mailed check,No
3865-QBWSJ,0.3028238824302155,0,Low Risk,38,80.45,3162.65,Month-to-month,Fiber optic,Mailed check,No
3352-RICWQ,0.03422440786957575,0,Low Risk,9,19.75,210.65,Two year,No,Mailed check,No
2160-GPFXD,0.011597391418474517,0,Low Risk,54,65.65,3566.7,Two year,DSL,Credit card (automatic),No
2065-MMKGR,0.21889076600356777,0,Low Risk,29,71.0,2080.1,One year,DSL,Credit card (automatic),No
5857-TYBCJ,0.5587046097773387,1,Medium Risk,44,89.2,4040.2,Month-to-month,Fiber optic,Electronic check,No
1498-NHTLT,0.02213329231475081,0,Low Risk,59,86.75,5186.0,Two year,DSL,Electronic check,No
4484-CGXFK,0.5576852310911179,1,Medium Risk,3,55.3,196.15,Month-to-month,DSL,Electronic check,Yes
1402-PTHGN,0.059967010869565227,0,Low Risk,18,61.5,1087.45,One year,DSL,Mailed check,No
4176-RELJR,0.004277199660489735,0,Low Risk,67,25.1,1672.15,Two year,No,Credit card (automatic),No
6214-EDAKZ,0.1335255889960654,0,Low Risk,22,55.15,1206.05,Month-to-month,DSL,Electronic check,Yes
5199-FPUSP,0.0367112883345234,0,Low Risk,33,34.05,1113.95,One year,DSL,Credit card (automatic),No
6377-KSLXC,0.16614393440449077,0,Low Risk,5,19.95,107.05,Month-to-month,No,Mailed check,No
1796-JANOW,0.18325872776572366,0,Low Risk,2,19.95,38.15,Month-to-month,No,Mailed check,No
0238-WHBIQ,0.009029781925523625,0,Low Risk,72,89.7,6339.3,Two year,DSL,Credit card (automatic),No
8735-NBLWT,0.11618708856847514,0,Low Risk,9,20.4,184.1,Month-to-month,No,Mailed check,No
6651-RLGGM,0.003311933596608189,0,Low Risk,67,26.3,1688.9,Two year,No,Mailed check,No
6127-ISGTU,0.7150015099998859,1,High Risk,16,84.95,1378.25,Month-to-month,Fiber optic,Electronic check,Yes
1614-JBEBI,0.19653387988365192,0,Low Risk,8,20.7,137.6,Month-to-month,No,Mailed check,No
8740-XLHDR,0.295598286959709,0,Low Risk,5,43.25,219.0,Month-to-month,DSL,Mailed check,Yes
1208-DNHLN,0.13939557449317228,0,Low Risk,23,48.35,1067.15,One year,DSL,Credit card (automatic),Yes
1761-AEZZR,0.7505759751334964,1,High Risk,1,79.55,79.55,Month-to-month,Fiber optic,Electronic check,Yes
3923-CSIHK,0.33225915916777515,0,Low Risk,50,71.05,3444.85,Month-to-month,Fiber optic,Electronic check,Yes
5696-EXCYS,0.026954158077790096,0,Low Risk,17,19.45,369.05,Two year,No,Credit card (automatic),No
5795-KTGUD,0.08128824636453724,0,Low Risk,68,110.8,7553.6,Two year,Fiber optic,Bank transfer (automatic),No
7120-RFMVS,0.7333421962090404,1,High Risk,1,84.5,84.5,Month-to-month,Fiber optic,Electronic check,Yes
7924-GJZFI,0.5516680433426406,1,Medium Risk,25,69.3,1813.1,Month-to-month,Fiber optic,Electronic check,No
4702-HDRKD,0.02396913390473885,0,Low Risk,67,49.35,3321.35,One year,DSL,Bank transfer (automatic),No
8512-WIWYV,0.025181314181893674,0,Low Risk,32,20.35,707.5,One year,No,Credit card (automatic),No
5897-ZYEKH,0.22071152764951193,0,Low Risk,67,105.6,7112.15,One year,Fiber optic,Electronic check,No
5456-ITGIC,0.016318818703120436,0,Low Risk,72,64.45,4641.1,Two year,DSL,Credit card (automatic),No
7317-GGVPB,0.0751845495911939,0,Low Risk,71,108.6,7690.9,Two year,Fiber optic,Credit card (automatic),Yes
1406-PUQVY,0.4263453658096848,0,Medium Risk,1,49.9,49.9,Month-to-month,DSL,Electronic check,No
1322-AGOQM,0.08977723233262808,0,Low Risk,46,30.3,1380.1,Month-to-month,DSL,Bank transfer (automatic),Yes
3677-IYRBF,0.6680344660955665,1,Medium Risk,2,30.4,78.65,Month-to-month,DSL,Electronic check,Yes
5692-FPTAH,0.43976968662851196,0,Medium Risk,1,45.4,45.4,Month-to-month,DSL,Mailed check,Yes
9114-AAFQH,0.09133032197737041,0,Low Risk,48,65.65,3094.65,One year,DSL,Electronic check,No
8715-KKTFG,0.18869200776213885,0,Low Risk,61,103.3,6518.35,One year,Fiber optic,Bank transfer (automatic),No
1550-LOAHA,0.29873110007484477,0,Low Risk,32,84.15,2585.95,Month-to-month,Fiber optic,Bank transfer (automatic),Yes
1728-BQDMA,0.41740499690421445,0,Medium Risk,2,44.45,82.7,Month-to-month,DSL,Electronic check,No
0268-QKIWO,0.2290411760047691,0,Low Risk,3,19.75,58.85,Month-to-month,No,Electronic check,Yes
0876-WDUUZ,0.5385722121200848,1,Medium Risk,5,85.4,425.9,Month-to-month,Fiber optic,Credit card (automatic),Yes
5117-ZSMHQ,0.009576290170909137,0,Low Risk,71,89.9,6342.7,Two year,DSL,Bank transfer (automatic),No
5151-HQRDG,0.14937649743740322,0,Low Risk,37,55.05,2030.75,Month-to-month,DSL,Mailed check,No
0960-HUWBM,0.07879369852434792,0,Low Risk,65,104.1,6700.05,Two year,Fiber optic,Bank transfer (automatic),No
6465-GSRCL,0.12230779492719826,0,Low Risk,67,106.6,7244.7,One year,Fiber optic,Bank transfer (automatic),No
0617-FHSGK,0.18635977880235777,0,Low Risk,49,75.2,3678.3,Month-to-month,Fiber optic,Credit card (automatic),Yes
0263-FJTQO,0.02056029559642569,0,Low Risk,50,70.5,3486.65,Two year,DSL,Credit card (automatic),No
7319-ZNRTR,0.04118971712262753,0,Low Risk,25,19.6,411.15,One year,No,Electronic check,No
2858-MOFSQ,0.1781142576363329,0,Low Risk,17,55.85,937.5,One year,DSL,Mailed check,Yes
7503-EPSZW,0.005331774919072778,0,Low Risk,64,24.05,1559.15,Two year,No,Mailed check,No
7089-XXAYG,0.21633785185660487,0,Low Risk,25,38.1,970.4,One year,DSL,Credit card (automatic),No
8118-LSUEL,0.7244920442278078,1,High Risk,23,106.4,2483.5,Month-to-month,Fiber optic,Electronic check,Yes
8070-AAWZP,0.21195904218493652,0,Low Risk,24,34.25,828.2,Month-to-month,DSL,Mailed check,No
1666-JXLKU,0.638714604677264,1,Medium Risk,37,100.05,3810.55,Month-to-month,Fiber optic,Electronic check,No
7855-DIWPO,0.5421362360856808,1,Medium Risk,21,68.65,1493.2,Month-to-month,Fiber optic,Electronic check,No
5133-POWUA,0.44512346471704484,0,Medium Risk,1,45.8,45.8,Month-to-month,DSL,Mailed check,No
5652-MSDEY,0.6285116668180007,1,Medium Risk,10,75.75,777.3,Month-to-month,Fiber optic,Mailed check,No
7005-CCBKV,0.6854495582127941,1,Medium Risk,6,84.4,556.35,Month-to-month,Fiber optic,Electronic check,Yes
1810-BOHSY,0.15072548576348227,0,Low Risk,51,96.4,4911.05,One year,Fiber optic,Credit card (automatic),No
1784-BXEFA,0.1823238705299289,0,Low Risk,10,20.55,187.35,Month-to-month,No,Mailed check,No
7351-MHQVU,0.24427644010007896,0,Low Risk,6,50.95,307.6,Month-to-month,DSL,Credit card (automatic),No
9224-VTYID,0.031724767446546245,0,Low Risk,47,90.5,4318.35,Two year,DSL,Mailed check,No
9500-IWPXQ,0.03549196245947689,0,Low Risk,61,79.4,4820.55,One year,DSL,Electronic check,No
5762-TJXGK,0.03809324199081805,0,Low Risk,52,58.75,3038.55,Two year,DSL,Bank transfer (automatic),No
4504-YOULA,0.1063473083743238,0,Low Risk,35,59.45,2136.9,Month-to-month,DSL,Credit card (automatic),No
5569-IDSEY,0.17919888992513178,0,Low Risk,71,105.7,7472.15,One year,Fiber optic,Bank transfer (automatic),No
4250-FDVOU,0.25484376758100213,0,Low Risk,6,56.25,389.1,Month-to-month,DSL,Electronic check,Yes
7284-ZZLOH,0.014655632446234542,0,Low Risk,45,53.3,2296.25,Two year,DSL,Credit card (automatic),No
5277-ZLOOR,0.8158783513110726,1,High Risk,2,85.55,187.45,Month-to-month,Fiber optic,Electronic check,Yes
2141-RRYGO,0.4584509642893538,0,Medium Risk,4,68.65,261.25,Month-to-month,DSL,Bank transfer (automatic),Yes
1777-JYQPJ,0.475633706220392,0,Medium Risk,2,24.3,38.45,Month-to-month,DSL,Mailed check,No
6376-GAHQE,0.6507074141786722,1,Medium Risk,4,77.85,299.2,Month-to-month,Fiber optic,Electronic check,Yes
3401-URHDA,0.02239507576942356,0,Low Risk,51,59.9,3043.6,One year,DSL,Credit card (automatic),No
1599-EAHXY,0.007782316805457284,0,Low Risk,60,23.95,1506.4,One year,No,Credit card (automatic),No
8631-XVRZL,0.10751876747381245,0,Low Risk,9,20.15,163.7,One year,No,Mailed check,No
5052-PNLOS,0.7184175207052388,1,High Risk,3,105.35,323.25,Month-to-month,Fiber optic,Bank transfer (automatic),Yes
3853-LYGAM,0.528543554719143,1,Medium Risk,17,95.65,1640.0,Month-to-month,Fiber optic,Bank transfer (automatic),No
6979-ZNSFF,0.7628246758517011,1,High Risk,8,87.05,762.1,Month-to-month,Fiber optic,Electronic check,Yes
5751-USDBL,0.018646728041165288,0,Low Risk,46,81.0,3846.35,Two year,DSL,Mailed check,No
5680-LQOGP,0.01230558994142175,0,Low Risk,68,82.45,5646.6,Two year,DSL,Credit card (automatic),No
2386-LAHRK,0.4981882678659981,0,Medium Risk,1,53.5,53.5,Month-to-month,DSL,Mailed check,Yes
8189-DUKMV,0.08958034650819562,0,Low Risk,4,20.5,79.05,One year,No,Bank transfer (automatic),No
6032-IGALN,0.5759920215345488,1,Medium Risk,1,25.1,25.1,Month-to-month,DSL,Mailed check,Yes
9931-DCEZH,0.055434504846139716,0,Low Risk,28,54.4,1516.6,One year,DSL,Credit card (automatic),No
1898-JSNDC,0.08024245593791433,0,Low Risk,39,58.6,2224.5,One year,DSL,Credit card (automatic),No
0315-LVCRK,0.5885404796218376,1,Medium Risk,11,84.8,888.75,Month-to-month,Fiber optic,Electronic check,No
3911-RSNHI,0.020423212112564055,0,Low Risk,71,61.4,4310.35,Two year,DSL,Credit card (automatic),No
2410-CIYFZ,0.15483687034706323,0,Low Risk,2,20.4,42.9,Month-to-month,No,Mailed check,No
4248-HCETZ,0.38956704663318426,0,Low Risk,30,79.65,2365.15,Month-to-month,Fiber optic,Mailed check,Yes
5505-OVWQW,0.052866897754839125,0,Low Risk,17,20.15,353.65,One year,No,Mailed check,No
7271-AJDTL,0.29812149999381826,0,Low Risk,55,94.45,5073.1,Month-to-month,Fiber optic,Credit card (automatic),No
1867-TJHTS,0.1742471285507675,0,Low Risk,58,79.8,4526.85,Month-to-month,Fiber optic,Bank transfer (automatic),No
0516-WJVXC,0.22377953651140034,0,Low Risk,5,54.2,308.25,Month-to-month,DSL,Electronic check,Yes
9174-FKWZE,0.3556951650977072,0,Low Risk,1,19.45,19.45,Month-to-month,No,Electronic check,Yes
6860-YRJZP,0.7410293349459972,1,High Risk,9,74.05,678.45,Month-to-month,Fiber optic,Electronic check,No
4429-WYGFR,0.11304679147202867,0,Low Risk,26,49.15,1237.3,Month-to-month,DSL,Bank transfer (automatic),No
2817-LVCPP,0.0056245808467299966,0,Low Risk,50,19.4,1023.95,Two year,No,Credit card (automatic),No
5038-ETMLM,0.05408181372084962,0,Low Risk,72,113.65,8182.75,Two year,Fiber optic,Bank transfer (automatic),No
5056-FIMPT,0.10682890503803591,0,Low Risk,43,106.0,4532.3,One year,Fiber optic,Credit card (automatic),No
4521-WFJAI,0.00923318578294663,0,Low Risk,56,25.95,1444.05,Two year,No,Bank transfer (automatic),No
6569-KTMDU,0.19043120659701926,0,Low Risk,1,19.1,19.1,Month-to-month,No,Mailed check,No
8809-RIHDD,0.11270981372854871,0,Low Risk,72,103.4,7372.65,Two year,Fiber optic,Electronic check,Yes
8809-XKHMD,0.03846579479230835,0,Low Risk,72,100.55,7325.1,Two year,Fiber optic,Bank transfer (automatic),No
0396-YCHWO,0.6514136291118866,1,Medium Risk,36,95.4,3474.2,Month-to-month,Fiber optic,Electronic check,No
0867-LDTTC,0.3127674839204777,0,Low Risk,5,75.15,392.65,Month-to-month,DSL,Bank transfer (automatic),No
4822-NGOCH,0.6320398645290908,1,Medium Risk,13,84.45,1058.6,Month-to-month,Fiber optic,Electronic check,Yes
9391-DXGGG,0.1466636202414075,0,Low Risk,44,89.15,3990.75,One year,Fiber optic,Credit card (automatic),No
9844-FELAJ,0.1743338461059972,0,Low Risk,70,107.9,7475.85,One year,Fiber optic,Electronic check,No
2122-SZZZD,0.014011157492658117,0,Low Risk,44,19.5,835.5,One year,No,Credit card (automatic),No
5307-DZCVC,0.5296443937696399,1,Medium Risk,32,85.95,2628.6,Month-to-month,Fiber optic,Credit card (automatic),Yes
3148-AOIQT,0.004874813798089687,0,Low Risk,69,24.95,1718.35,Two year,No,Credit card (automatic),No
8679-JOEVF,0.2985512794023149,0,Low Risk,16,59.4,1023.9,Month-to-month,DSL,Electronic check,Yes
8395-ETZKQ,0.004267260041994112,0,Low Risk,68,19.5,1193.55,One year,No,Bank transfer (automatic),No
6692-YQHXC,0.4900833665137257,0,Medium Risk,16,69.95,1205.5,Month-to-month,Fiber optic,Credit card (automatic),No
3889-VWBID,0.00786058862794201,0,Low Risk,68,82.85,5776.45,Two year,DSL,Bank transfer (automatic),No
5222-JCXZT,0.17245872167778398,0,Low Risk,4,19.0,78.9,Month-to-month,No,Mailed check,No
9754-CLVZW,0.08162711687073751,0,Low Risk,26,38.85,1025.15,Month-to-month,DSL,Credit card (automatic),No
1432-FPAXX,0.30866756098639686,0,Low Risk,29,30.6,856.35,Month-to-month,DSL,Electronic check,Yes
2739-CCZMB,0.12693834505201504,0,Low Risk,5,20.35,122.0,Month-to-month,No,Credit card (automatic),No
7080-TNUWP,0.1303152269328079,0,Low Risk,70,95.0,6602.9,One year,Fiber optic,Bank transfer (automatic),No
0496-AHOOK,0.07567627120184203,0,Low Risk,24,74.4,1712.9,One year,DSL,Bank transfer (automatic),No
8336-TAVKX,0.009072344628231444,0,Low Risk,72,78.45,5682.25,Two year,DSL,Bank transfer (automatic),No
2468-SJFLM,0.5444107608818294,1,Medium Risk,1,74.3,74.3,Month-to-month,Fiber optic,Mailed check,No
3181-VTHOE,0.02882813438357346,0,Low Risk,70,51.05,3635.15,One year,DSL,Bank transfer (automatic),No
7168-HDQHG,0.03279222436063735,0,Low Risk,36,19.2,702.9,Month-to-month,No,Bank transfer (automatic),No
4803-AXVYP,0.5771062638379321,1,Medium Risk,38,99.55,3734.25,Month-to-month,Fiber optic,Electronic check,Yes
3884-HCSWG,0.5727420351280335,1,Medium Risk,17,70.0,1144.5,Month-to-month,Fiber optic,Electronic check,Yes
4567-AKPIA,0.2098791865208203,0,Low Risk,41,109.1,4454.25,One year,Fiber optic,Bank transfer (automatic),No
5077-DXTCG,0.5214633844609071,1,Medium Risk,1,45.3,45.3,Month-to-month,DSL,Electronic check,Yes
1142-WACZW,0.36918749657817707,0,Low Risk,2,29.85,75.6,Month-to-month,DSL,Bank transfer (automatic),Yes
7901-HXJVA,0.5112242998299714,1,Medium Risk,14,76.45,1117.55,Month-to-month,Fiber optic,Electronic check,No
5649-ANRML,0.5490111248425555,1,Medium Risk,2,95.1,180.25,Month-to-month,Fiber optic,Credit card (automatic),Yes
4892-VLANZ,0.1938374842278146,0,Low Risk,1,19.8,19.8,Month-to-month,No,Mailed check,Yes
5924-IFQTT,0.3499694978985137,0,Low Risk,13,72.8,930.05,Month-to-month,DSL,Electronic check,No
7968-QUXNS,0.1590380054330279,0,Low Risk,6,18.95,110.15,Month-to-month,No,Mailed check,No
2919-HBCJO,0.5500648298748027,1,Medium Risk,4,76.65,333.6,Month-to-month,Fiber optic,Bank transfer (automatic),Yes
4236-XPXAV,0.5210265348345976,1,Medium Risk,5,99.15,465.05,Month-to-month,Fiber optic,Mailed check,Yes
8903-WMRNW,0.5314501962377685,1,Medium Risk,15,101.75,1669.4,Month-to-month,Fiber optic,Electronic check,No
2452-SNHFZ,0.12904423214151295,0,Low Risk,47,75.45,3545.1,Month-to-month,Fiber optic,Credit card (automatic),No
3629-WEAAM,0.25251955965490214,0,Low Risk,8,64.1,504.05,Month-to-month,DSL,Mailed check,No
6029-CSMJE,0.3994592829884027,0,Low Risk,17,25.65,440.2,Month-to-month,DSL,Mailed check,No
7993-NQLJE,0.28576520184180026,0,Low Risk,15,75.1,1151.55,Month-to-month,Fiber optic,Mailed check,No
9909-DFRJA,0.17263767766475172,0,Low Risk,26,95.85,2475.35,One year,Fiber optic,Bank transfer (automatic),No
9099-FTUHS,0.21617182144111394,0,Low Risk,23,54.4,1249.25,Month-to-month,DSL,Electronic check,No
0581-BXBUB,0.589613140632811,1,Medium Risk,4,72.75,317.75,Month-to-month,Fiber optic,Electronic check,No
4962-CHQPW,0.024748117870504068,0,Low Risk,29,19.85,535.05,One year,No,Mailed check,No
9467-ROOLM,0.06942837189368911,0,Low Risk,25,19.05,461.3,Month-to-month,No,Mailed check,No
3030-YZADT,0.28485397108904753,0,Low Risk,9,44.95,431.0,Month-to-month,DSL,Mailed check,Yes
7410-KTVFV,0.2826014463179288,0,Low Risk,18,49.55,878.35,Month-to-month,DSL,Mailed check,Yes
5150-ITWWB,0.8464849027224065,1,High Risk,3,94.85,335.75,Month-to-month,Fiber optic,Electronic check,No
2253-KPMNB,0.0041234042320464565,0,Low Risk,69,46.25,3121.4,Two year,DSL,Bank transfer (automatic),No
1345-ZUKID,0.062113744894473556,0,Low Risk,14,19.35,324.8,One year,No,Mailed check,No
6429-SHBCB,0.37848280653659844,0,Low Risk,19,69.6,1394.55,Month-to-month,DSL,Mailed check,No
9281-OFDMF,0.45386881642326155,0,Medium Risk,39,90.7,3413.25,Month-to-month,Fiber optic,Electronic check,No
2603-HVKCG,0.5689189095172157,1,Medium Risk,31,101.4,3143.65,Month-to-month,Fiber optic,Electronic check,No
1834-WULEG,0.03180697978556862,0,Low Risk,24,20.25,439.75,One year,No,Mailed check,No
9097-ZUBYC,0.17457442203306472,0,Low Risk,14,48.8,664.4,Month-to-month,DSL,Bank transfer (automatic),No
5148-ORICT,0.011056629899815752,0,Low Risk,64,74.35,4759.55,Two year,DSL,Mailed check,No
4893-GYUJU,0.016764002674683528,0,Low Risk,50,19.35,1033.0,One year,No,Mailed check,No
4578-PHJYZ,0.047487511578584544,0,Low Risk,52,68.75,3482.85,One year,DSL,Electronic check,No
7272-QDCKA,0.39937315940279206,0,Low Risk,28,100.2,2688.45,One year,Fiber optic,Electronic check,No
8908-SLFCJ,0.03154137276492118,0,Low Risk,21,20.85,435.25,Two year,No,Credit card (automatic),No
8393-DLHGA,0.5595370099783665,1,Medium Risk,25,95.9,2448.75,Month-to-month,Fiber optic,Electronic check,Yes
9766-HGEDE,0.05324621181484699,0,Low Risk,17,19.35,307.0,One year,No,Mailed check,No
6968-MHOMU,0.08854078740996715,0,Low Risk,58,45.0,2689.35,One year,DSL,Credit card (automatic),No
7395-IGJOS,0.4932365200574092,0,Medium Risk,17,81.5,1329.2,Month-to-month,Fiber optic,Bank transfer (automatic),Yes
5044-XDPYX,0.00844582382286131,0,Low Risk,51,25.5,1281.25,Two year,No,Mailed check,No
1814-WFGVS,0.006270326325908509,0,Low Risk,72,48.9,3527.0,Two year,DSL,Mailed check,No
2834-SPCJV,0.214434951787441,0,Low Risk,52,84.1,4348.65,Month-to-month,Fiber optic,Electronic check,Yes
3721-WKIIL,0.026214055730459554,0,Low Risk,27,19.6,561.15,Two year,No,Mailed check,No
6734-CKRSM,0.17646234686906634,0,Low Risk,3,20.0,63.6,Month-to-month,No,Mailed check,No
1265-ZFOSD,0.016039035878918254,0,Low Risk,64,81.3,5129.3,Two year,DSL,Mailed check,No
6568-POCUI,0.11205264435563965,0,Low Risk,45,95.2,4285.8,Two year,Fiber optic,Credit card (automatic),No
7890-VYYWG,0.6506161836348245,1,Medium Risk,3,36.45,93.7,Month-to-month,DSL,Mailed check,Yes
5197-LQXXH,0.022990160593829304,0,Low Risk,71,83.3,5894.5,Two year,DSL,Credit card (automatic),No
9907-SWKKF,0.519893976976223,1,Medium Risk,1,25.05,25.05,Month-to-month,DSL,Mailed check,Yes
3457-PQBYH,0.003122973036495294,0,Low Risk,58,20.3,1160.75,Two year,No,Credit card (automatic),No
7682-AZNDK,0.42242419408873433,0,Medium Risk,34,89.85,3091.75,Month-to-month,Fiber optic,Electronic check,No
0587-DMGBH,0.3476896763646815,0,Low Risk,8,49.85,365.55,Month-to-month,DSL,Electronic check,Yes
5384-ZTTWP,0.0891827464974739,0,Low Risk,15,19.8,272.95,Month-to-month,No,Mailed check,No
3745-HRPHI,0.015514547946997664,0,Low Risk,66,54.65,3632.0,Two year,DSL,Bank transfer (automatic),No
7636-OWBPG,0.4292489322203126,0,Medium Risk,12,29.35,381.2,Month-to-month,DSL,Credit card (automatic),No
1231-YNDEK,0.005669092267775787,0,Low Risk,58,19.15,1035.5,Two year,No,Bank transfer (automatic),No
1407-DIGZV,0.04456615747944688,0,Low Risk,3,19.1,52.0,Two year,No,Mailed check,No
6397-JNZZG,0.19459667257261504,0,Low Risk,43,55.55,2342.2,Month-to-month,DSL,Credit card (automatic),Yes
0570-BFQHT,0.4977232976485745,0,Medium Risk,9,80.55,653.9,Month-to-month,Fiber optic,Electronic check,No
4393-OBCRR,0.09780577255603697,0,Low Risk,3,20.25,71.2,One year,No,Mailed check,No
3523-QRQLL,0.155420788755014,0,Low Risk,22,69.5,1498.2,One year,DSL,Bank transfer (automatic),Yes
8564-LDKFL,0.32917297688221286,0,Low Risk,40,106.0,4178.65,One year,Fiber optic,Bank transfer (automatic),No
3696-DFHHB,0.003653536003983085,0,Low Risk,68,25.5,1821.8,Two year,No,Bank transfer (automatic),No
0895-DQHEW,0.47578978328226723,0,Medium Risk,54,104.3,5278.15,Month-to-month,Fiber optic,Electronic check,Yes
4717-GHADL,0.04779565437582168,0,Low Risk,50,79.6,4024.2,Two year,DSL,Mailed check,No
5501-TVMGM,0.5800726538790447,1,Medium Risk,1,55.25,55.25,Month-to-month,DSL,Electronic check,No
5879-HMFFH,0.0118596672732764,0,Low Risk,72,88.05,6520.8,Two year,DSL,Bank transfer (automatic),No
6772-WFQRD,0.02060571691992111,0,Low Risk,40,20.4,854.9,One year,No,Bank transfer (automatic),No
3810-DVDQQ,0.04505483662547564,0,Low Risk,72,117.6,8308.9,Two year,Fiber optic,Bank transfer (automatic),No
6972-SNKKW,0.15624612214001365,0,Low Risk,6,20.0,109.2,Month-to-month,No,Mailed check,No
3694-GLTJM,0.20485359696495375,0,Low Risk,5,19.65,92.05,Month-to-month,No,Credit card (automatic),No
8550-XSXUQ,0.08845486718454804,0,Low Risk,48,70.55,3420.5,One year,DSL,Credit card (automatic),No
8149-RSOUN,0.8293860046825582,1,High Risk,1,93.85,93.85,Month-to-month,Fiber optic,Electronic check,Yes
9055-MOJJJ,0.012016229318008442,0,Low Risk,64,65.8,4068.0,One year,DSL,Mailed check,No
4359-INNWN,0.04819545516978242,0,Low Risk,17,20.05,337.9,One year,No,Credit card (automatic),No
0585-EGDDA,0.3554647458086215,0,Low Risk,40,80.0,3168.75,Month-to-month,Fiber optic,Electronic check,No
4032-RMHCI,0.03635536376208208,0,Low Risk,41,35.4,1412.4,One year,DSL,Credit card (automatic),No
0549-CYCQN,0.16926713699810714,0,Low Risk,51,79.6,3974.7,One year,Fiber optic,Bank transfer (automatic),No
3481-JHUZH,0.4376099119856772,0,Medium Risk,41,80.25,3439.0,Month-to-month,Fiber optic,Electronic check,No
7250-EQKIY,0.29573365422778763,0,Low Risk,1,50.45,50.45,Month-to-month,DSL,Mailed check,Yes
3594-IVHJZ,0.24650047341174555,0,Low Risk,2,20.45,42.45,Month-to-month,No,Mailed check,No
6869-FGJJC,0.047625783311846616,0,Low Risk,68,79.6,5461.45,One year,Fiber optic,Credit card (automatic),No
3896-ZVNET,0.022926962848586196,0,Low Risk,24,24.7,571.75,Two year,No,Mailed check,No
8205-VSLRB,0.009877875755067385,0,Low Risk,70,77.3,5498.2,Two year,DSL,Credit card (automatic),No
5960-MVTUK,0.5466231384835902,1,Medium Risk,3,29.75,96.85,Month-to-month,DSL,Electronic check,No
6817-WTYHE,0.33203026497684107,0,Low Risk,2,44.9,111.05,Month-to-month,DSL,Bank transfer (automatic),No
3082-VQXNH,0.4039101771326643,0,Medium Risk,3,29.8,94.4,Month-to-month,DSL,Credit card (automatic),No
4013-UBXWQ,0.5542063944058251,1,Medium Risk,7,74.65,521.1,Month-to-month,DSL,Electronic check,Yes
4931-TRZWN,0.4192047328976616,0,Medium Risk,13,71.95,923.85,Month-to-month,DSL,Electronic check,No
0750-EKNGL,0.15327546116464325,0,Low Risk,7,20.75,141.1,Month-to-month,No,Mailed check,No
7669-LCRSD,0.3439328458254548,0,Low Risk,12,56.3,628.65,Month-to-month,DSL,Mailed check,No
3567-PQTSO,0.29335880737722975,0,Low Risk,53,105.25,5576.3,One year,Fiber optic,Electronic check,No
5519-NPHVG,0.7756738078901059,1,High Risk,12,94.2,1046.1,Month-to-month,Fiber optic,Electronic check,Yes
8043-PNYSD,0.002752676884309358,0,Low Risk,63,19.55,1245.6,Two year,No,Mailed check,No
9938-EKRGF,0.1608239679471423,0,Low Risk,15,84.45,1287.85,Month-to-month,DSL,Mailed check,No
2703-AMTUL,0.030500737080258505,0,Low Risk,36,53.65,1939.35,One year,DSL,Mailed check,No
0928-JMXNP,0.6558690283225519,1,Medium Risk,4,29.9,118.25,Month-to-month,DSL,Electronic check,No
8173-RXAYP,0.016853251226282746,0,Low Risk,24,19.7,452.55,Two year,No,Mailed check,No
4825-XJGDM,0.012571793075506363,0,Low Risk,61,43.7,2696.55,One year,DSL,Credit card (automatic),No
5402-HTOTQ,0.32211339819361073,0,Low Risk,16,55.3,875.35,Month-to-month,DSL,Electronic check,No
6734-JDTTV,0.003303312242660966,0,Low Risk,65,19.85,1267.05,Two year,No,Credit card (automatic),No
7850-THJMU,0.014007565921048182,0,Low Risk,26,19.65,494.9,Two year,No,Credit card (automatic),No
3890-RTCMS,0.23105363325781378,0,Low Risk,16,49.45,799.0,Month-to-month,DSL,Mailed check,No
8849-GYOKR,0.13794927107614746,0,Low Risk,54,106.55,5763.3,One year,Fiber optic,Bank transfer (automatic),Yes
3148-BLQJT,0.1938753969763685,0,Low Risk,1,20.1,20.1,Month-to-month,No,Mailed check,Yes
3717-FDJFU,0.04094115425674728,0,Low Risk,5,20.45,106.9,Two year,No,Mailed check,No
3665-JATSN,0.47360543120320514,0,Medium Risk,19,39.7,710.05,Month-to-month,DSL,Electronic check,No
7966-YOTQW,0.3100716435685724,0,Low Risk,10,54.5,568.2,Month-to-month,DSL,Credit card (automatic),No
0461-CVKMU,0.2644618664580561,0,Low Risk,23,83.8,1900.25,Month-to-month,Fiber optic,Electronic check,Yes
8806-EAGWC,0.38681898188426195,0,Low Risk,3,55.15,159.15,Month-to-month,DSL,Mailed check,Yes
8853-TZDGH,0.07625693962330948,0,Low Risk,72,111.6,8012.75,Two year,Fiber optic,Bank transfer (automatic),No
7779-LGOVN,0.7820000455567725,1,High Risk,10,86.65,856.65,Month-to-month,Fiber optic,Electronic check,Yes
4324-BZCKL,0.26520691586323375,0,Low Risk,10,55.55,551.3,Month-to-month,DSL,Mailed check,No
6924-TDGMT,0.10009911010406786,0,Low Risk,11,20.55,184.95,One year,No,Mailed check,No
9710-ZUSHQ,0.45633873567505434,0,Medium Risk,37,106.75,4056.75,Month-to-month,Fiber optic,Bank transfer (automatic),Yes
1536-YHDOE,0.09869475996410806,0,Low Risk,17,62.1,1096.65,One year,DSL,Mailed check,No
8123-QBNAZ,0.38603058363478987,0,Low Risk,36,104.5,3684.95,Month-to-month,Fiber optic,Credit card (automatic),No
3629-ZNKXA,0.6934204545706555,1,Medium Risk,17,101.8,1752.45,Month-to-month,Fiber optic,Electronic check,No
4827-LTQRJ,0.0985600207014806,0,Low Risk,66,110.6,7210.85,One year,Fiber optic,Credit card (automatic),No
7711-YIJWC,0.01776313057120988,0,Low Risk,61,84.9,5264.5,One year,DSL,Bank transfer (automatic),No
5482-VXSXJ,0.5548607046237832,1,Medium Risk,22,93.2,2157.3,Month-to-month,Fiber optic,Mailed check,No
7365-BVCJH,0.65819006497164,1,Medium Risk,1,24.4,24.4,Month-to-month,DSL,Electronic check,No
9620-ENEJV,0.47420297894526264,0,Medium Risk,6,70.55,433.95,Month-to-month,Fiber optic,Credit card (automatic),No
4183-WCSEP,0.34035018338812634,0,Low Risk,31,78.45,2435.15,Month-to-month,Fiber optic,Electronic check,Yes
2378-YIZKA,0.009956717621058967,0,Low Risk,68,85.0,5607.75,Two year,DSL,Credit card (automatic),No
5498-TXHLF,0.425266566439838,0,Medium Risk,34,87.45,2874.15,Month-to-month,Fiber optic,Electronic check,Yes
0689-DSXGL,0.09037838080902666,0,Low Risk,52,85.8,4433.3,Month-to-month,Fiber optic,Bank transfer (automatic),No
6818-DJXAA,0.5439430196920916,1,Medium Risk,10,91.1,964.35,Month-to-month,Fiber optic,Electronic check,No
9722-UJOJR,0.4219987875193809,0,Medium Risk,29,70.75,1974.8,Month-to-month,Fiber optic,Electronic check,Yes
0464-WJTKO,0.0016620990692302593,0,Low Risk,72,20.1,1460.85,Two year,No,Bank transfer (automatic),No
8902-ZEOVF,0.011046852715051915,0,Low Risk,47,20.05,951.55,One year,No,Mailed check,No
6778-EICRF,0.12249816069880191,0,Low Risk,24,74.8,1821.2,One year,DSL,Mailed check,No
2662-NNTDK,0.00753800059931558,0,Low Risk,65,24.8,1600.95,One year,No,Credit card (automatic),No
4132-KALRO,0.6880779752955744,1,Medium Risk,4,100.85,399.25,Month-to-month,Fiber optic,Mailed check,No
3902-FOIGH,0.7849948993019494,1,High Risk,12,101.35,1218.55,Month-to-month,Fiber optic,Electronic check,Yes
6772-KSATR,0.6787637427069073,1,Medium Risk,1,81.7,81.7,Month-to-month,Fiber optic,Electronic check,Yes
7112-OPOTK,0.34372808956576967,0,Low Risk,33,68.25,2171.15,Month-to-month,Fiber optic,Electronic check,Yes
2874-YXVVA,0.45961676794081696,0,Medium Risk,34,105.1,3634.8,Month-to-month,Fiber optic,Electronic check,No
1245-HARPS,0.03370331052263747,0,Low Risk,14,20.4,292.4,Two year,No,Mailed check,No
4210-QFJMF,0.7276039467194352,1,High Risk,4,79.15,317.25,Month-to-month,Fiber optic,Electronic check,Yes
4323-ELYYB,0.05244196557900554,0,Low Risk,13,20.0,218.55,One year,No,Mailed check,No
4293-ETKAP,0.022075892354861244,0,Low Risk,65,79.4,5071.9,Two year,DSL,Bank transfer (automatic),No
6064-PUPMC,0.03920260936462091,0,Low Risk,23,57.2,1423.35,One year,DSL,Credit card (automatic),No
6504-VBLFL,0.013402500484153049,0,Low Risk,55,58.6,3068.6,Two year,DSL,Electronic check,No
6322-PJJDJ,0.17732233171447517,0,Low Risk,49,94.8,4690.65,Two year,Fiber optic,Electronic check,No
0330-BGYZE,0.16136883213847172,0,Low Risk,60,102.5,6157.6,One year,Fiber optic,Bank transfer (automatic),No
1085-LDWAM,0.0051436266542593005,0,Low Risk,69,20.35,1442.65,One year,No,Credit card (automatic),No
7586-ZATGZ,0.539035921074372,1,Medium Risk,40,84.9,3369.05,Month-to-month,Fiber optic,Electronic check,No
7197-VOJMM,0.009017019831225897,0,Low Risk,67,69.2,4671.65,Two year,DSL,Credit card (automatic),No
3318-OSATS,0.6915005454977685,1,Medium Risk,35,95.45,3474.05,Month-to-month,Fiber optic,Electronic check,Yes
5828-AVIPD,0.4577239082539301,0,Medium Risk,19,100.95,1875.55,One year,Fiber optic,Electronic check,Yes
1843-TLSGD,0.02836783975565115,0,Low Risk,13,20.85,272.35,Two year,No,Mailed check,No
9626-VFRGG,0.34320837166585816,0,Low Risk,41,88.5,3645.05,Month-to-month,Fiber optic,Bank transfer (automatic),No
7075-BNDVQ,0.338116666336695,0,Low Risk,4,35.0,135.75,Month-to-month,DSL,Mailed check,No
9143-CANJF,0.10023384519619234,0,Low Risk,24,55.15,1319.85,Month-to-month,DSL,Electronic check,No
7284-BUYEC,0.5746185861940828,1,Medium Risk,5,50.95,229.4,Month-to-month,DSL,Credit card (automatic),No
2041-JIJCI,0.5681608199067624,1,Medium Risk,5,64.0,370.25,Month-to-month,DSL,Electronic check,No
1086-LXKFY,0.581966372255607,1,Medium Risk,1,69.1,69.1,Month-to-month,Fiber optic,Mailed check,Yes
4900-MSOMT,0.006306071568978666,0,Low Risk,72,80.2,5714.2,Two year,DSL,Bank transfer (automatic),No
2229-VWQJH,0.2153878661552158,0,Low Risk,24,49.3,1233.25,Month-to-month,DSL,Credit card (automatic),No
9194-GFVOI,0.03145034826521672,0,Low Risk,42,84.35,3571.6,Two year,DSL,Credit card (automatic),No
1336-EZFZY,0.16966509999290424,0,Low Risk,4,20.05,83.3,Month-to-month,No,Mailed check,No
4282-MSACW,0.11106361597283455,0,Low Risk,68,117.2,8035.95,One year,Fiber optic,Credit card (automatic),No
1403-LKLIK,0.02034661819078937,0,Low Risk,33,20.1,579.4,One year,No,Mailed check,No
2636-ALXXZ,0.7338748732963496,1,High Risk,1,69.6,69.6,Month-to-month,Fiber optic,Electronic check,Yes
7774-OJSXI,0.4645097298532284,0,Medium Risk,31,103.45,3066.45,One year,Fiber optic,Electronic check,Yes
7786-WBJYI,0.5251486833158947,1,Medium Risk,4,77.95,305.55,Month-to-month,Fiber optic,Bank transfer (automatic),Yes
0136-IFMYD,0.13616611488726138,0,Low Risk,69,109.95,7634.25,Two year,Fiber optic,Electronic check,No
5144-TVGLP,0.578861103609687,1,Medium Risk,38,94.75,3653.0,Month-to-month,Fiber optic,Electronic check,No
9643-AVVWI,0.5090695745559208,1,Medium Risk,3,80.0,241.3,Month-to-month,Fiber optic,Electronic check,No
0253-ZTEOB,0.03997452025094075,0,Low Risk,48,79.65,3870.3,Two year,DSL,Electronic check,No
2706-QZIHY,0.04309546318250786,0,Low Risk,15,25.2,387.9,Two year,No,Mailed check,No
6061-PQHMK,0.03371571533087698,0,Low Risk,25,19.9,527.5,One year,No,Credit card (automatic),No
9885-CSMWE,0.7011404307897808,1,High Risk,1,78.45,78.45,Month-to-month,Fiber optic,Electronic check,Yes
6137-MFAJN,0.1533716609599357,0,Low Risk,48,44.8,2104.55,Month-to-month,DSL,Electronic check,No
9122-UMROB,0.19390067527077673,0,Low Risk,1,20.3,20.3,Month-to-month,No,Mailed check,No
4232-JGKIY,0.25017738880585105,0,Low Risk,1,19.2,19.2,Month-to-month,No,Electronic check,No
2402-TAIRZ,0.17152057122677997,0,Low Risk,37,80.05,3019.1,One year,Fiber optic,Electronic check,No
9659-ZTWSM,0.16824825362105703,0,Low Risk,66,107.35,7051.95,One year,Fiber optic,Bank transfer (automatic),No
9139-TWBAS,0.09434549898056985,0,Low Risk,26,47.85,1190.5,One year,DSL,Bank transfer (automatic),No
6685-GBWJZ,0.013535745331886282,0,Low Risk,63,70.8,4448.8,One year,DSL,Credit card (automatic),No
5016-ETTFF,0.3756207599371994,0,Low Risk,10,29.5,255.25,Month-to-month,DSL,Mailed check,Yes
3866-MDTUB,0.5143718726161791,1,Medium Risk,2,70.75,146.9,Month-to-month,DSL,Electronic check,Yes
2195-VVRJF,0.26654456971937074,0,Low Risk,18,59.1,1011.05,Month-to-month,DSL,Credit card (automatic),No
3913-RDSJZ,0.004775297005607319,0,Low Risk,64,25.55,1714.95,Two year,No,Mailed check,No
8058-JMEQO,0.7797682531443929,1,High Risk,9,84.45,762.5,Month-to-month,Fiber optic,Electronic check,Yes
4203-QGNZA,0.049300704632363794,0,Low Risk,28,20.25,535.35,Month-to-month,No,Mailed check,No
5043-TRZWM,0.6097994590097637,1,Medium Risk,1,75.55,75.55,Month-to-month,Fiber optic,Electronic check,No
0697-ZMSWS,0.7849171493337256,1,High Risk,4,85.65,338.9,Month-to-month,Fiber optic,Electronic check,Yes
7657-DYEPJ,0.07079424194324116,0,Low Risk,38,70.15,2497.35,One year,DSL,Credit card (automatic),Yes
9494-BDNNC,0.14797404940401745,0,Low Risk,66,95.3,6273.4,One year,Fiber optic,Electronic check,No
1640-PLFMP,0.7038848238057239,1,High Risk,1,70.25,70.25,Month-to-month,Fiber optic,Electronic check,No
5366-OBVMR,0.2173141162162441,0,Low Risk,18,50.3,908.75,Month-to-month,DSL,Mailed check,No
8276-MQBYC,0.5690839865544545,1,Medium Risk,51,97.8,4913.3,Month-to-month,Fiber optic,Electronic check,Yes
7644-OMVMY,0.05220068929538614,0,Low Risk,0,19.85,0.0,Two year,No,Mailed check,No
7593-XFKDI,0.355327143788483,0,Low Risk,1,46.3,46.3,Month-to-month,DSL,Mailed check,Yes
4573-JKNAE,0.027616954427238435,0,Low Risk,12,19.35,212.3,Two year,No,Bank transfer (automatic),No
0337-CNPZE,0.5837096296331188,1,Medium Risk,41,106.3,4443.45,Month-to-month,Fiber optic,Electronic check,Yes
9817-APLHW,0.21153588020092642,0,Low Risk,12,25.0,316.2,Month-to-month,No,Electronic check,No
8380-MQINP,0.003929264053919431,0,Low Risk,55,20.3,1079.05,Two year,No,Mailed check,No
0840-DFEZH,0.7227805234845525,1,High Risk,7,75.35,564.65,Month-to-month,Fiber optic,Electronic check,No
1513-XNPPH,0.5815916982509225,1,Medium Risk,12,89.4,1095.65,Month-to-month,Fiber optic,Electronic check,Yes
8690-ZVLCL,0.010407493518906841,0,Low Risk,68,88.0,6161.9,Two year,DSL,Credit card (automatic),No
6015-VVHHE,0.72562263074952,1,High Risk,5,83.15,446.05,Month-to-month,Fiber optic,Credit card (automatic),Yes
1125-SNVCK,0.07761442126151487,0,Low Risk,49,43.8,2106.05,Month-to-month,DSL,Mailed check,No
0384-LPITE,0.07739360806890086,0,Low Risk,40,62.05,2511.55,One year,DSL,Credit card (automatic),No
4616-EWBNJ,0.0517545071540891,0,Low Risk,16,20.1,318.6,One year,No,Bank transfer (automatic),No
6347-DCUIK,0.6352609287501524,1,Medium Risk,10,74.15,811.8,Month-to-month,Fiber optic,Mailed check,Yes
1335-HQMKX,0.2243241267893117,0,Low Risk,72,101.35,7323.15,One year,Fiber optic,Electronic check,No
2545-EBUPK,0.815822936139867,1,High Risk,2,84.05,186.05,Month-to-month,Fiber optic,Electronic check,No
6923-AQONU,0.018138730940733813,0,Low Risk,23,20.9,454.0,Two year,No,Mailed check,No
2172-EJXVF,0.26756484311411005,0,Low Risk,71,105.9,7521.95,One year,Fiber optic,Electronic check,No
0897-FEGMU,0.7807879138838288,1,High Risk,11,99.5,1056.95,Month-to-month,Fiber optic,Electronic check,Yes
7663-RGWBC,0.4447939306461714,0,Medium Risk,1,44.15,44.15,Month-to-month,DSL,Mailed check,Yes
1120-BMWUB,0.1986426712599734,0,Low Risk,16,53.9,834.15,Month-to-month,DSL,Mailed check,Yes
9124-LHCJQ,0.7387506125837803,1,High Risk,1,85.45,85.45,Month-to-month,Fiber optic,Mailed check,Yes
4536-PLEQY,0.5430338211852639,1,Medium Risk,12,85.05,999.8,Month-to-month,Fiber optic,Credit card (automatic),No
7029-IJEJK,0.02628349826794157,0,Low Risk,54,44.1,2369.7,One year,DSL,Bank transfer (automatic),No
8871-JLMHM,0.028770740194631675,0,Low Risk,68,90.2,6297.65,Two year,Fiber optic,Credit card (automatic),No
2235-ZGKPT,0.3433820247494087,0,Low Risk,4,50.85,239.55,Month-to-month,DSL,Mailed check,Yes
3891-PUQOD,0.41475619494113836,0,Medium Risk,1,59.2,59.2,Month-to-month,DSL,Electronic check,Yes
5447-VYTKW,0.08177558588458177,0,Low Risk,27,53.45,1461.45,Month-to-month,DSL,Mailed check,No
3623-FQBOX,0.1192657217491039,0,Low Risk,21,19.95,416.4,Month-to-month,No,Mailed check,No
0689-NKYLF,0.6614228957332327,1,Medium Risk,13,83.2,1060.6,Month-to-month,Fiber optic,Electronic check,Yes
8659-HDIYE,0.05847432624824732,0,Low Risk,64,74.65,4869.35,Month-to-month,DSL,Credit card (automatic),No
3658-KIBGF,0.3731673625972977,0,Low Risk,1,54.9,54.9,Month-to-month,DSL,Electronic check,Yes
3474-BAFSJ,0.03393897447013875,0,Low Risk,57,57.5,3265.95,Two year,DSL,Bank transfer (automatic),No
5519-YLDGW,0.6490395388737149,1,Medium Risk,21,103.9,2254.2,Month-to-month,Fiber optic,Electronic check,Yes
3865-ZFZIB,0.026591738499221466,0,Low Risk,19,19.65,358.15,Two year,No,Mailed check,No
1855-AGAWH,0.4356492970802233,0,Medium Risk,31,93.8,2939.8,One year,Fiber optic,Electronic check,No
7109-CQYUZ,0.032531002742517974,0,Low Risk,52,89.25,4652.4,Two year,DSL,Mailed check,No
1370-GGAWX,0.30369669638301233,0,Low Risk,46,94.15,4408.45,One year,Fiber optic,Electronic check,No
4680-KUTAJ,0.4257441795505689,0,Medium Risk,11,55.6,580.8,Month-to-month,DSL,Electronic check,No
5307-UVGNB,0.07454002323012426,0,Low Risk,53,48.7,2495.2,Month-to-month,DSL,Bank transfer (automatic),No
4946-EDSEW,0.1465951221953108,0,Low Risk,11,19.25,180.3,Month-to-month,No,Mailed check,Yes
2883-ILGWO,0.3323476548974701,0,Low Risk,57,104.9,5913.95,Month-to-month,Fiber optic,Bank transfer (automatic),No
2516-VQRRV,0.7192629757385436,1,High Risk,2,75.45,158.4,Month-to-month,Fiber optic,Mailed check,Yes
7580-UGXNC,0.24719031937766123,0,Low Risk,2,54.85,104.2,Month-to-month,DSL,Mailed check,Yes
3642-BYHDO,0.0017205163571950399,0,Low Risk,71,19.9,1389.35,Two year,No,Bank transfer (automatic),No
9629-NHXFW,0.21801782394064775,0,Low Risk,1,19.4,19.4,Month-to-month,No,Mailed check,No
2696-RZVZW,0.0035307141309575737,0,Low Risk,68,25.05,1629.2,Two year,No,Credit card (automatic),No
5766-FTRTS,0.008667196792893388,0,Low Risk,72,84.45,6033.1,Two year,DSL,Mailed check,No
0396-HUJBP,0.18343561743526182,0,Low Risk,2,19.3,44.4,Month-to-month,No,Mailed check,No
5178-LMXOP,0.8547364349790679,1,High Risk,1,95.1,95.1,Month-to-month,Fiber optic,Electronic check,Yes
8879-ZKJOF,0.06263294740980539,0,Low Risk,41,79.85,3320.75,One year,DSL,Bank transfer (automatic),No
6285-FTQBF,0.0024272026775041425,0,Low Risk,72,25.55,1867.7,Two year,No,Credit card (automatic),No
8185-UPYBR,0.7350445917537203,1,High Risk,6,75.5,438.0,Month-to-month,Fiber optic,Electronic check,Yes
4585-HETAI,0.6270982002847286,1,Medium Risk,4,73.75,325.45,Month-to-month,Fiber optic,Electronic check,Yes
7526-BEZQB,0.7838564007292351,1,High Risk,12,96.05,1148.1,Month-to-month,Fiber optic,Electronic check,Yes
1474-JUWSM,0.05188772374683923,0,Low Risk,58,68.4,3972.25,One year,DSL,Electronic check,No
3530-CRZSB,0.1509828884031491,0,Low Risk,7,20.65,155.9,Month-to-month,No,Mailed check,No
8498-XXGWA,0.041035546487210764,0,Low Risk,65,55.15,3673.15,Month-to-month,DSL,Mailed check,No
9617-INGJY,0.6363240411861555,1,Medium Risk,1,70.6,70.6,Month-to-month,Fiber optic,Mailed check,No
0621-TSSMU,0.008237585248836799,0,Low Risk,56,19.95,1126.75,One year,No,Credit card (automatic),No
7234-KMNRQ,0.1722663820663584,0,Low Risk,4,19.0,73.45,Month-to-month,No,Mailed check,No
7636-PEPNS,0.028376738659628722,0,Low Risk,58,44.1,2413.05,One year,DSL,Mailed check,No
4683-WYDOU,0.1169609685807354,0,Low Risk,62,107.6,6912.7,Two year,Fiber optic,Bank transfer (automatic),No
9052-DHNKM,0.09946074804130837,0,Low Risk,26,61.55,1581.95,One year,DSL,Electronic check,No
6794-HKIAJ,0.11088624374940889,0,Low Risk,62,90.7,5586.45,Month-to-month,Fiber optic,Bank transfer (automatic),No
5578-NKCXI,0.07175320111573603,0,Low Risk,58,99.25,5846.65,One year,Fiber optic,Credit card (automatic),No
1642-HMARX,0.03032891515306617,0,Low Risk,68,91.7,6424.7,Two year,DSL,Electronic check,No
3096-WPXBT,0.09351860018415611,0,Low Risk,61,100.7,6018.65,One year,Fiber optic,Credit card (automatic),No
8434-PNQZX,0.0633591813017113,0,Low Risk,42,78.45,3373.4,Two year,DSL,Credit card (automatic),No
5950-AAAGJ,0.5214930709858357,1,Medium Risk,18,84.3,1537.9,Month-to-month,Fiber optic,Bank transfer (automatic),No
4299-OPXEJ,0.00622928061546193,0,Low Risk,56,19.55,1080.55,Two year,No,Bank transfer (automatic),No
4951-UKAAQ,0.7496634233256392,1,High Risk,4,88.95,355.2,Month-to-month,Fiber optic,Electronic check,Yes
9618-LFJRU,0.15691419806538132,0,Low Risk,4,20.45,82.85,Month-to-month,No,Credit card (automatic),No
6693-DJWTY,0.028724574758299343,0,Low Risk,35,55.6,2016.45,One year,DSL,Credit card (automatic),No
0744-GKNGE,0.0946085757912866,0,Low Risk,64,86.8,5327.25,Month-to-month,Fiber optic,Bank transfer (automatic),No
6447-EGDIV,0.02826913013834656,0,Low Risk,31,20.95,683.25,One year,No,Mailed check,No
1167-OYZJF,0.00434371104949534,0,Low Risk,67,20.05,1263.05,Two year,No,Bank transfer (automatic),No
2108-YKQTY,0.264722159575564,0,Low Risk,4,50.7,151.3,Month-to-month,DSL,Credit card (automatic),Yes
4806-DXQCE,0.08871718403479224,0,Low Risk,70,113.65,7714.65,Two year,Fiber optic,Electronic check,No
4918-QLLIW,0.366362151459462,0,Low Risk,3,53.4,188.7,Month-to-month,DSL,Credit card (automatic),Yes
7056-IMHCC,0.5543455162315449,1,Medium Risk,53,101.9,5549.4,Month-to-month,Fiber optic,Electronic check,Yes
4854-SSLTN,0.04157358428751347,0,Low Risk,2,59.5,130.5,Two year,DSL,Mailed check,No
5294-DMSFH,0.45679900328968864,0,Medium Risk,29,87.8,2621.75,Month-to-month,Fiber optic,Credit card (automatic),No
4837-PZTIC,0.014913947956755465,0,Low Risk,47,41.9,1875.25,Two year,DSL,Mailed check,No
1625-JAIIY,0.16118022133012552,0,Low Risk,68,83.0,5685.8,One year,Fiber optic,Electronic check,Yes
0603-OLQDC,0.30397855450505135,0,Low Risk,12,69.85,837.5,Month-to-month,DSL,Mailed check,No
3272-VUHPV,0.15069946424945915,0,Low Risk,8,56.3,401.5,Month-to-month,DSL,Bank transfer (automatic),No
4176-FXYBO,0.333642665294716,0,Low Risk,54,109.55,6118.95,Month-to-month,Fiber optic,Electronic check,No
1063-DHQJF,0.036022414084482236,0,Low Risk,69,92.15,6480.9,Two year,Fiber optic,Mailed check,No
8663-UPDGF,0.21510584466465862,0,Low Risk,26,69.5,1800.05,Month-to-month,DSL,Bank transfer (automatic),No
6719-FGEDO,0.027855066082690585,0,Low Risk,72,97.0,7104.2,Two year,Fiber optic,Bank transfer (automatic),No
1837-YQUCE,0.0165680408287046,0,Low Risk,70,58.35,4214.25,Two year,DSL,Bank transfer (automatic),No
2947-DOMLJ,0.22307287545550028,0,Low Risk,1,50.6,50.6,Month-to-month,DSL,Mailed check,Yes
4112-LUEIZ,0.7383157760755515,1,High Risk,10,89.5,863.1,Month-to-month,Fiber optic,Electronic check,Yes
0369-ZGOVK,0.20472274853105074,0,Low Risk,28,70.4,1992.2,One year,Fiber optic,Bank transfer (automatic),No
4510-HIMLV,0.7082462601095824,1,High Risk,1,69.8,69.8,Month-to-month,Fiber optic,Electronic check,Yes
9919-KNPOO,0.7333751389835589,1,High Risk,21,94.3,1948.35,Month-to-month,Fiber optic,Electronic check,No
8749-JMNKX,0.31500963011925376,0,Low Risk,51,93.8,4750.95,Month-to-month,Fiber optic,Bank transfer (automatic),Yes
7872-BAAZR,0.007518965095274486,0,Low Risk,53,19.55,1007.9,One year,No,Bank transfer (automatic),No
9391-LMANN,0.08853005423252416,0,Low Risk,53,95.95,5036.9,One year,Fiber optic,Electronic check,No
2430-USGXP,0.7194052654076946,1,High Risk,24,101.05,2391.8,Month-to-month,Fiber optic,Electronic check,Yes
8174-TBVCF,0.02019281051383718,0,Low Risk,70,94.8,6859.05,Two year,DSL,Credit card (automatic),No
1698-XFZCI,0.21634630177073158,0,Low Risk,61,107.75,6521.9,One year,Fiber optic,Electronic check,No
1877-HKBQX,0.10744513721747091,0,Low Risk,11,54.6,617.85,One year,DSL,Mailed check,No
4450-DLLMH,0.6071898803559422,1,Medium Risk,2,71.3,157.75,Month-to-month,Fiber optic,Credit card (automatic),No
0428-AXXLJ,0.05049539096154412,0,Low Risk,25,19.5,516.3,One year,No,Bank transfer (automatic),No
2746-DIJLO,0.08047645931358262,0,Low Risk,41,56.3,2364.0,One year,DSL,Credit card (automatic),No
5955-ERIHD,0.7551378669771193,1,High Risk,18,94.7,1687.95,Month-to-month,Fiber optic,Electronic check,Yes
0917-EZOLA,0.11877406542751931,0,Low Risk,72,104.15,7689.95,Two year,Fiber optic,Bank transfer (automatic),Yes
3508-VLHCZ,0.013180576952599086,0,Low Risk,71,90.55,6239.05,Two year,DSL,Credit card (automatic),No
4086-ATNFV,0.04659988928866331,0,Low Risk,34,60.8,2042.05,One year,DSL,Mailed check,No
0468-YRPXN,0.41918516937547995,0,Medium Risk,29,98.8,2807.1,Month-to-month,Fiber optic,Credit card (automatic),No
5996-NRVXR,0.12855943969403502,0,Low Risk,40,98.15,4116.8,One year,Fiber optic,Credit card (automatic),No
3739-YBWAB,0.06307011170643467,0,Low Risk,36,35.35,1317.95,One year,DSL,Mailed check,No
7047-FWEYA,0.2914121315120716,0,Low Risk,46,103.15,4594.65,One year,Fiber optic,Electronic check,No
2000-MPKCA,0.23182174889438578,0,Low Risk,58,107.75,6332.75,One year,Fiber optic,Electronic check,No
9762-YAQAA,0.1542921476880565,0,Low Risk,39,81.4,3213.75,One year,Fiber optic,Credit card (automatic),No
5949-EBSQK,0.23592717704260846,0,Low Risk,4,61.45,229.55,Month-to-month,DSL,Credit card (automatic),Yes
5473-KHBPS,0.16366043908874714,0,Low Risk,52,95.7,4976.15,One year,Fiber optic,Credit card (automatic),No
0100-DUVFC,0.27547819023671494,0,Low Risk,70,104.8,7308.95,One year,Fiber optic,Electronic check,No
5397-TUPSH,0.09401242927576263,0,Low Risk,65,70.95,4555.2,One year,Fiber optic,Bank transfer (automatic),No
8950-MTZNV,0.4449536986961136,0,Medium Risk,1,44.95,44.95,Month-to-month,DSL,Mailed check,No
0326-VDYXE,0.2611602419044029,0,Low Risk,70,97.65,6982.5,One year,Fiber optic,Electronic check,No
6773-LQTVT,0.23240442078844434,0,Low Risk,29,35.65,1025.15,Month-to-month,DSL,Mailed check,No
7274-RTAPZ,0.7889023165609992,1,High Risk,1,90.55,90.55,Month-to-month,Fiber optic,Electronic check,Yes
0436-TWFFZ,0.02281566122176524,0,Low Risk,67,85.25,5714.2,Two year,DSL,Mailed check,No
8566-YPRGL,0.25518011670945256,0,Low Risk,1,19.5,19.5,Month-to-month,No,Mailed check,No
0311-UNPFF,0.5329340048711823,1,Medium Risk,26,88.8,2274.35,Month-to-month,Fiber optic,Bank transfer (automatic),Yes
6609-MXJHJ,0.025659625911784875,0,Low Risk,30,25.1,789.55,Two year,No,Mailed check,No
2669-OIDSD,0.3054530626675769,0,Low Risk,48,100.05,4834.0,Month-to-month,Fiber optic,Credit card (automatic),No
8400-WZICQ,0.040370306433479025,0,Low Risk,55,55.7,3131.8,Month-to-month,DSL,Electronic check,No
3834-XUIFC,0.7056263399534138,1,High Risk,7,85.2,602.55,Month-to-month,Fiber optic,Mailed check,Yes
9576-SYUHJ,0.4718167461251608,0,Medium Risk,37,91.15,3369.25,Month-to-month,Fiber optic,Electronic check,No
0410-IPFTY,0.4004528195907904,0,Medium Risk,31,83.85,2674.15,Month-to-month,Fiber optic,Bank transfer (automatic),No
2831-EBWRN,0.49715621468553717,0,Medium Risk,4,45.9,199.75,Month-to-month,DSL,Electronic check,No
9430-NKQLY,0.003463009055358844,0,Low Risk,72,25.1,1790.8,Two year,No,Credit card (automatic),No
8414-MYSHR,0.793652405685754,1,High Risk,5,91.4,449.75,Month-to-month,Fiber optic,Electronic check,Yes
0247-SLUJI,0.1636458374553223,0,Low Risk,1,19.7,19.7,Month-to-month,No,Mailed check,No
9402-ORRAH,0.738250382109816,1,High Risk,15,91.5,1400.3,Month-to-month,Fiber optic,Electronic check,No
6483-OATDN,0.22737556749423607,0,Low Risk,8,51.3,411.6,Month-to-month,DSL,Credit card (automatic),No
1293-HHSHJ,0.02337244354494698,0,Low Risk,35,21.1,741.0,One year,No,Mailed check,No
4840-ORQXB,0.41830405115130137,0,Medium Risk,56,104.75,5841.35,Month-to-month,Fiber optic,Electronic check,No
7599-FKVXZ,0.43715310861802786,0,Medium Risk,42,106.15,4512.7,Month-to-month,Fiber optic,Bank transfer (automatic),Yes
3982-DQLUS,0.18915157217799097,0,Low Risk,65,85.75,5688.45,Month-to-month,Fiber optic,Electronic check,No
8610-ZIKJJ,0.0843129159425432,0,Low Risk,2,20.3,31.9,One year,No,Mailed check,No
3756-VNWDH,0.25653529184610935,0,Low Risk,65,100.75,6674.65,One year,Fiber optic,Electronic check,No
7801-KICAO,0.6397855484700384,1,Medium Risk,18,74.15,1345.75,Month-to-month,Fiber optic,Electronic check,No
7673-LPRNY,0.25566600782615667,0,Low Risk,23,78.55,1843.05,One year,DSL,Electronic check,No
8229-TNIQA,0.41050740997478535,0,Medium Risk,4,45.3,196.95,Month-to-month,DSL,Mailed check,Yes
6060-QBMGV,0.0022819188338903252,0,Low Risk,70,19.85,1433.8,Two year,No,Credit card (automatic),No
7339-POGZN,0.4699257651258949,0,Medium Risk,4,50.7,214.55,Month-to-month,DSL,Electronic check,No
2828-SLQPF,0.26359678156161015,0,Low Risk,19,45.0,865.85,Month-to-month,DSL,Bank transfer (automatic),No
4465-VDKIQ,0.4236188219836932,0,Medium Risk,18,77.8,1358.6,Month-to-month,Fiber optic,Electronic check,No
2921-XWDJH,0.41139937459074105,0,Medium Risk,38,83.45,3147.15,Month-to-month,Fiber optic,Electronic check,No
6221-AVQYL,0.6707712948208718,1,Medium Risk,2,73.25,131.05,Month-to-month,Fiber optic,Credit card (automatic),Yes
2558-BUOZZ,0.12113041498421055,0,Low Risk,47,94.8,4535.85,One year,Fiber optic,Bank transfer (automatic),No
9257-AZMTZ,0.0043014693849862526,0,Low Risk,52,20.1,1078.75,Two year,No,Bank transfer (automatic),No
0003-MKNFE,0.4024785456348737,0,Medium Risk,9,59.9,542.4,Month-to-month,DSL,Mailed check,No
0975-UYDTX,0.11186983126974563,0,Low Risk,26,90.1,2312.55,One year,DSL,Credit card (automatic),No
7743-EXURX,0.39680369727309894,0,Low Risk,8,51.05,415.05,Month-to-month,DSL,Electronic check,Yes
4682-BLBUC,0.08240318573059865,0,Low Risk,44,70.95,3250.45,One year,DSL,Electronic check,No
0975-VOOVL,0.41679108846104834,0,Medium Risk,3,29.2,98.5,Month-to-month,DSL,Mailed check,No
5968-VXZLG,0.41870901686970496,0,Medium Risk,2,46.6,87.9,Month-to-month,DSL,Bank transfer (automatic),No
5569-KGJHX,0.6254626802890595,1,Medium Risk,9,85.35,754.65,Month-to-month,Fiber optic,Bank transfer (automatic),Yes
4988-IQIGL,0.7895263096771897,1,High Risk,1,75.35,75.35,Month-to-month,Fiber optic,Electronic check,Yes
5201-FRKKS,0.2492587788011774,0,Low Risk,25,74.3,1952.25,Month-to-month,Fiber optic,Bank transfer (automatic),No
9799-CAYJJ,0.7314852741776191,1,High Risk,2,69.3,153.8,Month-to-month,Fiber optic,Electronic check,No
7730-IUTDZ,0.27547291076877156,0,Low Risk,43,75.2,3198.6,Month-to-month,Fiber optic,Electronic check,Yes
0426-TIRNE,0.19065571440116474,0,Low Risk,1,20.9,20.9,Month-to-month,No,Mailed check,Yes
5443-SCMKX,0.24201395169543025,0,Low Risk,58,94.3,5610.15,One year,Fiber optic,Electronic check,No
8295-KMENE,0.017086216124939744,0,Low Risk,59,76.45,4519.5,Two year,DSL,Mailed check,No
6738-ISCBM,0.15051781386048996,0,Low Risk,44,54.0,2440.25,One year,DSL,Electronic check,No
9821-BESNZ,0.2020472328645389,0,Low Risk,66,104.25,6860.6,One year,Fiber optic,Electronic check,No
3678-MNGZX,0.0020503839918376648,0,Low Risk,68,19.95,1377.7,Two year,No,Bank transfer (automatic),No
1335-NTIUC,0.568898174260368,1,Medium Risk,9,24.95,190.25,Month-to-month,DSL,Electronic check,No
2916-BQZLN,0.5366997641762125,1,Medium Risk,19,84.75,1651.95,Month-to-month,Fiber optic,Electronic check,No
4558-CGYCZ,0.17249761839914135,0,Low Risk,4,19.75,78.3,Month-to-month,No,Mailed check,No
2368-GAKKQ,0.05537639329007011,0,Low Risk,70,113.65,7939.25,Two year,Fiber optic,Bank transfer (automatic),No
8710-YGLWG,0.44494371285927276,0,Medium Risk,1,44.9,44.9,Month-to-month,DSL,Mailed check,No
3199-XGZCY,0.7127583225453965,1,High Risk,8,75.25,576.7,Month-to-month,Fiber optic,Electronic check,No
3785-KTYSH,0.007617738484426878,0,Low Risk,53,24.6,1279.0,Two year,No,Mailed check,No
6814-ZPWFQ,0.01705196956132976,0,Low Risk,51,25.0,1260.7,One year,No,Bank transfer (automatic),No
4063-EIKNQ,0.10344237686929604,0,Low Risk,11,20.95,267.35,Month-to-month,No,Bank transfer (automatic),No
6993-YCOBK,0.09474328188570127,0,Low Risk,60,110.6,6586.85,Two year,Fiber optic,Electronic check,No
5206-HPJKM,0.17661947827085417,0,Low Risk,17,55.5,934.15,Month-to-month,DSL,Credit card (automatic),No
7587-RZNME,0.5051851459964145,1,Medium Risk,3,43.3,123.65,Month-to-month,DSL,Electronic check,Yes
0748-RDGGM,0.07257021300915882,0,Low Risk,70,109.5,7534.65,One year,Fiber optic,Bank transfer (automatic),Yes
8393-JMVMB,0.1937932598054743,0,Low Risk,1,19.45,19.45,Month-to-month,No,Mailed check,No
5019-GQVCR,0.553957662633546,1,Medium Risk,43,84.85,3645.6,Month-to-month,Fiber optic,Electronic check,No
6036-TTFYU,0.1052353534848872,0,Low Risk,16,19.6,314.45,Month-to-month,No,Mailed check,No
2550-AEVRU,0.018390115378650655,0,Low Risk,57,53.45,3053.0,One year,DSL,Electronic check,No
0969-RGKCU,0.015797101930973667,0,Low Risk,37,19.8,677.05,One year,No,Credit card (automatic),No
0378-CJKPV,0.03491786151992701,0,Low Risk,72,112.1,7965.95,Two year,Fiber optic,Credit card (automatic),No
4706-AXVKM,0.6843541718729925,1,Medium Risk,11,84.8,906.85,Month-to-month,Fiber optic,Credit card (automatic),Yes
5889-JTMUL,0.48277346792733805,0,Medium Risk,50,95.05,4888.7,Month-to-month,Fiber optic,Electronic check,Yes
9026-RNUJS,0.41905486877326725,0,Medium Risk,5,50.35,237.25,Month-to-month,DSL,Electronic check,Yes
3746-EUBYR,0.6894924240335772,1,Medium Risk,1,74.6,74.6,Month-to-month,Fiber optic,Bank transfer (automatic),Yes
2332-EFBJY,0.14731255491693993,0,Low Risk,16,19.7,342.4,Month-to-month,No,Mailed check,Yes
2880-FPNAE,0.7261037092492546,1,High Risk,2,74.2,140.1,Month-to-month,Fiber optic,Electronic check,No
1703-MGIAB,0.3212327061317504,0,Low Risk,17,69.0,1108.0,Month-to-month,DSL,Mailed check,No
4311-QTTAI,0.050136813874431765,0,Low Risk,16,19.35,295.55,One year,No,Credit card (automatic),No
9474-PHLYD,0.4328120013429622,0,Medium Risk,15,59.45,892.65,Month-to-month,DSL,Electronic check,Yes
4318-RAJVY,0.1013994385744077,0,Low Risk,10,19.8,198.25,One year,No,Mailed check,No
2165-VOEGB,0.10137958529223959,0,Low Risk,46,105.2,4822.85,One year,Fiber optic,Bank transfer (automatic),Yes
3612-YUNGG,0.06894577024208999,0,Low Risk,64,109.2,6741.15,Two year,Fiber optic,Credit card (automatic),No
2254-DLXRI,0.6557493315023126,1,Medium Risk,1,79.15,79.15,Month-to-month,Fiber optic,Mailed check,No
5062-CJJKH,0.06630143505537182,0,Low Risk,25,53.65,1355.45,One year,DSL,Mailed check,No
9028-LIHRP,0.015453752818676295,0,Low Risk,71,100.2,7209.0,Two year,Fiber optic,Credit card (automatic),No
2219-MVUSO,0.379787556416941,0,Low Risk,8,45.15,438.4,Month-to-month,DSL,Mailed check,Yes
1053-MXTTK,0.029753953542127162,0,Low Risk,72,108.65,7726.35,Two year,Fiber optic,Bank transfer (automatic),No
1530-ZTDOZ,0.08789188374382809,0,Low Risk,49,40.65,2070.75,Month-to-month,DSL,Bank transfer (automatic),No
1301-LOPVR,0.07286215607218116,0,Low Risk,29,55.35,1636.95,One year,DSL,Credit card (automatic),No
0853-TWRVK,0.027220757775336363,0,Low Risk,72,105.6,7581.5,Two year,Fiber optic,Bank transfer (automatic),No
8914-RBTSB,0.4900560557211003,0,Medium Risk,31,93.8,3019.5,Month-to-month,Fiber optic,Electronic check,Yes
6212-ATMLK,0.5402842934789421,1,Medium Risk,50,95.7,4729.75,Month-to-month,Fiber optic,Electronic check,No
8200-LGKSR,0.02037624579891987,0,Low Risk,71,83.2,6126.1,Two year,DSL,Electronic check,No
1568-BEKZM,0.014485129234676328,0,Low Risk,70,90.05,6333.4,Two year,DSL,Credit card (automatic),No
0670-ANMUU,0.05049630242063004,0,Low Risk,71,97.65,6687.85,One year,Fiber optic,Credit card (automatic),No
6897-RWMUB,0.00691764892627592,0,Low Risk,61,68.05,4158.25,Two year,DSL,Bank transfer (automatic),No
0963-ZBDRN,0.5194503253417833,1,Medium Risk,32,96.2,3183.4,Month-to-month,Fiber optic,Electronic check,Yes
7594-RQHXR,0.7017459260162403,1,High Risk,1,79.6,79.6,Month-to-month,Fiber optic,Electronic check,Yes
6999-CHVCF,0.06094262588113089,0,Low Risk,68,102.1,7149.35,Two year,Fiber optic,Bank transfer (automatic),No
6134-KWTBV,0.004628888602253637,0,Low Risk,62,23.4,1429.65,Two year,No,Bank transfer (automatic),No
1077-HUUJM,0.604896544058608,1,Medium Risk,7,71.05,472.65,Month-to-month,Fiber optic,Electronic check,No
6331-EWIEB,0.6900456071676235,1,Medium Risk,20,85.25,1734.5,Month-to-month,Fiber optic,Electronic check,Yes
0895-LNKRC,0.07218096612810049,0,Low Risk,6,19.45,113.5,One year,No,Mailed check,No
2045-BMBTJ,0.25846492429417084,0,Low Risk,33,59.45,1884.65,Month-to-month,DSL,Bank transfer (automatic),No
8417-GSODA,0.297273390784604,0,Low Risk,28,92.2,2568.15,One year,Fiber optic,Bank transfer (automatic),No
5171-EPLKN,0.016542841029655083,0,Low Risk,27,19.85,470.0,Two year,No,Credit card (automatic),No
4452-QIIEB,0.29858468661084614,0,Low Risk,7,43.9,278.4,Month-to-month,DSL,Mailed check,No
5998-VVEJY,0.4949146861735339,0,Medium Risk,26,80.5,2088.8,Month-to-month,Fiber optic,Electronic check,Yes
1624-NALOJ,0.7776059558077374,1,High Risk,5,89.8,502.6,Month-to-month,Fiber optic,Electronic check,Yes
6741-EGCBI,0.44782876398801297,0,Medium Risk,30,90.5,2595.85,Month-to-month,Fiber optic,Credit card (automatic),No
7820-ZYGNY,0.1090931435711032,0,Low Risk,63,90.45,5825.5,One year,Fiber optic,Credit card (automatic),No
4317-VTEOA,0.4823700208607417,0,Medium Risk,1,50.75,50.75,Month-to-month,DSL,Electronic check,Yes
9677-AVKED,0.08671304312621043,0,Low Risk,53,84.6,4449.75,One year,DSL,Electronic check,No
1670-SVOWZ,0.37535480108224556,0,Low Risk,14,89.65,1208.35,Month-to-month,Fiber optic,Credit card (automatic),Yes
2227-JRSJX,0.4389372674601919,0,Medium Risk,21,99.15,1956.4,Month-to-month,Fiber optic,Bank transfer (automatic),No
9847-HNVGP,0.05340103509474397,0,Low Risk,17,19.95,310.6,One year,No,Mailed check,No
6696-YDAYZ,0.02495903900257285,0,Low Risk,16,20.5,290.55,Two year,No,Mailed check,No
8980-WQFWL,0.2651782848776701,0,Low Risk,35,62.1,2096.1,Month-to-month,DSL,Electronic check,No
1730-ZMAME,0.5610129889528218,1,Medium Risk,32,79.5,2665.0,Month-to-month,Fiber optic,Electronic check,No
6506-EYCNH,0.06732968169267739,0,Low Risk,28,19.55,543.8,Month-to-month,No,Bank transfer (automatic),No
4634-JLRJT,0.25531078237536664,0,Low Risk,1,20.35,20.35,Month-to-month,No,Mailed check,No
9501-UKKNL,0.16785967901349122,0,Low Risk,59,51.7,3005.8,Month-to-month,DSL,Electronic check,No
2560-QTSBS,0.006263524782021697,0,Low Risk,72,23.3,1623.15,One year,No,Bank transfer (automatic),No
7541-YLXCL,0.07734945601595396,0,Low Risk,36,65.4,2498.4,One year,DSL,Mailed check,Yes
4795-WRNVT,0.08111239577262548,0,Low Risk,40,65.1,2586.0,Month-to-month,DSL,Mailed check,No
6080-TCMYC,0.4193378440685089,0,Medium Risk,40,81.2,3292.3,Month-to-month,Fiber optic,Electronic check,No
0260-ZDLGK,0.3231931404622549,0,Low Risk,9,72.9,651.4,Month-to-month,DSL,Mailed check,Yes
7860-UXCRM,0.005844895945724466,0,Low Risk,63,74.5,4674.55,Two year,DSL,Credit card (automatic),No
6357-JJPQT,0.7337703714226105,1,High Risk,3,80.5,232.35,Month-to-month,Fiber optic,Electronic check,No
2292-XQWSV,0.07164807347634673,0,Low Risk,40,60.3,2448.5,One year,DSL,Mailed check,No
9552-TGUZV,0.4824821604704661,0,Medium Risk,8,75.0,658.1,Month-to-month,Fiber optic,Mailed check,No
5913-INRQV,0.13007678377323362,0,Low Risk,34,90.15,3128.8,One year,Fiber optic,Mailed check,No
8722-NGNBH,0.25682378707664594,0,Low Risk,5,40.0,223.45,Month-to-month,DSL,Mailed check,Yes
6210-KBBPI,0.718300062351025,1,High Risk,9,99.45,919.4,Month-to-month,Fiber optic,Credit card (automatic),Yes
9643-YBLUR,0.4277952142054604,0,Medium Risk,9,69.05,653.95,Month-to-month,DSL,Credit card (automatic),No
8734-FNWVH,0.18200367442202142,0,Low Risk,31,59.7,1825.5,Month-to-month,DSL,Bank transfer (automatic),No
9447-YPTBX,0.01567053281056074,0,Low Risk,50,19.85,943.1,One year,No,Bank transfer (automatic),No
0133-BMFZO,0.46340488050910833,0,Medium Risk,2,86.25,181.65,Month-to-month,Fiber optic,Electronic check,Yes
6128-CZOMY,0.5215340122790149,1,Medium Risk,1,45.65,45.65,Month-to-month,DSL,Electronic check,Yes
9540-JYROE,0.5771978007965183,1,Medium Risk,8,70.1,551.35,Month-to-month,Fiber optic,Mailed check,Yes
9026-LHEVG,0.4891206109798065,0,Medium Risk,9,40.75,359.4,Month-to-month,DSL,Electronic check,No
2260-USTRB,0.640962882320884,1,Medium Risk,2,70.2,115.95,Month-to-month,Fiber optic,Bank transfer (automatic),Yes
3656-TKRVZ,0.274555307616514,0,Low Risk,3,55.35,165.2,Month-to-month,DSL,Electronic check,Yes
7011-CVEUC,0.4584196025889575,0,Medium Risk,25,95.7,2338.35,Month-to-month,Fiber optic,Credit card (automatic),No
6185-TASNN,0.47038750942287866,0,Medium Risk,1,46.3,46.3,Month-to-month,DSL,Electronic check,No
7925-PNRGI,0.05729256158869127,0,Low Risk,45,81.3,3541.1,Month-to-month,DSL,Mailed check,No
8623-TMRBY,0.3269009895732951,0,Low Risk,51,84.2,4146.05,Month-to-month,Fiber optic,Electronic check,Yes
1552-CZCLL,0.013233611231452013,0,Low Risk,55,20.0,1087.25,Month-to-month,No,Credit card (automatic),No
3038-PQIUY,0.11906507096385482,0,Low Risk,38,66.15,2522.4,Month-to-month,DSL,Bank transfer (automatic),No
1501-SGHBW,0.3452974732505447,0,Low Risk,2,45.85,81.0,Month-to-month,DSL,Mailed check,Yes
9313-CDOGY,0.04437736115479713,0,Low Risk,38,19.6,717.3,Month-to-month,No,Electronic check,No
8148-BPLZQ,0.200384569575373,0,Low Risk,34,49.8,1734.2,Month-to-month,DSL,Electronic check,No
2623-DRYAM,0.26577374727196795,0,Low Risk,70,101.75,7069.3,One year,Fiber optic,Electronic check,No
9987-LUTYD,0.07133360949274545,0,Low Risk,13,55.15,742.9,One year,DSL,Mailed check,No
3208-YPIOE,0.38553485648620706,0,Low Risk,39,75.25,3017.65,Month-to-month,Fiber optic,Electronic check,Yes
4488-KQFDT,0.28802686799009014,0,Low Risk,61,103.95,6423.0,One year,Fiber optic,Electronic check,No
2612-RANWT,0.6965699275733711,1,Medium Risk,12,100.15,1164.3,Month-to-month,Fiber optic,Bank transfer (automatic),Yes
5693-PIPCS,0.1136055117875433,0,Low Risk,41,99.65,4220.35,Two year,Fiber optic,Credit card (automatic),No
0491-KAPQG,0.6203502459456623,1,Medium Risk,21,73.7,1558.7,Month-to-month,Fiber optic,Electronic check,No
1925-LFCZZ,0.11412343420598015,0,Low Risk,55,50.05,2743.45,One year,DSL,Bank transfer (automatic),No
8039-EQPIM,0.01207853936417121,0,Low Risk,69,60.25,4055.5,Two year,DSL,Bank transfer (automatic),No
6900-PXRMS,0.5704438544528274,1,Medium Risk,26,105.75,2710.25,Month-to-month,Fiber optic,Electronic check,Yes
8707-RMEZH,0.05098621669662812,0,Low Risk,69,87.3,6055.55,One year,Fiber optic,Credit card (automatic),No
3346-BRMIS,0.6192217929196896,1,Medium Risk,18,48.35,810.7,Month-to-month,DSL,Electronic check,Yes
3209-ZPKFI,0.10305160338722272,0,Low Risk,47,54.25,2538.2,Month-to-month,DSL,Electronic check,No
6479-VDGRK,0.006507203940142693,0,Low Risk,72,85.3,6129.2,Two year,DSL,Bank transfer (automatic),No
9373-WSLOY,0.30593231567967755,0,Low Risk,33,50.0,1750.85,Month-to-month,DSL,Electronic check,No
2933-FILNV,0.5125916461573123,1,Medium Risk,2,24.4,36.55,Month-to-month,DSL,Mailed check,Yes
3569-JFODW,0.009552417840386653,0,Low Risk,72,90.95,6652.45,Two year,DSL,Credit card (automatic),No
9819-FBNSV,0.3534268949321143,0,Low Risk,37,72.25,2575.45,Month-to-month,Fiber optic,Bank transfer (automatic),No
9544-PYPSJ,0.25659439884170043,0,Low Risk,62,96.1,6019.35,Month-to-month,Fiber optic,Credit card (automatic),No
1591-XWLGB,0.0020917822780834915,0,Low Risk,71,19.85,1379.6,Two year,No,Credit card (automatic),No
0396-UKGAI,0.1278842123106104,0,Low Risk,23,55.3,1284.2,Month-to-month,DSL,Bank transfer (automatic),No
3243-ZHOHY,0.054810022680712694,0,Low Risk,16,20.1,296.15,One year,No,Mailed check,No
5186-EJEGL,0.24388707578496777,0,Low Risk,9,69.5,653.25,Month-to-month,DSL,Mailed check,No
7527-QNRUS,0.046200807432618084,0,Low Risk,17,25.15,412.6,Two year,No,Mailed check,No
9986-BONCE,0.16069092343168112,0,Low Risk,4,20.95,85.5,Month-to-month,No,Bank transfer (automatic),Yes
2722-JMONI,0.4570645833877759,0,Medium Risk,1,49.55,49.55,Month-to-month,DSL,Electronic check,Yes
2203-GHNWN,0.5126999360758601,1,Medium Risk,24,79.65,1928.7,Month-to-month,Fiber optic,Mailed check,No
3878-AVSOQ,0.7341353852575329,1,High Risk,1,71.25,71.25,Month-to-month,Fiber optic,Electronic check,No
3258-SYSWS,0.0403190479073742,0,Low Risk,72,113.8,7845.8,Two year,Fiber optic,Bank transfer (automatic),No
5296-PSYVW,0.004397262847169322,0,Low Risk,72,24.55,1750.7,Two year,No,Electronic check,No
6319-QSUSR,0.09611471919996498,0,Low Risk,11,19.7,216.2,Month-to-month,No,Credit card (automatic),No
4083-EUGRJ,0.14124690234681123,0,Low Risk,9,20.25,178.5,Month-to-month,No,Mailed check,Yes
7579-OOPEC,0.3191989201907314,0,Low Risk,2,50.15,115.1,Month-to-month,DSL,Credit card (automatic),Yes
0512-FLFDW,0.2644931778608937,0,Low Risk,60,100.5,6029.0,One year,Fiber optic,Credit card (automatic),No
1771-OADNZ,0.6280611081018584,1,Medium Risk,29,95.9,2745.2,Month-to-month,Fiber optic,Electronic check,Yes
0487-CRLZF,0.03802807116700741,0,Low Risk,49,74.45,3721.9,Two year,DSL,Bank transfer (automatic),No
2107-FBPTK,0.6759243514922185,1,Medium Risk,30,104.1,3121.1,Month-to-month,Fiber optic,Electronic check,No
9451-WLYRI,0.009110522701697116,0,Low Risk,53,19.05,990.45,One year,No,Credit card (automatic),No
8219-VYBVI,0.011782865675517337,0,Low Risk,39,25.0,1004.35,Two year,No,Mailed check,No
1991-VOPLL,0.13797840618888113,0,Low Risk,9,19.05,157.65,Month-to-month,No,Mailed check,No
9738-QLWTP,0.1406721178476308,0,Low Risk,39,81.9,3219.75,One year,Fiber optic,Electronic check,No
1016-DJTSV,0.688580288485807,1,Medium Risk,8,69.7,572.85,Month-to-month,Fiber optic,Electronic check,No
9419-IPPBE,0.25321190607841537,0,Low Risk,51,90.15,4554.85,One year,Fiber optic,Electronic check,No
0174-QRVVY,0.002544482300582005,0,Low Risk,71,25.35,1847.55,Two year,No,Credit card (automatic),No
5699-BNCAS,0.005666870674651375,0,Low Risk,71,24.65,1766.75,Two year,No,Mailed check,No
2900-PHPLN,0.0037950055757934916,0,Low Risk,70,19.55,1462.05,Two year,No,Credit card (automatic),No
0612-RTZZA,0.6005755222442442,1,Medium Risk,1,25.25,25.25,Month-to-month,DSL,Electronic check,Yes
8106-GWQOK,0.04746591588475419,0,Low Risk,38,60.0,2193.2,Two year,DSL,Bank transfer (automatic),No
8751-EDEKA,0.32005249341870845,0,Low Risk,28,89.9,2433.5,Month-to-month,Fiber optic,Credit card (automatic),No
6878-GGDWG,0.04906804060257971,0,Low Risk,32,19.4,641.15,Month-to-month,No,Bank transfer (automatic),No
4039-PIMHX,0.020711192516547083,0,Low Risk,49,49.8,2398.4,Two year,DSL,Mailed check,No
8450-LUGUK,0.0170823796829906,0,Low Risk,37,24.1,861.85,Two year,No,Bank transfer (automatic),No
3604-WLABM,0.25813644354538595,0,Low Risk,10,54.25,583.0,Month-to-month,DSL,Electronic check,No
0795-GMVQO,0.10178728951886828,0,Low Risk,67,109.9,7332.4,One year,Fiber optic,Credit card (automatic),No
2259-OUUSZ,0.2433375604115273,0,Low Risk,7,35.5,249.55,One year,DSL,Credit card (automatic),No
1142-IHLOO,0.1517931612497812,0,Low Risk,51,87.55,4475.9,One year,Fiber optic,Credit card (automatic),No
6410-LEFEN,0.3503974082590137,0,Low Risk,9,45.15,416.45,Month-to-month,DSL,Electronic check,Yes
4633-MKHYU,0.6728544788589649,1,Medium Risk,9,88.4,788.6,Month-to-month,Fiber optic,Mailed check,No
6257-RJOHI,0.3273043524899136,0,Low Risk,4,50.8,202.3,Month-to-month,DSL,Mailed check,No
1545-JFUML,0.07452115286252683,0,Low Risk,71,99.0,6994.6,Two year,Fiber optic,Electronic check,No
3194-ORPIK,0.3090371938306103,0,Low Risk,50,84.4,4116.15,Month-to-month,Fiber optic,Bank transfer (automatic),Yes
7826-VVKWT,0.3126759390044817,0,Low Risk,24,96.55,2263.45,Two year,Fiber optic,Electronic check,No
1353-GHZOS,0.12592592657109142,0,Low Risk,22,59.75,1374.35,One year,DSL,Bank transfer (automatic),No
2587-EKXTS,0.4729580859228759,0,Medium Risk,44,111.5,4915.15,Month-to-month,Fiber optic,Electronic check,No
5442-BXVND,0.05171232484099099,0,Low Risk,33,24.25,838.5,Month-to-month,No,Bank transfer (automatic),No
8816-VXNZD,0.7597774158751815,1,High Risk,1,75.1,75.1,Month-to-month,Fiber optic,Electronic check,Yes
9378-FXTIZ,0.10353782941976886,0,Low Risk,54,70.15,3715.65,One year,DSL,Credit card (automatic),Yes
1723-HKXJQ,0.5769719199542511,1,Medium Risk,42,101.75,4273.45,Month-to-month,Fiber optic,Electronic check,Yes
7825-GKXMW,0.42814982722573547,0,Medium Risk,1,45.8,45.8,Month-to-month,DSL,Electronic check,Yes
9753-OYLBX,0.19060580629867901,0,Low Risk,1,20.5,20.5,Month-to-month,No,Mailed check,No
2364-UFROM,0.059948138535325324,0,Low Risk,30,70.4,2044.75,One year,DSL,Electronic check,No
6656-JWRQX,0.38952957896827883,0,Low Risk,1,30.55,30.55,Month-to-month,DSL,Mailed check,No
6473-ULUHT,0.23079170858255527,0,Low Risk,16,84.9,1398.25,Month-to-month,DSL,Electronic check,No
1240-KNSEZ,0.25935797391541526,0,Low Risk,1,20.1,20.1,Month-to-month,No,Mailed check,Yes
0836-SEYLU,0.36791310182911147,0,Low Risk,9,40.65,328.95,Month-to-month,DSL,Mailed check,Yes
4433-JCGCG,0.6233423053780635,1,Medium Risk,46,101.0,4680.05,Month-to-month,Fiber optic,Electronic check,Yes
3716-BDVDB,0.7081292774899232,1,High Risk,1,69.1,69.1,Month-to-month,Fiber optic,Electronic check,Yes
7688-AWMDX,0.004020366843655053,0,Low Risk,71,54.5,3778.2,Two year,DSL,Bank transfer (automatic),No
2842-BCQGE,0.33493202787770615,0,Low Risk,43,75.35,3161.4,Month-to-month,Fiber optic,Credit card (automatic),No
7244-QWYHG,0.04602740530476136,0,Low Risk,50,44.45,2188.45,One year,DSL,Bank transfer (automatic),No
5899-MQZZL,0.6042408299210482,1,Medium Risk,13,75.0,999.45,Month-to-month,Fiber optic,Mailed check,Yes
6849-OYAMU,0.19771196737903937,0,Low Risk,19,100.0,1888.65,One year,Fiber optic,Bank transfer (automatic),Yes
5312-UXESG,0.4094252988043975,0,Medium Risk,41,98.05,3990.6,Month-to-month,Fiber optic,Bank transfer (automatic),No
9488-HGMJH,0.7341196012851289,1,High Risk,1,71.15,71.15,Month-to-month,Fiber optic,Electronic check,Yes
6038-GCYEC,0.3796525886459298,0,Low Risk,24,54.15,1240.25,Month-to-month,DSL,Credit card (automatic),Yes
2150-WLKUW,0.0806093682275021,0,Low Risk,40,63.9,2635.0,One year,DSL,Bank transfer (automatic),No
7159-FVYPK,0.4254525295544882,0,Medium Risk,3,69.15,235.0,Month-to-month,DSL,Bank transfer (automatic),No
7032-LMBHI,0.06818661570848263,0,Low Risk,37,64.65,2347.85,One year,DSL,Bank transfer (automatic),No
1150-WFARN,0.05083517380090697,0,Low Risk,67,108.75,7156.2,Two year,Fiber optic,Credit card (automatic),Yes
6088-BXMRG,0.5774941387967679,1,Medium Risk,32,98.85,3089.6,Month-to-month,Fiber optic,Electronic check,No
3144-AUDBS,0.38155743717091034,0,Low Risk,6,49.15,270.8,Month-to-month,DSL,Electronic check,Yes
4821-SJHJV,0.3611331443883649,0,Low Risk,32,89.6,2901.8,Month-to-month,Fiber optic,Electronic check,No
7346-MEDWM,0.2874648689985835,0,Low Risk,59,83.25,4949.1,Month-to-month,Fiber optic,Electronic check,No
1137-DGOWI,0.061367750964232894,0,Low Risk,30,70.25,2198.9,One year,DSL,Bank transfer (automatic),No
5616-PRTNT,0.13527156403425417,0,Low Risk,20,19.4,374.5,Month-to-month,No,Electronic check,Yes
3812-LRZIR,0.028348324705226052,0,Low Risk,27,24.5,761.95,Two year,No,Electronic check,No
4818-QIUFN,0.5584113537505658,1,Medium Risk,20,79.15,1520.9,Month-to-month,Fiber optic,Electronic check,Yes
9483-GCPWE,0.062324135111636036,0,Low Risk,9,20.1,190.25,One year,No,Mailed check,No
4227-OJHAL,0.025930534675348973,0,Low Risk,68,73.0,5163.0,One year,DSL,Credit card (automatic),No
9220-CXRSC,0.004837135764024978,0,Low Risk,69,61.4,4059.85,Two year,DSL,Credit card (automatic),No
4993-JCRGJ,0.4142159037268507,0,Medium Risk,26,84.3,2281.6,Month-to-month,Fiber optic,Mailed check,No
9537-JALFH,0.0019357909001865973,0,Low Risk,69,19.9,1356.7,Two year,No,Bank transfer (automatic),No
6698-OXETB,0.03872012514421808,0,Low Risk,11,20.4,231.45,Two year,No,Mailed check,No
2103-ZRXFN,0.42300875343713684,0,Medium Risk,1,50.75,50.75,Month-to-month,DSL,Mailed check,No
3724-BSCVH,0.061179028856699985,0,Low Risk,10,20.45,242.4,One year,No,Mailed check,No
4877-TSOFF,0.03006611961514341,0,Low Risk,55,75.75,4264.25,One year,DSL,Bank transfer (automatic),No
9209-NWPGU,0.042043096186965875,0,Low Risk,44,65.4,2774.55,One year,DSL,Electronic check,No
6961-VCPMC,0.4466197359375876,0,Medium Risk,46,80.4,3605.2,Month-to-month,Fiber optic,Electronic check,Yes
7306-YDSOI,0.006508283925932758,0,Low Risk,69,59.75,4069.9,Two year,DSL,Bank transfer (automatic),No
5288-AHOUP,0.7157574925341729,1,High Risk,11,78.5,874.2,Month-to-month,Fiber optic,Electronic check,No
6688-UZPWD,0.7611987554447016,1,High Risk,11,102.0,1145.35,Month-to-month,Fiber optic,Electronic check,Yes
0655-YDGFJ,0.13475205446793975,0,Low Risk,29,48.95,1323.7,Month-to-month,DSL,Bank transfer (automatic),No
8468-EHYJA,0.3956009493879961,0,Low Risk,57,99.65,5497.05,Month-to-month,Fiber optic,Electronic check,No
6823-SIDFQ,0.029584686472200184,0,Low Risk,28,18.25,534.7,One year,No,Credit card (automatic),No
1097-FSPVW,0.060849193292519116,0,Low Risk,42,54.55,2455.05,Month-to-month,DSL,Credit card (automatic),No
2839-RFSQE,0.1833379130974974,0,Low Risk,2,20.65,38.7,Month-to-month,No,Mailed check,Yes
8328-SKJNO,0.05041927393345891,0,Low Risk,23,40.65,947.4,One year,DSL,Bank transfer (automatic),No
7010-ZMVBF,0.07873179203778456,0,Low Risk,18,20.45,357.0,Month-to-month,No,Mailed check,No
5201-CBWYG,0.007156597054469075,0,Low Risk,62,24.8,1476.25,One year,No,Bank transfer (automatic),No
0968-GSIKN,0.6313998767142528,1,Medium Risk,1,70.8,70.8,Month-to-month,Fiber optic,Mailed check,Yes
1965-DDBWU,0.5340165491051606,1,Medium Risk,16,89.05,1448.6,Month-to-month,Fiber optic,Credit card (automatic),Yes
9057-SIHCH,0.8215694043696011,1,High Risk,3,96.6,291.9,Month-to-month,Fiber optic,Electronic check,Yes
6352-GIGGQ,0.03544965037462375,0,Low Risk,67,88.8,5903.15,One year,DSL,Bank transfer (automatic),No
3635-QQRQD,0.004667845547159939,0,Low Risk,62,20.05,1201.65,Two year,No,Credit card (automatic),No
6771-XWBDM,0.3686920739667221,0,Low Risk,57,104.5,5921.35,Month-to-month,Fiber optic,Credit card (automatic),Yes
2897-DOVND,0.7012990310083417,1,High Risk,2,69.8,146.65,Month-to-month,Fiber optic,Electronic check,No
3082-YVEKW,0.051449302737848306,0,Low Risk,23,77.15,1759.4,Two year,DSL,Bank transfer (automatic),No
0191-EQUUH,0.028191193293901882,0,Low Risk,25,35.05,844.45,Two year,DSL,Bank transfer (automatic),No
7134-HBPBS,0.08269266734009834,0,Low Risk,72,108.1,7774.05,Two year,Fiber optic,Bank transfer (automatic),No
3489-HHPFY,0.7933313678230876,1,High Risk,2,84.05,134.05,Month-to-month,Fiber optic,Electronic check,No
2926-JEJJC,0.10367332624585605,0,Low Risk,8,20.2,140.95,One year,No,Bank transfer (automatic),No
8601-QACRS,0.47090469917546235,0,Medium Risk,5,50.6,249.95,Month-to-month,DSL,Mailed check,Yes
4950-BDEUX,0.3303481035637422,0,Low Risk,35,49.2,1701.65,Month-to-month,DSL,Electronic check,No
5789-LDFXO,0.07177613932036277,0,Low Risk,24,24.6,592.65,One year,No,Electronic check,No
0508-OOLTO,0.6512304715396481,1,Medium Risk,2,71.65,135.75,Month-to-month,Fiber optic,Electronic check,No
2984-TBYKU,0.03178866771590948,0,Low Risk,72,104.9,7732.65,Two year,Fiber optic,Credit card (automatic),No
9822-WMWVG,0.32654490022579447,0,Low Risk,41,106.5,4282.4,Month-to-month,Fiber optic,Electronic check,No
2391-SOORI,0.2619512540792736,0,Low Risk,4,49.35,219.65,Month-to-month,DSL,Electronic check,Yes
9040-KZVWO,0.17171307065232566,0,Low Risk,26,75.5,2018.1,One year,Fiber optic,Bank transfer (automatic),No
2645-QTLMB,0.7244903109554879,1,High Risk,7,94.25,669.0,Month-to-month,Fiber optic,Electronic check,Yes
4806-HIPDW,0.7077238233194026,1,High Risk,1,68.95,68.95,Month-to-month,Fiber optic,Electronic check,Yes
1548-ARAGG,0.30186054796302914,0,Low Risk,4,58.5,224.85,Month-to-month,DSL,Mailed check,No
6339-RZCBJ,0.023490141921324304,0,Low Risk,48,78.9,3771.5,Two year,DSL,Credit card (automatic),No
4424-TKOPW,0.8487392698750936,1,High Risk,2,93.85,196.75,Month-to-month,Fiber optic,Electronic check,Yes
4415-WNGVR,0.22939937546375974,0,Low Risk,12,79.2,943.85,One year,DSL,Electronic check,No
2522-AHJXR,0.24702735958114966,0,Low Risk,60,109.45,6572.85,Month-to-month,Fiber optic,Bank transfer (automatic),No
0412-UCCNP,0.016018566663122787,0,Low Risk,55,59.2,3175.85,Two year,DSL,Electronic check,No
1816-FLZDK,0.39435493484339385,0,Low Risk,1,29.15,29.15,Month-to-month,DSL,Mailed check,No
7096-UCLNH,0.1938690777938573,0,Low Risk,1,20.05,20.05,Month-to-month,No,Mailed check,No
8443-ZRDBZ,0.7458271072802771,1,High Risk,4,76.05,318.9,Month-to-month,Fiber optic,Electronic check,Yes
9136-ALYBR,0.5810767985282926,1,Medium Risk,1,24.45,24.45,Month-to-month,DSL,Mailed check,Yes
4615-PIVVU,0.02376325925789732,0,Low Risk,42,66.5,2762.75,Two year,DSL,Credit card (automatic),No
8885-QSQBX,0.24774444856020728,0,Low Risk,1,49.55,49.55,Month-to-month,DSL,Bank transfer (automatic),No
7479-NITWS,0.6773338117422332,1,Medium Risk,7,89.35,631.85,Month-to-month,Fiber optic,Credit card (automatic),Yes
8617-ENBDS,0.5878120651939166,1,Medium Risk,3,73.6,232.5,Month-to-month,Fiber optic,Credit card (automatic),No
9385-NXKDA,0.021004184048842307,0,Low Risk,72,82.65,5919.35,Two year,DSL,Credit card (automatic),No
0430-IHCDJ,0.45798691043975887,0,Medium Risk,15,49.0,749.25,Month-to-month,DSL,Electronic check,No
2959-MJHIC,0.7351354637203865,1,High Risk,4,80.35,307.4,Month-to-month,Fiber optic,Electronic check,Yes
6674-KVJHG,0.1207338424821513,0,Low Risk,11,25.2,245.15,One year,No,Electronic check,No
1814-DKOLC,0.20702130989138717,0,Low Risk,5,25.45,134.75,Month-to-month,No,Mailed check,No
4201-JMNGR,0.44161267436294144,0,Medium Risk,1,55.8,55.8,Month-to-month,DSL,Electronic check,Yes
9351-HXDMR,0.06461306953573587,0,Low Risk,72,110.9,8240.85,Two year,Fiber optic,Credit card (automatic),No
3537-HPKQT,0.2272057052189468,0,Low Risk,55,77.75,4266.4,Month-to-month,Fiber optic,Credit card (automatic),No
2129-ALKBS,0.07975968074470219,0,Low Risk,40,26.2,1077.5,Month-to-month,No,Electronic check,No
5821-MMEIL,0.004185414461802888,0,Low Risk,57,19.9,1115.6,Two year,No,Bank transfer (automatic),No
5960-WPXQM,0.750500271218744,1,High Risk,1,79.05,79.05,Month-to-month,Fiber optic,Electronic check,Yes
0684-AOSIH,0.7132824561535622,1,High Risk,1,95.0,95.0,Month-to-month,Fiber optic,Electronic check,Yes
8260-NGFNY,0.4826839066164166,0,Medium Risk,1,25.2,25.2,Month-to-month,DSL,Mailed check,Yes
1309-XGFSN,0.1392589672880736,0,Low Risk,52,80.85,4079.55,One year,DSL,Electronic check,No
1866-RZZQS,0.650896180406894,1,Medium Risk,41,98.4,4187.75,Month-to-month,Fiber optic,Electronic check,Yes
6968-URWQU,0.09178261497387272,0,Low Risk,43,56.35,2391.15,One year,DSL,Mailed check,No
4742-TXUEX,0.005327688814938197,0,Low Risk,47,19.3,890.5,Two year,No,Bank transfer (automatic),No
9631-XEYKE,0.38694328784488885,0,Low Risk,3,50.4,137.25,Month-to-month,DSL,Bank transfer (automatic),No
8631-NBHFZ,0.008651633481818747,0,Low Risk,66,79.4,5154.6,Two year,DSL,Credit card (automatic),Yes
1335-MXCSE,0.012978432142601639,0,Low Risk,55,55.25,3119.9,Two year,DSL,Credit card (automatic),No
8873-TMKGR,0.030762923286722255,0,Low Risk,29,19.1,529.5,One year,No,Mailed check,No
8800-JOOCF,0.6861051475554161,1,Medium Risk,12,84.05,966.55,Month-to-month,Fiber optic,Electronic check,No
1469-LBJQJ,0.416715923428157,0,Medium Risk,66,105.2,6936.85,Month-to-month,Fiber optic,Electronic check,No
4958-XCBDQ,0.683092336128484,1,Medium Risk,35,101.4,3496.3,Month-to-month,Fiber optic,Electronic check,Yes
8337-UPOAQ,0.77650635516763,1,High Risk,10,89.8,914.3,Month-to-month,Fiber optic,Electronic check,Yes
0064-YIJGF,0.4180342166968278,0,Medium Risk,27,75.75,1929.0,Month-to-month,Fiber optic,Bank transfer (automatic),No
2386-OWURY,0.34190837961416903,0,Low Risk,58,95.3,5817.7,Month-to-month,Fiber optic,Electronic check,No
1725-IQNIY,0.044389678604256584,0,Low Risk,54,109.75,6110.2,Two year,Fiber optic,Bank transfer (automatic),Yes
0310-VQXAM,0.14122867345196002,0,Low Risk,9,19.85,178.8,Month-to-month,No,Mailed check,No
6598-RFFVI,0.09511761609900365,0,Low Risk,2,19.3,28.3,One year,No,Credit card (automatic),Yes
3453-RTHJQ,0.671466254041198,1,Medium Risk,6,69.1,435.0,Month-to-month,Fiber optic,Electronic check,No
6712-OAWRH,0.6672384264501544,1,Medium Risk,26,91.25,2351.8,Month-to-month,Fiber optic,Electronic check,Yes
6278-FEPBZ,0.1388997043372963,0,Low Risk,9,20.25,186.15,Month-to-month,No,Mailed check,No
4280-DLSHD,0.33316840371199236,0,Low Risk,8,54.75,445.85,Month-to-month,DSL,Mailed check,No
1508-DFXCU,0.675302675590379,1,Medium Risk,12,81.45,912.0,Month-to-month,Fiber optic,Electronic check,No
8614-VGMMV,0.44842999068953593,0,Medium Risk,15,49.1,679.55,Month-to-month,DSL,Electronic check,Yes
7868-BGSZA,0.16182415871496397,0,Low Risk,43,80.2,3581.6,One year,DSL,Electronic check,No
2800-QQUSO,0.5237235772808462,1,Medium Risk,42,100.3,4222.95,Month-to-month,Fiber optic,Electronic check,No
2930-UOTMB,0.08542793129524373,0,Low Risk,31,65.25,1994.3,Month-to-month,DSL,Credit card (automatic),Yes
7973-DZRKH,0.026030174242502153,0,Low Risk,66,90.95,5930.05,Two year,Fiber optic,Credit card (automatic),No
5914-DVBWJ,0.5505389513830192,1,Medium Risk,18,85.45,1505.85,Month-to-month,Fiber optic,Electronic check,Yes
7698-YFGEZ,0.1938627587677812,0,Low Risk,1,20.0,20.0,Month-to-month,No,Mailed check,No
2533-QVMSK,0.09623562420148131,0,Low Risk,61,94.1,5638.3,Two year,Fiber optic,Electronic check,Yes
9773-PEQBZ,0.5804401866222356,1,Medium Risk,10,79.85,797.25,Month-to-month,Fiber optic,Electronic check,No
8644-XLFBW,0.7383497873195999,1,High Risk,1,71.65,71.65,Month-to-month,Fiber optic,Electronic check,Yes
0650-BWOZN,0.5652762788768468,1,Medium Risk,18,73.55,1359.45,Month-to-month,Fiber optic,Electronic check,No
8625-AZYZY,0.689666749970001,1,Medium Risk,24,104.65,2542.45,Month-to-month,Fiber optic,Electronic check,Yes
7785-RDVIG,0.14816101223474754,0,Low Risk,3,19.3,54.7,Month-to-month,No,Mailed check,No
9602-WCXPI,0.010667228631532032,0,Low Risk,50,20.15,989.05,One year,No,Credit card (automatic),No
2903-YYTBW,0.38342481493586666,0,Low Risk,1,44.55,44.55,Month-to-month,DSL,Electronic check,No
3620-MWJNE,0.2550079267826643,0,Low Risk,2,54.45,87.3,Month-to-month,DSL,Mailed check,No
8573-JGCZW,0.0720570870400637,0,Low Risk,17,19.65,351.55,One year,No,Bank transfer (automatic),No
6837-HAEVO,0.12744068724627905,0,Low Risk,69,105.0,7297.75,Two year,Fiber optic,Electronic check,No
6701-YVNQG,0.016194384227973733,0,Low Risk,72,88.7,6301.7,Two year,DSL,Credit card (automatic),No
9306-CPCBC,0.7464230091197782,1,High Risk,3,74.25,210.3,Month-to-month,Fiber optic,Electronic check,Yes
4304-XUMGI,0.030869448590314878,0,Low Risk,50,75.15,3822.45,Two year,DSL,Bank transfer (automatic),No
9504-YAZWB,0.00531360080735729,0,Low Risk,53,20.25,1048.45,Two year,No,Mailed check,No
8819-ZBYNA,0.0722548923229342,0,Low Risk,58,109.1,6393.65,Two year,Fiber optic,Credit card (automatic),No
6174-NRBTZ,0.0549622511093195,0,Low Risk,46,30.75,1489.3,One year,DSL,Bank transfer (automatic),No
9481-IEBZY,0.1925244892826282,0,Low Risk,72,112.9,8061.5,Month-to-month,Fiber optic,Credit card (automatic),No
1833-VGRUM,0.7857951123472711,1,High Risk,1,74.2,74.2,Month-to-month,Fiber optic,Electronic check,Yes
6137-NICCO,0.61122475411162,1,Medium Risk,6,94.05,518.75,Month-to-month,Fiber optic,Mailed check,No
9065-ZCPQX,0.008155902669072462,0,Low Risk,72,78.85,5763.15,Two year,DSL,Bank transfer (automatic),No
6402-EJMWF,0.4708189156955697,0,Medium Risk,4,55.3,238.5,Month-to-month,DSL,Mailed check,No
3620-EHIMZ,0.004539422753963569,0,Low Risk,52,19.35,1031.7,Two year,No,Mailed check,No
3213-VVOLG,0.06822446122851988,0,Low Risk,0,25.35,0.0,Two year,No,Mailed check,No
6870-ECSHE,0.10171281497014859,0,Low Risk,2,20.45,34.8,One year,No,Mailed check,No
8747-UDCOI,0.002897717953585299,0,Low Risk,65,19.35,1319.95,Two year,No,Bank transfer (automatic),No
8374-XGEJJ,0.6117182457473883,1,Medium Risk,43,101.0,4388.4,Month-to-month,Fiber optic,Electronic check,Yes
2656-TABEH,0.7969035086690186,1,High Risk,4,100.2,420.2,Month-to-month,Fiber optic,Electronic check,Yes
6946-LMSQS,0.4270202746747647,0,Medium Risk,25,89.05,2177.45,One year,Fiber optic,Electronic check,Yes
4626-OZDTJ,0.07551399981248869,0,Low Risk,51,78.65,3950.85,One year,DSL,Credit card (automatic),No
9169-BSVIN,0.4059359583842433,0,Medium Risk,12,74.75,827.05,Month-to-month,DSL,Bank transfer (automatic),No
2325-ZUSFD,0.040047680303141237,0,Low Risk,57,70.1,3913.3,One year,DSL,Bank transfer (automatic),Yes
8194-PEEBY,0.03185682357950989,0,Low Risk,24,19.9,533.5,One year,No,Mailed check,No
6872-HXFNF,0.020344221970125982,0,Low Risk,64,58.35,3756.45,One year,DSL,Bank transfer (automatic),No
3932-CMDTD,0.484436628858044,0,Medium Risk,4,105.65,443.9,One year,Fiber optic,Electronic check,Yes
7714-YXSMB,0.6112924831760277,1,Medium Risk,26,100.5,2599.95,Month-to-month,Fiber optic,Bank transfer (automatic),No
8387-UGUSU,0.08942251997041968,0,Low Risk,15,20.05,284.3,Month-to-month,No,Mailed check,No
1080-BWSYE,0.005188387047471151,0,Low Risk,64,25.65,1740.8,Two year,No,Credit card (automatic),No
4039-HEUNW,0.6418125046580369,1,Medium Risk,36,96.5,3436.1,Month-to-month,Fiber optic,Electronic check,Yes
1194-HVAIF,0.5069303997729309,1,Medium Risk,27,95.0,2462.55,Month-to-month,Fiber optic,Credit card (automatic),No
0812-WUPTB,0.5872245338577136,1,Medium Risk,1,70.85,70.85,Month-to-month,Fiber optic,Mailed check,Yes
3594-UVONA,0.10103986823018438,0,Low Risk,35,85.95,3110.1,One year,DSL,Credit card (automatic),Yes
0004-TLHLJ,0.676168577994123,1,Medium Risk,4,73.9,280.85,Month-to-month,Fiber optic,Electronic check,Yes
1767-TGTKO,0.4022325066803641,0,Medium Risk,8,45.45,411.75,Month-to-month,DSL,Electronic check,No
8439-LTUGF,0.1721724929321778,0,Low Risk,10,20.0,198.6,Month-to-month,No,Credit card (automatic),No
8805-JNRAZ,0.30239896201420285,0,Low Risk,2,49.2,103.7,Month-to-month,DSL,Mailed check,No
5089-IFSDP,0.0953241667632549,0,Low Risk,58,109.45,6144.55,Two year,Fiber optic,Bank transfer (automatic),Yes
6418-HNFED,0.02107562990663511,0,Low Risk,51,83.25,4089.45,Two year,DSL,Credit card (automatic),No
0206-OYVOC,0.008647754426322924,0,Low Risk,46,19.25,864.2,Two year,No,Mailed check,No
7291-CDTMJ,0.24678836435734644,0,Low Risk,1,19.65,19.65,Month-to-month,No,Bank transfer (automatic),No
7128-GGCNO,0.23663681511590734,0,Low Risk,46,72.8,3249.4,Month-to-month,Fiber optic,Bank transfer (automatic),No
0237-YFUTL,0.2621611610933061,0,Low Risk,50,109.65,5405.8,Month-to-month,Fiber optic,Bank transfer (automatic),No
7691-KGKGP,0.04114879023987065,0,Low Risk,53,65.0,3363.8,Month-to-month,DSL,Credit card (automatic),No
6710-HSJRD,0.40518899175137035,0,Medium Risk,61,114.1,7132.15,Month-to-month,Fiber optic,Electronic check,No
3675-EQOZA,0.1567916436213436,0,Low Risk,5,20.65,93.55,Month-to-month,No,Bank transfer (automatic),No
0840-DCNZE,0.048583345148042495,0,Low Risk,47,86.95,4138.9,One year,DSL,Bank transfer (automatic),No
1732-FEKLD,0.1873655046525248,0,Low Risk,54,94.75,5121.75,One year,Fiber optic,Bank transfer (automatic),No
9862-KJTYK,0.30990431268835933,0,Low Risk,19,25.35,566.1,Month-to-month,DSL,Credit card (automatic),No
0479-HMSWA,0.1808201114521824,0,Low Risk,26,105.45,2715.3,Two year,Fiber optic,Electronic check,No
5854-KSRBJ,0.002895857820972071,0,Low Risk,70,25.4,1782.05,Two year,No,Mailed check,No
0365-BZUWY,0.7243810797615055,1,High Risk,17,102.55,1742.5,Month-to-month,Fiber optic,Electronic check,No
4817-VYYWS,0.64517229512466,1,Medium Risk,30,100.2,2983.8,Month-to-month,Fiber optic,Electronic check,Yes
5701-SVCWR,0.19986821241449818,0,Low Risk,1,24.0,24.0,Month-to-month,No,Mailed check,No
3129-AAQOU,0.0290017519408306,0,Low Risk,19,25.6,485.9,Two year,No,Mailed check,No
4922-CVPDX,0.0927116322178106,0,Low Risk,26,73.5,1905.7,Two year,DSL,Credit card (automatic),No
1396-QWFBJ,0.35604812655785006,0,Low Risk,21,74.05,1565.7,Month-to-month,Fiber optic,Bank transfer (automatic),Yes
1357-BIJKI,0.34754046208498374,0,Low Risk,50,98.25,4858.7,One year,Fiber optic,Electronic check,No
1099-BTKWT,0.06462673834709433,0,Low Risk,68,54.4,3723.65,One year,DSL,Electronic check,No
5299-SJCZT,0.7522362384673728,1,High Risk,3,101.55,298.35,Month-to-month,Fiber optic,Bank transfer (automatic),Yes
2018-PZKMU,0.5274269674946374,1,Medium Risk,9,103.1,970.45,Month-to-month,Fiber optic,Electronic check,No
7340-KEFQE,0.009455952069780529,0,Low Risk,51,34.2,1782.0,Two year,DSL,Bank transfer (automatic),No
4570-QHXHL,0.4390487374840544,0,Medium Risk,9,43.75,405.7,Month-to-month,DSL,Electronic check,No
2403-BCASL,0.3231213546802307,0,Low Risk,41,111.95,4534.9,One year,Fiber optic,Electronic check,Yes
7392-YYPYJ,0.7105907979546752,1,High Risk,22,100.65,2415.95,Month-to-month,Fiber optic,Electronic check,No
2898-LSJGD,0.2555879250475774,0,Low Risk,21,55.95,1157.05,One year,DSL,Electronic check,Yes
2223-GDSHL,0.048168541563076823,0,Low Risk,71,116.05,8297.5,Two year,Fiber optic,Bank transfer (automatic),No
7359-PTSXY,0.4333822355668589,0,Medium Risk,1,45.75,45.75,Month-to-month,DSL,Electronic check,Yes
9470-RTWDV,0.1512368581154273,0,Low Risk,26,82.0,2083.1,One year,DSL,Credit card (automatic),No
2176-OSJUV,0.0055775413548224215,0,Low Risk,71,65.15,4681.75,Two year,DSL,Bank transfer (automatic),No
9348-YVOMK,0.3918880052764256,0,Low Risk,4,44.8,176.2,Month-to-month,DSL,Credit card (automatic),No
8104-OSKWT,0.5930771028296669,1,Medium Risk,12,79.8,1001.2,Month-to-month,Fiber optic,Electronic check,No
4521-YEEHE,0.6192629564265872,1,Medium Risk,18,88.85,1594.75,Month-to-month,Fiber optic,Electronic check,No
4090-KPJIP,0.7465956693590841,1,High Risk,3,74.95,212.4,Month-to-month,Fiber optic,Electronic check,No
3786-WOVKF,0.14464628956895578,0,Low Risk,72,106.85,7677.4,One year,Fiber optic,Bank transfer (automatic),No
4503-BDXBD,0.49806787628858273,0,Medium Risk,11,74.95,815.5,Month-to-month,Fiber optic,Electronic check,Yes
6086-ESGRL,0.5706082099296065,1,Medium Risk,1,80.15,80.15,Month-to-month,Fiber optic,Credit card (automatic),Yes
2592-HODOV,0.05886251739999148,0,Low Risk,13,19.3,259.65,One year,No,Credit card (automatic),No
3886-CERTZ,0.19373511595324183,0,Low Risk,72,109.25,8109.8,One year,Fiber optic,Electronic check,Yes
7995-ZHHNZ,0.04455784809619178,0,Low Risk,42,56.1,2386.85,One year,DSL,Credit card (automatic),No
3824-RHKVR,0.09117926755614379,0,Low Risk,17,19.7,340.35,Month-to-month,No,Credit card (automatic),No
5816-SCGFC,0.378975563617179,0,Low Risk,7,51.3,419.35,Month-to-month,DSL,Mailed check,No
5989-AXPUC,0.04713247181513102,0,Low Risk,68,118.6,7990.05,Two year,Fiber optic,Mailed check,No
4979-HPRFL,0.005123695840744365,0,Low Risk,56,24.15,1402.25,Two year,No,Bank transfer (automatic),No
8590-OHDIW,0.01639673812891356,0,Low Risk,38,20.3,749.35,One year,No,Mailed check,No
8015-IHCGW,0.06710928506203837,0,Low Risk,72,115.5,8425.15,Two year,Fiber optic,Electronic check,No
2332-TODQS,0.016034154286229434,0,Low Risk,48,25.05,1171.5,One year,No,Credit card (automatic),No
9278-VZKCD,0.45007712458379945,0,Medium Risk,52,109.1,5647.95,Month-to-month,Fiber optic,Electronic check,No
8008-OTEZX,0.01894052871935097,0,Low Risk,35,19.65,708.8,One year,No,Mailed check,No
2773-OVBPK,0.09097497558599812,0,Low Risk,67,111.3,7567.2,Two year,Fiber optic,Bank transfer (automatic),No
5999-LCXAO,0.3785819921148703,0,Low Risk,1,29.9,29.9,Month-to-month,DSL,Mailed check,No
5206-XZZQI,0.15866217337503302,0,Low Risk,53,80.6,4348.1,Month-to-month,Fiber optic,Mailed check,No
4803-LBYPN,0.03888178096725972,0,Low Risk,34,20.8,635.9,Month-to-month,No,Mailed check,No
5759-RCVCB,0.49141954286076245,0,Medium Risk,3,35.2,108.95,Month-to-month,DSL,Credit card (automatic),Yes
6372-RFVNS,0.6733829714045713,1,Medium Risk,1,78.8,78.8,Month-to-month,Fiber optic,Electronic check,Yes
2139-FQHLM,0.36001970351411716,0,Low Risk,19,89.95,1682.4,Month-to-month,Fiber optic,Mailed check,No
8261-GWDBQ,0.08367845688212654,0,Low Risk,60,116.05,6925.9,Two year,Fiber optic,Bank transfer (automatic),No
1093-YSWCA,0.035300595833335,0,Low Risk,11,19.55,223.15,Two year,No,Credit card (automatic),No
8938-UMKPI,0.5481013780812553,1,Medium Risk,47,106.4,5127.95,Month-to-month,Fiber optic,Electronic check,Yes
0991-BRRFB,0.2007139318679839,0,Low Risk,18,49.4,874.8,Month-to-month,DSL,Electronic check,Yes
3882-IYOIJ,0.038683701694923,0,Low Risk,60,115.25,6758.45,Two year,Fiber optic,Credit card (automatic),No
8749-TZYEC,0.003043094603087623,0,Low Risk,72,24.8,1874.3,Two year,No,Credit card (automatic),No
1755-FZQEC,0.01966516567751031,0,Low Risk,39,19.9,791.15,One year,No,Mailed check,No
3115-JPJDD,0.06911556784165777,0,Low Risk,59,81.25,4639.45,One year,Fiber optic,Credit card (automatic),No
5600-KTXFM,0.48577765742693985,0,Medium Risk,2,69.95,143.9,Month-to-month,Fiber optic,Mailed check,No
3871-IKPYH,0.6591778377939467,1,Medium Risk,1,69.1,69.1,Month-to-month,Fiber optic,Electronic check,Yes
6319-IEJWJ,0.6303178506430693,1,Medium Risk,20,90.2,1776.55,Month-to-month,Fiber optic,Electronic check,Yes
9025-AOMKI,0.7377598783657714,1,High Risk,6,93.55,536.4,Month-to-month,Fiber optic,Bank transfer (automatic),Yes
6339-TBELP,0.04109785668258014,0,Low Risk,71,86.4,6172.0,Two year,Fiber optic,Credit card (automatic),No
7964-YESJC,0.14235664717123367,0,Low Risk,24,66.3,1559.45,Month-to-month,DSL,Mailed check,No
6173-GOLSU,0.3480178309044572,0,Low Risk,67,94.65,6079.0,Month-to-month,Fiber optic,Credit card (automatic),No
5275-SQEIZ,0.684703663177017,1,Medium Risk,1,80.85,80.85,Month-to-month,Fiber optic,Mailed check,Yes
7716-YTYHG,0.20769659419643832,0,Low Risk,48,82.05,4029.95,One year,Fiber optic,Mailed check,Yes
9938-ZREHM,0.07018449026859998,0,Low Risk,37,72.1,2658.4,One year,DSL,Mailed check,No
7950-XWOVN,0.33000479052229054,0,Low Risk,11,34.7,383.55,Month-to-month,DSL,Mailed check,No
4390-KYULV,0.22791541099467116,0,Low Risk,3,20.55,51.15,Month-to-month,No,Credit card (automatic),Yes
4647-MUZON,0.5911111887033556,1,Medium Risk,18,95.95,1745.5,Month-to-month,Fiber optic,Credit card (automatic),No
9702-AIUJO,0.03902958995527941,0,Low Risk,50,44.8,2230.85,One year,DSL,Bank transfer (automatic),No
8849-PRIQJ,0.13680381245455056,0,Low Risk,67,109.4,7281.6,One year,Fiber optic,Electronic check,No
8851-RAGOV,0.1404780523660233,0,Low Risk,25,71.05,1837.7,Month-to-month,DSL,Mailed check,No
1304-NECVQ,0.7721470989649305,1,High Risk,2,78.55,149.55,Month-to-month,Fiber optic,Electronic check,Yes
5396-IZEPB,0.1303104534991055,0,Low Risk,9,19.7,180.7,Month-to-month,No,Credit card (automatic),No
1729-VLAZJ,0.08766655963095546,0,Low Risk,10,40.25,411.45,One year,DSL,Mailed check,No
8285-ABVLB,0.0021763634813778236,0,Low Risk,70,19.85,1328.35,Two year,No,Credit card (automatic),No
0701-TJSEF,0.22857293237508308,0,Low Risk,9,68.25,576.95,Month-to-month,DSL,Bank transfer (automatic),No
5712-VBOXD,0.21258961412065971,0,Low Risk,4,20.15,68.45,Month-to-month,No,Credit card (automatic),No
6629-LADHQ,0.25389062414127794,0,Low Risk,2,50.95,123.05,Month-to-month,DSL,Mailed check,No
8945-GRKHX,0.6175454776947455,1,Medium Risk,1,78.65,78.65,Month-to-month,Fiber optic,Electronic check,Yes
1559-DTODC,0.36077930960163346,0,Low Risk,19,25.15,468.35,Month-to-month,DSL,Bank transfer (automatic),No
4797-MIWUM,0.1683261437772072,0,Low Risk,7,20.25,174.7,Month-to-month,No,Bank transfer (automatic),No
6959-UWKHF,0.5263119061760339,1,Medium Risk,1,42.9,42.9,Month-to-month,DSL,Electronic check,Yes
8720-RQSBJ,0.46992418074079695,0,Medium Risk,1,44.0,44.0,Month-to-month,DSL,Electronic check,No
4537-CIBHB,0.061963732077675256,0,Low Risk,9,20.25,172.35,One year,No,Mailed check,No
3815-SLMEF,0.27784387417205997,0,Low Risk,3,34.25,139.35,Month-to-month,DSL,Mailed check,Yes
5154-VEKBL,0.3121227534602585,0,Low Risk,9,58.5,539.85,Month-to-month,DSL,Mailed check,Yes
4324-AHJKS,0.20915482567950844,0,Low Risk,5,55.8,300.4,Month-to-month,DSL,Credit card (automatic),No
4355-CVPVS,0.11519074231361234,0,Low Risk,56,88.9,4968.0,One year,Fiber optic,Bank transfer (automatic),No
4495-LHSSK,0.1622782737763895,0,Low Risk,18,57.65,992.7,Month-to-month,DSL,Mailed check,No
5655-JSMZM,0.5942917717565973,1,Medium Risk,49,96.2,4718.25,Month-to-month,Fiber optic,Electronic check,Yes
5915-ANOEI,0.00913379100044789,0,Low Risk,70,79.15,5536.5,Two year,DSL,Mailed check,No
9861-PDSZP,0.07078747073335165,0,Low Risk,72,108.05,7806.6,Two year,Fiber optic,Credit card (automatic),No
4505-EXZHB,0.603852978170362,1,Medium Risk,6,74.4,434.1,Month-to-month,Fiber optic,Electronic check,Yes
7225-CBZPL,0.7853306372293686,1,High Risk,17,94.8,1563.9,Month-to-month,Fiber optic,Electronic check,No
6704-UTUKK,0.4894577408827582,0,Medium Risk,29,45.9,1332.4,Month-to-month,DSL,Electronic check,No
4587-VVTOX,0.7732380524772092,1,High Risk,6,105.3,545.2,Month-to-month,Fiber optic,Electronic check,Yes
2019-HDCZY,0.13868160310820407,0,Low Risk,63,102.6,6296.75,Two year,Fiber optic,Electronic check,No
4652-NNHNY,0.5770159278524943,1,Medium Risk,16,73.85,1284.2,Month-to-month,Fiber optic,Bank transfer (automatic),Yes
8788-DOXSU,0.04972663057110037,0,Low Risk,59,61.35,3645.5,One year,DSL,Bank transfer (automatic),No
7404-JLKQG,0.4501533632517653,0,Medium Risk,3,57.55,161.45,Month-to-month,DSL,Electronic check,No
7421-ZLUPA,0.4525301474358347,0,Medium Risk,8,29.25,226.95,Month-to-month,DSL,Mailed check,No
8972-HJWNV,0.7957769843642334,1,High Risk,7,84.55,646.85,Month-to-month,Fiber optic,Electronic check,Yes
3274-NSDWE,0.0024364680633021272,0,Low Risk,68,19.6,1441.65,Two year,No,Credit card (automatic),No
2632-IVXVF,0.03677114526676892,0,Low Risk,68,111.75,7511.3,Two year,Fiber optic,Credit card (automatic),No
3692-JHONH,0.38661571630862096,0,Low Risk,52,106.5,5621.85,One year,Fiber optic,Electronic check,No
8915-NNTRC,0.0425505334883319,0,Low Risk,72,107.7,7919.8,Two year,Fiber optic,Credit card (automatic),No
5914-GXMDA,0.026769045259854823,0,Low Risk,32,19.3,593.2,One year,No,Mailed check,No
7463-IFMQU,0.0020626470834665435,0,Low Risk,72,20.05,1423.65,Two year,No,Bank transfer (automatic),No
2920-RNCEZ,0.5644979929551267,1,Medium Risk,1,69.95,69.95,Month-to-month,Fiber optic,Credit card (automatic),No
2541-YGPKE,0.02528894770668303,0,Low Risk,42,63.7,2763.35,One year,DSL,Credit card (automatic),No
8515-OCTJS,0.025030109524894963,0,Low Risk,25,24.75,692.1,Two year,No,Credit card (automatic),Yes
5382-TEMLV,0.07855444732130597,0,Low Risk,45,50.9,2298.55,Month-to-month,DSL,Bank transfer (automatic),No
3441-CGZJH,0.06548129314968029,0,Low Risk,43,60.4,2640.55,One year,DSL,Credit card (automatic),No
9592-ERDKV,0.09972011547452057,0,Low Risk,37,79.25,2911.8,One year,DSL,Mailed check,No
2860-RANUS,0.6238252825096181,1,Medium Risk,20,85.8,1727.5,Month-to-month,Fiber optic,Credit card (automatic),Yes
5261-QSHQM,0.6205934026469716,1,Medium Risk,4,24.45,86.6,Month-to-month,DSL,Electronic check,Yes
4778-IZARL,0.045430809468198,0,Low Risk,63,110.1,6705.7,Two year,Fiber optic,Credit card (automatic),No
0432-CAJZV,0.6332520455401697,1,Medium Risk,3,90.7,237.65,Month-to-month,Fiber optic,Mailed check,No
7008-LZVOZ,0.004600750929595333,0,Low Risk,66,25.3,1672.35,Two year,No,Credit card (automatic),No
8868-WOZGU,0.6633199814677841,1,Medium Risk,28,105.7,2979.5,Month-to-month,Fiber optic,Electronic check,Yes
1200-TUZHR,0.7160418789032923,1,High Risk,8,85.2,695.75,Month-to-month,Fiber optic,Electronic check,No
9365-CSLBQ,0.0026104053717997673,0,Low Risk,71,24.35,1654.6,Two year,No,Mailed check,No
1334-FJSVR,0.6581627747545548,1,Medium Risk,1,24.25,24.25,Month-to-month,DSL,Electronic check,Yes
5884-FBCTL,0.0024351291255292574,0,Low Risk,72,25.1,1857.85,Two year,No,Bank transfer (automatic),No
7130-CTCUS,0.21104771862070815,0,Low Risk,16,54.55,825.1,Month-to-month,DSL,Bank transfer (automatic),No
6242-FEGFD,0.02425196850862605,0,Low Risk,66,96.6,6424.25,Two year,Fiber optic,Mailed check,No
7625-XCQRH,0.6935872432638702,1,Medium Risk,11,76.5,837.95,Month-to-month,Fiber optic,Electronic check,Yes
6194-HBGQN,0.041325000583114224,0,Low Risk,51,81.15,4126.2,One year,DSL,Credit card (automatic),No
7634-WSWDB,0.4757378819231413,0,Medium Risk,8,38.5,330.8,Month-to-month,DSL,Electronic check,No
6986-IXNDM,0.7204877728750502,1,High Risk,14,92.9,1337.45,Month-to-month,Fiber optic,Electronic check,No
1731-TVIUK,0.6718973906464528,1,Medium Risk,4,93.5,362.2,Month-to-month,Fiber optic,Electronic check,Yes
2987-BJXIK,0.01763831762037304,0,Low Risk,70,84.7,5991.05,Two year,DSL,Mailed check,No
9769-TSBZE,0.00702746540316206,0,Low Risk,70,66.0,4891.5,Two year,DSL,Electronic check,No
0406-BPDVR,0.2680954497412553,0,Low Risk,54,101.5,5373.1,One year,Fiber optic,Credit card (automatic),Yes
0618-XWMSS,0.25341230603053994,0,Low Risk,28,74.9,2068.55,Month-to-month,Fiber optic,Bank transfer (automatic),Yes
1395-WSWXR,0.021254365420290123,0,Low Risk,24,20.75,487.05,Two year,No,Mailed check,No
6023-GSSXW,0.015528654879912486,0,Low Risk,69,61.45,4131.2,Two year,DSL,Credit card (automatic),No
6752-APNJL,0.04742157257522732,0,Low Risk,42,54.5,2301.15,Month-to-month,DSL,Mailed check,No
5276-KQWHG,0.72657615142033,1,High Risk,2,69.6,131.65,Month-to-month,Fiber optic,Electronic check,Yes
0420-HLGXF,0.6614185691796793,1,Medium Risk,39,99.75,4036.0,Month-to-month,Fiber optic,Electronic check,No
7446-KQISO,0.1155736906929487,0,Low Risk,45,109.75,4900.65,Two year,Fiber optic,Bank transfer (automatic),No
9823-EALYC,0.009385313023877857,0,Low Risk,72,80.85,5727.45,Two year,DSL,Bank transfer (automatic),No
0582-AVCLN,0.010754216230821559,0,Low Risk,38,20.3,743.05,Two year,No,Mailed check,No
5803-NQJZO,0.007568384716031166,0,Low Risk,72,67.8,4804.65,Two year,DSL,Bank transfer (automatic),No
2565-JSLRY,0.317682500462812,0,Low Risk,1,24.05,24.05,Month-to-month,No,Mailed check,Yes
2607-DHDAK,0.0023762521137879657,0,Low Risk,72,19.8,1414.65,Two year,No,Credit card (automatic),No
1073-XXCZD,0.006829258856285673,0,Low Risk,55,25.7,1443.65,Two year,No,Bank transfer (automatic),No
0743-HRVFF,0.10300224533203946,0,Low Risk,51,56.15,2898.95,One year,DSL,Electronic check,No
4006-HKYHO,0.015434406521759512,0,Low Risk,63,86.7,5309.5,Two year,DSL,Bank transfer (automatic),No
3727-JEZTU,0.19059333083377894,0,Low Risk,1,20.4,20.4,Month-to-month,No,Mailed check,No
8143-ETQTI,0.025621370410292398,0,Low Risk,23,19.65,451.55,Two year,No,Mailed check,No
6689-KXGBO,0.3851359486173855,0,Low Risk,1,50.55,50.55,Month-to-month,DSL,Electronic check,Yes
9667-TKTVZ,0.40747746708221505,0,Medium Risk,2,54.35,117.05,Month-to-month,DSL,Mailed check,No
3657-COGMW,0.27480078802333535,0,Low Risk,52,108.1,5839.3,Month-to-month,Fiber optic,Credit card (automatic),No
8570-KLJYJ,0.056179326308676975,0,Low Risk,36,54.45,1893.5,One year,DSL,Mailed check,No
7754-IXRMC,0.3502701959750788,0,Low Risk,1,45.35,45.35,Month-to-month,DSL,Mailed check,No
9473-CBZOP,0.07538837407753704,0,Low Risk,28,59.0,1654.45,One year,DSL,Mailed check,No
2969-WGHQO,0.13864460863661526,0,Low Risk,7,69.45,477.05,One year,DSL,Electronic check,No
6615-NGGZJ,0.7445829885203379,1,High Risk,14,100.55,1415.55,Month-to-month,Fiber optic,Electronic check,Yes
4334-HOWRP,0.015949818979216386,0,Low Risk,72,64.95,4546.0,Two year,DSL,Credit card (automatic),No
4255-DDUOU,0.21816951565325632,0,Low Risk,1,20.5,20.5,Month-to-month,No,Mailed check,Yes
5863-OOKCL,0.13200743081758726,0,Low Risk,10,18.85,163.2,Month-to-month,No,Mailed check,No
1686-STUHN,0.016017631480553886,0,Low Risk,42,19.8,849.9,One year,No,Bank transfer (automatic),No
1329-VHWNP,0.39910954646277214,0,Low Risk,7,25.05,189.95,Month-to-month,DSL,Bank transfer (automatic),No
2984-MIIZL,0.5872607676802208,1,Medium Risk,4,74.8,321.9,Month-to-month,Fiber optic,Bank transfer (automatic),Yes
0266-GMEAO,0.04214749354645274,0,Low Risk,72,114.3,8058.55,Two year,Fiber optic,Credit card (automatic),No
5590-YRFJT,0.44304415102780387,0,Medium Risk,20,24.45,482.8,Month-to-month,DSL,Electronic check,Yes
5574-NXZIU,0.033708577371135064,0,Low Risk,63,109.2,7049.75,Two year,Fiber optic,Credit card (automatic),No
0019-GFNTW,0.00866943135488605,0,Low Risk,56,45.05,2560.1,Two year,DSL,Bank transfer (automatic),No
4256-ZWTZI,0.26919537413279276,0,Low Risk,5,51.0,286.8,Month-to-month,DSL,Mailed check,No
8309-PPCED,0.07706462331321368,0,Low Risk,72,110.45,7982.5,Two year,Fiber optic,Bank transfer (automatic),No
4098-NAUKP,0.22575361503442606,0,Low Risk,68,84.65,5683.6,Month-to-month,Fiber optic,Electronic check,No
5196-WPYOW,0.006992354904467478,0,Low Risk,67,60.05,3994.05,One year,DSL,Mailed check,No
4608-LCIMN,0.23944554250631908,0,Low Risk,8,44.65,369.15,Month-to-month,DSL,Bank transfer (automatic),No
1485-YDHMM,0.2106044280311478,0,Low Risk,52,93.25,4631.7,Month-to-month,Fiber optic,Bank transfer (automatic),No
4054-CUMIA,0.11175073732569321,0,Low Risk,18,20.25,401.95,Month-to-month,No,Mailed check,No
0603-TPMIB,0.004735833911366658,0,Low Risk,59,25.45,1534.05,Two year,No,Mailed check,No
2525-GVKQU,0.0037294499429696634,0,Low Risk,60,20.6,1093.0,Two year,No,Mailed check,No
8161-QYMTT,0.8082479387605611,1,High Risk,7,94.1,701.3,Month-to-month,Fiber optic,Electronic check,No
9581-GVBXT,0.018603812983134793,0,Low Risk,59,34.8,1980.3,One year,DSL,Mailed check,No
5862-BRIXZ,0.041888432743969445,0,Low Risk,46,60.75,2893.4,Two year,DSL,Bank transfer (automatic),No
5404-GGUKR,0.4433723543191528,0,Medium Risk,5,51.35,262.3,Month-to-month,DSL,Electronic check,No
3308-JSGML,0.03160488640124945,0,Low Risk,59,64.05,3886.85,Two year,DSL,Credit card (automatic),No
2126-GSEGL,0.025010125146469015,0,Low Risk,70,84.8,5917.55,Two year,DSL,Bank transfer (automatic),No
3677-TNKIO,0.49305745028100995,0,Medium Risk,14,71.0,914.0,Month-to-month,Fiber optic,Credit card (automatic),Yes
0440-QEXBZ,0.15536830861454057,0,Low Risk,44,50.15,2139.1,Month-to-month,DSL,Mailed check,No
2434-EEVDB,0.06450515129867733,0,Low Risk,64,94.6,5948.7,Two year,Fiber optic,Credit card (automatic),No
6762-QVYJO,0.016056312272507117,0,Low Risk,58,59.75,3624.35,Two year,DSL,Mailed check,No
6199-IWKGC,0.29003395997600007,0,Low Risk,46,100.25,4753.85,One year,Fiber optic,Electronic check,No
2675-DHUTR,0.5029423789760398,1,Medium Risk,58,98.9,5780.7,Month-to-month,Fiber optic,Electronic check,No
8152-VETUR,0.0862414353967381,0,Low Risk,72,97.7,6869.7,Two year,Fiber optic,Credit card (automatic),No
9667-EQRXU,0.4292862299821277,0,Medium Risk,30,40.3,1172.95,Month-to-month,DSL,Electronic check,Yes
7446-YPODE,0.23021328773396288,0,Low Risk,11,60.25,662.95,Month-to-month,DSL,Bank transfer (automatic),No
9522-BNTHX,0.4223290173908121,0,Medium Risk,34,56.25,1765.95,Month-to-month,DSL,Electronic check,No
4676-WLUHT,0.017914182759882324,0,Low Risk,54,46.2,2431.95,Two year,DSL,Bank transfer (automatic),No
3329-WDIOK,0.6918054785263212,1,Medium Risk,3,50.6,155.35,Month-to-month,DSL,Electronic check,Yes
7980-MHFLQ,0.00260178426815718,0,Low Risk,72,24.9,1859.2,Two year,No,Mailed check,No
2873-ZLIWT,0.3259659266255804,0,Low Risk,40,84.85,3303.05,Month-to-month,Fiber optic,Electronic check,Yes
3415-TAILE,0.3945667655522916,0,Low Risk,2,65.7,134.35,Month-to-month,DSL,Mailed check,Yes
0757-WCUUZ,0.02401222651007642,0,Low Risk,54,63.35,3409.1,Two year,DSL,Credit card (automatic),No
1629-DQQVB,0.1640584848816152,0,Low Risk,14,50.1,709.5,Month-to-month,DSL,Bank transfer (automatic),No
1915-IOFGU,0.6201898059729918,1,Medium Risk,1,70.5,70.5,Month-to-month,Fiber optic,Electronic check,Yes
3045-XETSH,0.7080121521822798,1,High Risk,10,94.85,953.45,Month-to-month,Fiber optic,Electronic check,Yes
0374-AACSZ,0.32828189829696386,0,Low Risk,1,50.15,50.15,Month-to-month,DSL,Electronic check,No
7239-HZZCX,0.19383116598390418,0,Low Risk,1,19.75,19.75,Month-to-month,No,Mailed check,Yes
4872-VXRIL,0.0250640977856284,0,Low Risk,56,64.65,3665.55,One year,DSL,Bank transfer (automatic),No
9140-CZQZZ,0.013068018587163695,0,Low Risk,68,79.6,5515.8,Two year,DSL,Bank transfer (automatic),No
3423-HHXAO,0.07048218471495495,0,Low Risk,14,19.5,272.0,One year,No,Mailed check,No
9938-TKDGL,0.052346821423341135,0,Low Risk,68,99.55,6668.0,Two year,Fiber optic,Electronic check,No
0531-ZZJWQ,0.3763693914593411,0,Low Risk,55,74.0,4052.4,Month-to-month,Fiber optic,Electronic check,No
6537-QLGEX,0.44797188470485344,0,Medium Risk,16,38.9,664.4,Month-to-month,DSL,Electronic check,No
2688-BHGOG,0.7291671768940842,1,High Risk,9,79.55,718.55,Month-to-month,Fiber optic,Electronic check,No
7683-CBDKJ,0.278223262780515,0,Low Risk,14,65.45,937.6,Month-to-month,DSL,Electronic check,Yes
0946-CLJTI,0.5383801138087523,1,Medium Risk,58,98.7,5812.6,Month-to-month,Fiber optic,Electronic check,Yes
3160-TYXLT,0.09689818005008319,0,Low Risk,53,46.3,2546.85,Month-to-month,DSL,Bank transfer (automatic),No
1325-USMEC,0.05212451214941922,0,Low Risk,70,99.35,6944.5,Two year,Fiber optic,Credit card (automatic),No
0916-QOFDP,0.7602446507641515,1,High Risk,14,95.8,1346.3,Month-to-month,Fiber optic,Electronic check,No
0628-CNQRM,0.07249553714859323,0,Low Risk,22,67.5,1544.05,One year,DSL,Bank transfer (automatic),Yes
5606-AMZBO,0.5050393364189691,1,Medium Risk,10,78.15,765.15,Month-to-month,Fiber optic,Credit card (automatic),No
6199-IPCAO,0.018278363556341378,0,Low Risk,29,26.1,692.55,Two year,No,Mailed check,No
7665-TOALD,0.7037752533283714,1,High Risk,1,69.6,69.6,Month-to-month,Fiber optic,Electronic check,Yes
0112-QWPNC,0.06922534100448245,0,Low Risk,49,84.35,4059.35,One year,DSL,Electronic check,Yes
0324-BRPCJ,0.43340812327939504,0,Medium Risk,68,100.2,6851.65,Month-to-month,Fiber optic,Electronic check,Yes
2777-PHDEI,0.6689366484134623,1,Medium Risk,1,78.05,78.05,Month-to-month,Fiber optic,Electronic check,Yes
5640-CAXOA,0.1334555881658331,0,Low Risk,30,40.35,1187.05,One year,DSL,Credit card (automatic),No
2235-EZAIK,0.00710705696005324,0,Low Risk,72,79.2,5401.9,Two year,DSL,Credit card (automatic),No
3847-BAERP,0.18456376507320613,0,Low Risk,10,20.9,247.0,Month-to-month,No,Mailed check,No
1196-AMORA,0.6438084594590605,1,Medium Risk,7,73.6,520.0,Month-to-month,Fiber optic,Electronic check,Yes
4282-YMKNA,0.7085333860722431,1,High Risk,9,74.75,706.6,Month-to-month,Fiber optic,Electronic check,Yes
1453-RZFON,0.21929259882975893,0,Low Risk,1,49.9,49.9,Month-to-month,DSL,Mailed check,No
8263-OKETD,0.2558964849675412,0,Low Risk,20,68.9,1370.35,Month-to-month,DSL,Credit card (automatic),No
0670-KDOMA,0.2552954076621907,0,Low Risk,1,20.25,20.25,Month-to-month,No,Mailed check,No
2476-YGEFM,0.4483321551982882,0,Medium Risk,29,76.0,2215.25,Month-to-month,Fiber optic,Credit card (automatic),No
8687-BAFGU,0.5325138925889599,1,Medium Risk,1,74.0,74.0,Month-to-month,Fiber optic,Electronic check,No
0641-EVBOJ,0.42125524257919134,0,Medium Risk,3,82.3,214.4,Month-to-month,Fiber optic,Mailed check,No
0829-XXPLX,0.41608693618081505,0,Medium Risk,20,89.4,1871.15,Month-to-month,Fiber optic,Bank transfer (automatic),No
9974-JFBHQ,0.15609562262677978,0,Low Risk,64,99.15,6171.2,Month-to-month,Fiber optic,Credit card (automatic),No
5356-RHIPP,0.2593735080763988,0,Low Risk,1,20.2,20.2,Month-to-month,No,Mailed check,Yes
6624-JDRDS,0.31186058729736954,0,Low Risk,6,29.45,161.45,Month-to-month,DSL,Bank transfer (automatic),No
0608-JDVEC,0.008881004017451235,0,Low Risk,50,19.8,1013.2,Two year,No,Electronic check,No
9780-FKVVF,0.33371496751190777,0,Low Risk,6,59.15,336.7,Month-to-month,DSL,Bank transfer (automatic),No
1919-RTPQD,0.3278735627245663,0,Low Risk,7,44.75,333.65,Month-to-month,DSL,Electronic check,No
5214-NLTIT,0.06124691282858671,0,Low Risk,72,90.8,6511.8,Two year,Fiber optic,Credit card (automatic),No
3345-PBBFH,0.3256455840780569,0,Low Risk,8,49.55,393.45,Month-to-month,DSL,Bank transfer (automatic),No
5055-BRMNE,0.03584032087660767,0,Low Risk,67,106.7,7009.5,Two year,Fiber optic,Credit card (automatic),No
9189-JWSHV,0.7467436203823062,1,High Risk,24,93.55,2264.05,Month-to-month,Fiber optic,Electronic check,Yes
2190-PHBHR,0.04804519291775937,0,Low Risk,72,94.45,6921.7,Two year,Fiber optic,Credit card (automatic),No
2650-GYRYL,0.02823532299357174,0,Low Risk,33,19.45,600.25,One year,No,Bank transfer (automatic),No
0746-JTRFU,0.6481929126562695,1,Medium Risk,2,25.05,56.35,Month-to-month,DSL,Electronic check,Yes
5208-FVQKB,0.005814421161281169,0,Low Risk,70,67.95,4664.15,Two year,DSL,Mailed check,No
7184-LRUUR,0.10579216129242928,0,Low Risk,22,65.25,1441.8,One year,DSL,Bank transfer (automatic),No
6627-CFOSN,0.20614659784372152,0,Low Risk,59,99.45,5623.7,Month-to-month,Fiber optic,Bank transfer (automatic),No
3982-JGSFD,0.02951414166517663,0,Low Risk,36,20.35,695.85,One year,No,Credit card (automatic),No
1574-DYCWE,0.004780604937090279,0,Low Risk,51,19.95,1028.75,Two year,No,Mailed check,No
7247-XOZPB,0.032602204152547734,0,Low Risk,53,77.4,4155.95,One year,DSL,Bank transfer (automatic),No
2466-FCCPT,0.035403850548218534,0,Low Risk,20,19.7,395.6,One year,No,Bank transfer (automatic),No
6211-WWLTF,0.04959954009719968,0,Low Risk,63,99.7,6330.4,Two year,Fiber optic,Credit card (automatic),No
4826-TZEVA,0.1920102588772452,0,Low Risk,40,74.8,2971.7,Month-to-month,Fiber optic,Credit card (automatic),No
6016-NXBNJ,0.03350343306173077,0,Low Risk,35,19.15,638.0,One year,No,Mailed check,No
9138-EFSMO,0.20042782486498692,0,Low Risk,26,78.95,2034.25,One year,Fiber optic,Bank transfer (automatic),No
0576-WNXXC,0.6388506324798613,1,Medium Risk,27,95.55,2510.2,Month-to-month,Fiber optic,Electronic check,Yes
4632-XJMEX,0.011252226527009662,0,Low Risk,53,62.85,3419.5,One year,DSL,Credit card (automatic),No
8910-LEDAG,0.2917529931180425,0,Low Risk,34,71.55,2427.35,Month-to-month,Fiber optic,Credit card (automatic),No
3452-GWUIN,0.7719722424089718,1,High Risk,19,94.95,1760.25,Month-to-month,Fiber optic,Electronic check,No
2716-GFZOR,0.18156141199023276,0,Low Risk,43,86.1,3551.65,Month-to-month,Fiber optic,Credit card (automatic),No
3724-UCSHY,0.13378330931887464,0,Low Risk,6,19.55,122.9,Month-to-month,No,Mailed check,No
8626-XHBIE,0.007840124613011925,0,Low Risk,56,24.8,1424.2,Two year,No,Mailed check,No
4628-CTTLA,0.15059504461168446,0,Low Risk,57,39.3,2111.45,Month-to-month,DSL,Electronic check,Yes
3192-LNKRK,0.3759197714417044,0,Low Risk,34,84.05,2909.95,Month-to-month,Fiber optic,Mailed check,No
4439-YRNVD,0.3347219727992779,0,Low Risk,10,36.25,374.0,Month-to-month,DSL,Electronic check,No
2876-VBBBL,0.2552954076621907,0,Low Risk,1,20.25,20.25,Month-to-month,No,Mailed check,Yes
6834-NXDCA,0.5182737118934674,1,Medium Risk,13,23.9,300.8,Month-to-month,DSL,Electronic check,Yes
2208-UGTGR,0.38289665965145814,0,Low Risk,56,98.6,5581.05,Month-to-month,Fiber optic,Electronic check,No
3005-TYFRD,0.3789420398624415,0,Low Risk,55,103.65,5676.65,Month-to-month,Fiber optic,Credit card (automatic),No
8670-MEFCP,0.03962626385539002,0,Low Risk,36,92.9,3379.25,Two year,DSL,Credit card (automatic),No
3079-BCHLN,0.012902917601036446,0,Low Risk,47,19.9,942.95,One year,No,Bank transfer (automatic),No
7777-UNYHB,0.13078042428815137,0,Low Risk,12,20.1,232.4,Month-to-month,No,Credit card (automatic),No
5597-GLBUC,0.7382919693697017,1,High Risk,1,85.45,85.45,Month-to-month,Fiber optic,Electronic check,Yes
7278-CKDNC,0.6071838998604479,1,Medium Risk,24,80.5,2088.45,Month-to-month,Fiber optic,Electronic check,No
2748-MYRVK,0.1412686634829463,0,Low Risk,63,99.9,6137.0,One year,Fiber optic,Bank transfer (automatic),Yes
8450-UYIBU,0.38170944237959425,0,Low Risk,35,39.85,1434.6,Month-to-month,DSL,Electronic check,No
2969-VAPYH,0.007426726033668467,0,Low Risk,67,60.5,3870.0,One year,DSL,Credit card (automatic),No
4822-YCXMX,0.6491531308565819,1,Medium Risk,25,84.8,2043.45,Month-to-month,Fiber optic,Electronic check,Yes
7181-OQCUT,0.47580273550843444,0,Medium Risk,21,103.85,2215.0,Month-to-month,Fiber optic,Mailed check,No
8474-UMLNT,0.13101844321494513,0,Low Risk,13,67.8,842.25,Month-to-month,DSL,Bank transfer (automatic),No
9821-POOTN,0.5073754409373964,1,Medium Risk,35,75.2,2576.2,Month-to-month,Fiber optic,Electronic check,Yes
3836-FZSDJ,0.003847686697291897,0,Low Risk,71,24.85,1901.0,Two year,No,Bank transfer (automatic),No
9142-XMYJH,0.05397662391381318,0,Low Risk,29,19.35,601.6,Month-to-month,No,Credit card (automatic),No
6559-ILWKJ,0.027268044440169878,0,Low Risk,71,49.35,3515.25,Two year,DSL,Electronic check,Yes
0187-QSXOE,0.7856649996681403,1,High Risk,7,89.0,605.45,Month-to-month,Fiber optic,Electronic check,No
7733-UDMTP,0.23314859160723414,0,Low Risk,57,55.0,3094.05,Month-to-month,DSL,Electronic check,No
2649-HWLYB,0.011435777429944498,0,Low Risk,65,76.15,4929.55,Two year,DSL,Bank transfer (automatic),No
5214-CHIWJ,0.034606185872695996,0,Low Risk,27,20.3,595.05,One year,No,Mailed check,No
4229-CZMLL,0.7326991151295607,1,High Risk,6,74.9,469.8,Month-to-month,Fiber optic,Electronic check,Yes
6904-JLBGY,0.06328607602562232,0,Low Risk,72,117.35,8436.25,Two year,Fiber optic,Credit card (automatic),No
2465-BLLEU,0.25930360911312483,0,Low Risk,1,19.75,19.75,Month-to-month,No,Mailed check,No
1685-VAYJF,0.24907268935307153,0,Low Risk,11,45.2,492.0,Month-to-month,DSL,Credit card (automatic),No
8874-EJNSR,0.011965841195588434,0,Low Risk,39,25.2,987.95,Two year,No,Mailed check,No
6917-YACBP,0.25930067930081446,0,Low Risk,59,89.75,5496.9,Month-to-month,Fiber optic,Electronic check,No
5049-MUBWG,0.07055121775358972,0,Low Risk,26,75.0,1908.35,One year,DSL,Bank transfer (automatic),No
4223-WOZCM,0.37052772665502764,0,Low Risk,2,49.95,107.1,Month-to-month,DSL,Mailed check,No
0769-MURVM,0.007699452452135176,0,Low Risk,72,65.7,4575.35,Two year,DSL,Bank transfer (automatic),No
9253-VIFJQ,0.01765288197583861,0,Low Risk,65,67.05,4309.55,One year,DSL,Credit card (automatic),No
7030-FZTFM,0.042915543514745115,0,Low Risk,72,110.9,7922.75,Two year,Fiber optic,Credit card (automatic),No
9741-YLNTD,0.6125096265841586,1,Medium Risk,6,87.95,522.35,Month-to-month,Fiber optic,Bank transfer (automatic),No
5917-RYRMG,0.028275834362208967,0,Low Risk,32,19.8,587.7,One year,No,Credit card (automatic),No
5120-ZBLAI,0.090922717313307,0,Low Risk,50,75.7,3876.2,One year,DSL,Bank transfer (automatic),No
1194-BHJYC,0.02632727448330576,0,Low Risk,61,62.15,3778.85,Two year,DSL,Mailed check,No
3663-MITLP,0.6631166768083433,1,Medium Risk,15,101.25,1457.25,Month-to-month,Fiber optic,Electronic check,Yes
0906-QVPMS,0.04015940034566762,0,Low Risk,72,115.15,8349.45,Two year,Fiber optic,Bank transfer (automatic),No
9025-ZRPVR,0.19337451395125121,0,Low Risk,9,18.95,185.6,Month-to-month,No,Mailed check,Yes
1905-OEILC,0.19048107974138814,0,Low Risk,1,19.5,19.5,Month-to-month,No,Mailed check,No
7858-GTZSP,0.737799511804785,1,High Risk,12,86.55,1066.9,Month-to-month,Fiber optic,Electronic check,No
3285-UCQVC,0.10001431493946737,0,Low Risk,37,28.6,973.55,Month-to-month,DSL,Credit card (automatic),Yes
6248-BSHKG,0.005709303044993281,0,Low Risk,61,20.4,1226.45,One year,No,Mailed check,No
4685-TFLLS,0.03947417167790023,0,Low Risk,18,19.8,342.3,One year,No,Bank transfer (automatic),No
3470-BTGQO,0.1628163012240545,0,Low Risk,21,45.65,985.05,Month-to-month,DSL,Mailed check,No
1209-VFFOC,0.010423018296915441,0,Low Risk,68,56.4,3948.45,Two year,DSL,Mailed check,No
8224-DWCKX,0.6246054708188672,1,Medium Risk,12,73.3,828.05,Month-to-month,Fiber optic,Credit card (automatic),No
5482-PLVPE,0.5888135190738529,1,Medium Risk,2,24.35,41.85,Month-to-month,DSL,Electronic check,Yes
4553-DVPZG,0.4656533641468102,0,Medium Risk,62,101.35,6164.7,Month-to-month,Fiber optic,Electronic check,No
4902-OHLSK,0.5475323560201302,1,Medium Risk,29,98.65,2862.75,Month-to-month,Fiber optic,Electronic check,Yes
6917-IAYHD,0.3029630429301375,0,Low Risk,1,33.6,33.6,Month-to-month,DSL,Mailed check,No
0495-ZBNGW,0.6810953850361915,1,Medium Risk,5,79.9,343.95,Month-to-month,Fiber optic,Bank transfer (automatic),Yes
8620-RJPZN,0.24641348874811325,0,Low Risk,1,20.7,20.7,Month-to-month,No,Electronic check,No
7572-KPVKK,0.12410850287625333,0,Low Risk,62,104.05,6590.5,Two year,Fiber optic,Electronic check,No
2642-MAWLJ,0.009056077179884471,0,Low Risk,36,20.25,717.95,Two year,No,Bank transfer (automatic),No
2357-COQEK,0.6411516717391236,1,Medium Risk,28,103.3,2890.65,Month-to-month,Fiber optic,Electronic check,Yes
7103-ZGVNT,0.011444824890370848,0,Low Risk,69,73.7,4885.85,One year,DSL,Credit card (automatic),No
3737-GCSPV,0.4783926355061657,0,Medium Risk,11,96.2,1222.05,Month-to-month,Fiber optic,Credit card (automatic),Yes
2027-WKXMW,0.3595054378973966,0,Low Risk,63,108.75,6871.7,Month-to-month,Fiber optic,Electronic check,No
7137-NAXML,0.037979496737112546,0,Low Risk,23,20.15,405.6,One year,No,Bank transfer (automatic),No
2428-ZMCTB,0.12523367259605528,0,Low Risk,10,19.75,208.25,Month-to-month,No,Credit card (automatic),No
2961-VNFKL,0.00448571853213277,0,Low Risk,71,25.95,1801.9,Two year,No,Credit card (automatic),No
1768-HNVGJ,0.1630846652702255,0,Low Risk,45,70.05,3062.45,Month-to-month,DSL,Electronic check,No
6963-KQYQB,0.002820572343590657,0,Low Risk,70,24.05,1764.75,Two year,No,Mailed check,No
5934-RMPOV,0.6152638896793825,1,Medium Risk,22,84.75,1816.75,Month-to-month,Fiber optic,Electronic check,No
1207-BLKSA,0.006359726754944162,0,Low Risk,52,23.05,1255.1,Two year,No,Mailed check,No
4088-YLDSU,0.28499108288784336,0,Low Risk,55,104.15,5743.05,One year,Fiber optic,Electronic check,Yes
8316-BBQAY,0.013436709331345007,0,Low Risk,65,59.95,3921.1,Two year,DSL,Credit card (automatic),No
1166-PQLGG,0.0016626542474049918,0,Low Risk,72,19.55,1463.45,Two year,No,Bank transfer (automatic),No
3146-JTQHR,0.07011014075375456,0,Low Risk,10,19.6,189.45,One year,No,Bank transfer (automatic),No
4291-YZODP,0.06594114551191273,0,Low Risk,7,20.05,96.8,One year,No,Mailed check,No
4395-PZMSN,0.7199941602200387,1,High Risk,5,85.55,408.5,Month-to-month,Fiber optic,Electronic check,No
6427-FEFIG,0.05978636035044043,0,Low Risk,24,78.6,1846.65,Two year,DSL,Credit card (automatic),No
0017-IUDMW,0.04543458775534891,0,Low Risk,72,116.8,8456.75,Two year,Fiber optic,Credit card (automatic),No
8706-HRADD,0.25475133655265925,0,Low Risk,21,43.55,1011.5,Month-to-month,DSL,Mailed check,No
9955-QOPOY,0.042117240654781875,0,Low Risk,69,60.8,4263.4,One year,DSL,Credit card (automatic),No
4385-ZKVNW,0.06368472925043642,0,Low Risk,44,54.9,2549.1,Month-to-month,DSL,Bank transfer (automatic),No
5446-DKWYW,0.08493807774464869,0,Low Risk,61,65.2,3965.05,One year,DSL,Electronic check,No
2034-CGRHZ,0.621099276413447,1,Medium Risk,24,102.95,2496.7,Month-to-month,Fiber optic,Credit card (automatic),Yes
5797-APWZC,0.7153004097555835,1,High Risk,1,90.6,90.6,Month-to-month,Fiber optic,Electronic check,Yes
3683-QKIUE,0.2907970534090083,0,Low Risk,6,50.8,288.05,Month-to-month,DSL,Bank transfer (automatic),Yes
4228-ZGYUW,0.754360660301233,1,High Risk,4,90.05,368.1,Month-to-month,Fiber optic,Electronic check,Yes
9031-ZVQPT,0.10873999812682081,0,Low Risk,72,108.2,7840.6,Two year,Fiber optic,Electronic check,No
2990-IAJSV,0.012237600567799418,0,Low Risk,72,92.0,6632.75,Two year,DSL,Bank transfer (automatic),No
8107-KNCIM,0.7093633127871839,1,High Risk,14,75.1,1013.35,Month-to-month,Fiber optic,Electronic check,No
9027-YFHQJ,0.24739563353749378,0,Low Risk,7,25.05,152.95,Month-to-month,No,Bank transfer (automatic),No
5176-LDKUH,0.12789776307966352,0,Low Risk,48,75.15,3772.65,One year,Fiber optic,Electronic check,No
4644-OBGFZ,0.007424440724916194,0,Low Risk,55,19.5,1026.35,One year,No,Mailed check,No
7926-IJOOU,0.17958675815633707,0,Low Risk,1,19.3,19.3,Month-to-month,No,Credit card (automatic),No
6480-YAGIY,0.09295712104640841,0,Low Risk,45,112.2,5031.85,One year,Fiber optic,Credit card (automatic),No
4029-HPFVY,0.6204669685450073,1,Medium Risk,3,70.3,220.4,Month-to-month,Fiber optic,Mailed check,No
7602-DBTOU,0.0023169680504182446,0,Low Risk,71,19.6,1416.5,Two year,No,Mailed check,No
5345-BMKWB,0.1495652908477706,0,Low Risk,8,20.25,158.35,Month-to-month,No,Mailed check,No
3519-ZKXGG,0.7524118492942903,1,High Risk,3,75.85,256.6,Month-to-month,Fiber optic,Electronic check,Yes
5457-COLHT,0.007037045084234063,0,Low Risk,69,80.65,5542.55,Two year,DSL,Bank transfer (automatic),No
6416-TVAIH,0.6637005360874381,1,Medium Risk,1,68.5,68.5,Month-to-month,Fiber optic,Electronic check,Yes
5451-YHYPW,0.06451135492249725,0,Low Risk,72,115.75,8443.7,Two year,Fiber optic,Credit card (automatic),No
5108-ADXWO,0.528334284436045,1,Medium Risk,11,73.5,791.75,Month-to-month,Fiber optic,Electronic check,Yes
7998-WNZEM,0.008321360993087557,0,Low Risk,71,80.6,5708.2,Two year,DSL,Bank transfer (automatic),No
3066-RRJIO,0.6312398879445053,1,Medium Risk,1,69.95,69.95,Month-to-month,Fiber optic,Mailed check,Yes
4664-NJCMS,0.0454799219481398,0,Low Risk,33,59.55,2016.3,Two year,DSL,Bank transfer (automatic),No
0307-BCOPK,0.055171511647884516,0,Low Risk,16,19.05,326.65,One year,No,Mailed check,No
7629-WFGLW,0.08954745016258706,0,Low Risk,56,95.65,5471.75,One year,Fiber optic,Electronic check,No
2542-HYGIQ,0.17653476238331145,0,Low Risk,1,19.95,19.95,Month-to-month,No,Credit card (automatic),No
6715-OFDBP,0.5872839876757562,1,Medium Risk,5,70.05,346.4,Month-to-month,DSL,Electronic check,Yes
5016-LIPDW,0.006748481146318673,0,Low Risk,57,19.4,1061.6,One year,No,Mailed check,No
6481-LXPWL,0.03627150511407311,0,Low Risk,56,36.1,1971.5,One year,DSL,Credit card (automatic),No
1567-DSCIC,0.7243525907731124,1,High Risk,8,94.0,773.65,Month-to-month,Fiber optic,Electronic check,Yes
2150-UWTFY,0.09663875223822341,0,Low Risk,22,61.15,1422.05,Month-to-month,DSL,Mailed check,Yes
6124-ACRHJ,0.1905122555283949,0,Low Risk,1,19.75,19.75,Month-to-month,No,Mailed check,No
9362-MWODR,0.06885812315106987,0,Low Risk,40,64.1,2460.35,Month-to-month,DSL,Credit card (automatic),No
9975-GPKZU,0.005534469328542198,0,Low Risk,46,19.75,856.5,Two year,No,Credit card (automatic),No
9625-RZFUK,0.0027735297887325075,0,Low Risk,63,19.7,1275.85,Two year,No,Mailed check,No
5153-LXKDT,0.09478655666960992,0,Low Risk,68,110.2,7467.5,Two year,Fiber optic,Electronic check,No
5161-UBZXI,0.03224551633254005,0,Low Risk,69,106.35,7261.75,Two year,Fiber optic,Credit card (automatic),No
1020-JPQOW,0.19069755664523994,0,Low Risk,56,90.55,5116.6,Month-to-month,Fiber optic,Electronic check,No
7919-ZODZZ,0.18816304889612256,0,Low Risk,10,65.9,660.05,One year,DSL,Mailed check,No
0565-JUPYD,0.0591886210002581,0,Low Risk,63,104.5,6590.8,One year,Fiber optic,Credit card (automatic),No
6867-ACCZI,0.04978147882232011,0,Low Risk,24,52.5,1208.15,Two year,DSL,Mailed check,No
5939-XAIXZ,0.3315714968075296,0,Low Risk,19,56.1,1033.9,Month-to-month,DSL,Mailed check,No
9054-FOWNV,0.6179348426807608,1,Medium Risk,22,88.75,1885.15,Month-to-month,Fiber optic,Electronic check,No
2683-BPJSO,0.4279545273112838,0,Medium Risk,29,84.45,2467.1,Month-to-month,Fiber optic,Electronic check,Yes
2157-MXBJS,0.35099316439739936,0,Low Risk,13,75.3,989.45,One year,DSL,Mailed check,Yes
8207-VVMYB,0.005107803825377055,0,Low Risk,70,26.0,2006.95,Two year,No,Bank transfer (automatic),No
9732-EQMWY,0.35915192578640603,0,Low Risk,49,99.4,5025.0,Month-to-month,Fiber optic,Electronic check,No
9360-AHGNL,0.24153020427534963,0,Low Risk,43,109.55,4830.25,One year,Fiber optic,Mailed check,Yes
1087-UDSIH,0.2375852416029791,0,Low Risk,3,19.6,59.75,Month-to-month,No,Mailed check,Yes
5269-NRGDP,0.07205817485212429,0,Low Risk,42,73.15,3088.25,One year,DSL,Electronic check,No
6195-MELTI,0.025687489072949366,0,Low Risk,57,54.65,3134.7,One year,DSL,Mailed check,No
5485-WUYWF,0.3072243143489538,0,Low Risk,2,66.4,94.55,Month-to-month,DSL,Bank transfer (automatic),Yes
2121-JAFOM,0.0543794953703759,0,Low Risk,72,115.55,8312.4,Two year,Fiber optic,Credit card (automatic),No
8818-DOPVL,0.5812738999442925,1,Medium Risk,46,104.45,4863.85,Month-to-month,Fiber optic,Electronic check,No
2632-UCGVD,0.31853867135269354,0,Low Risk,66,100.05,6871.9,Month-to-month,Fiber optic,Credit card (automatic),Yes
5445-PZWGX,0.09449985925958791,0,Low Risk,62,102.0,6529.25,One year,Fiber optic,Electronic check,Yes
1227-UDMZR,0.017701304417623503,0,Low Risk,72,91.15,6637.9,Two year,DSL,Bank transfer (automatic),No
5198-HQAEN,0.20314262776902015,0,Low Risk,35,89.7,3165.6,One year,Fiber optic,Electronic check,No
9170-CCKOU,0.31995298114637916,0,Low Risk,17,90.2,1454.15,Month-to-month,Fiber optic,Credit card (automatic),Yes
2167-FQSTQ,0.026996914879690314,0,Low Risk,72,92.4,6786.1,Two year,DSL,Electronic check,No
2819-GWENI,0.026048824726319343,0,Low Risk,28,19.9,543.0,One year,No,Mailed check,No
1043-YCUTE,0.008899315433728176,0,Low Risk,56,25.15,1327.15,Two year,No,Credit card (automatic),Yes
3814-MLAXC,0.3435198313399976,0,Low Risk,31,79.85,2404.15,Month-to-month,Fiber optic,Credit card (automatic),Yes
3572-UUHRS,0.013770584552463012,0,Low Risk,45,18.85,867.3,One year,No,Bank transfer (automatic),No
2692-PFYTJ,0.31336218105878,0,Low Risk,1,25.75,25.75,Month-to-month,No,Mailed check,No
1226-UDFZR,0.38764082039271563,0,Low Risk,2,49.6,114.7,Month-to-month,DSL,Mailed check,Yes
5955-EPOAZ,0.21246903195831962,0,Low Risk,6,20.95,109.5,Month-to-month,No,Mailed check,No
6821-JPCDC,0.2854143217958569,0,Low Risk,48,97.05,4692.95,One year,Fiber optic,Electronic check,No
8815-LMFLX,0.10301596374994078,0,Low Risk,25,25.4,546.85,Month-to-month,No,Bank transfer (automatic),No
9135-HSWOC,0.003582399778245292,0,Low Risk,64,19.7,1274.05,Two year,No,Bank transfer (automatic),No
8582-KRHPJ,0.08226022570070934,0,Low Risk,50,35.0,1782.4,Month-to-month,DSL,Mailed check,No
5811-IWXYM,0.18151292921996717,0,Low Risk,52,101.25,5301.1,One year,Fiber optic,Bank transfer (automatic),No
7044-YAACC,0.7212274673475124,1,High Risk,4,70.2,280.35,Month-to-month,Fiber optic,Electronic check,No
8189-XRIKE,0.5350765402165222,1,Medium Risk,32,90.95,2897.95,Month-to-month,Fiber optic,Electronic check,No
1506-YJTYT,0.014974874563140762,0,Low Risk,45,73.85,3371.0,Two year,DSL,Credit card (automatic),No
4123-DVHPH,0.6765022849513976,1,Medium Risk,9,88.05,801.3,Month-to-month,Fiber optic,Electronic check,No
6425-YQLLO,0.18477448360593274,0,Low Risk,66,105.95,6975.25,One year,Fiber optic,Credit card (automatic),Yes
5442-UTCVD,0.6639538257684813,1,Medium Risk,3,91.85,257.05,Month-to-month,Fiber optic,Electronic check,Yes
2228-BZDEE,0.00508189927195283,0,Low Risk,54,20.1,1079.45,Two year,No,Mailed check,No
7734-DBOAI,0.47188855766300575,0,Medium Risk,1,40.1,40.1,Month-to-month,DSL,Electronic check,Yes
2789-CZANW,0.03588544797077601,0,Low Risk,64,110.3,6997.3,Two year,Fiber optic,Bank transfer (automatic),No
2091-RFFBA,0.5640634195403239,1,Medium Risk,31,73.9,2217.15,Month-to-month,Fiber optic,Electronic check,Yes
2114-MGINA,0.6327736748764041,1,Medium Risk,14,89.8,1129.1,Month-to-month,Fiber optic,Mailed check,Yes
7596-LDUXP,0.3088595331830835,0,Low Risk,12,85.15,979.05,One year,Fiber optic,Credit card (automatic),No
3740-RLMVT,0.01419930848949929,0,Low Risk,67,60.95,4119.4,One year,DSL,Bank transfer (automatic),No
4489-SNOJF,0.11795751888192557,0,Low Risk,35,72.25,2568.55,Month-to-month,DSL,Electronic check,Yes
2192-OZITF,0.023414292165394413,0,Low Risk,45,73.55,3349.1,Two year,DSL,Mailed check,No
5651-CPDND,0.2774376338496964,0,Low Risk,10,46.0,492.1,Month-to-month,DSL,Mailed check,No
2186-QZEYA,0.1771575973522954,0,Low Risk,29,58.55,1718.95,Month-to-month,DSL,Bank transfer (automatic),No
1131-ALZWV,0.04869723438696672,0,Low Risk,24,24.6,605.25,One year,No,Bank transfer (automatic),No
7729-XBTWX,0.003507497738535106,0,Low Risk,66,19.75,1344.5,Two year,No,Mailed check,No
9134-WYRVP,0.09146452221589532,0,Low Risk,51,86.35,4267.15,One year,Fiber optic,Mailed check,No
3284-SVCRO,0.011087160804778095,0,Low Risk,45,25.5,1121.05,Two year,No,Mailed check,No
9732-OUYRN,0.011015872227333702,0,Low Risk,49,19.0,918.7,One year,No,Credit card (automatic),No
0559-CKHUS,0.023894457642655135,0,Low Risk,29,19.55,521.8,Two year,No,Mailed check,No
2931-SVLTV,0.274139564334981,0,Low Risk,40,110.1,4469.1,Month-to-month,Fiber optic,Credit card (automatic),No
6899-PPEEA,0.6699286292463532,1,Medium Risk,37,96.55,3580.3,Month-to-month,Fiber optic,Electronic check,Yes
7504-UWHNB,0.4167911006872791,0,Medium Risk,25,69.75,1729.35,Month-to-month,Fiber optic,Electronic check,No
2582-FFFZR,0.5434634005850422,1,Medium Risk,22,50.6,1073.3,Month-to-month,DSL,Electronic check,No
8908-NMQTX,0.013952758965346769,0,Low Risk,72,65.6,4566.5,Two year,DSL,Bank transfer (automatic),No
2187-LZGPL,0.4996783768018177,0,Medium Risk,7,40.1,293.3,Month-to-month,DSL,Credit card (automatic),Yes
1431-AIDJQ,0.031230677655197155,0,Low Risk,33,82.1,2603.1,Two year,DSL,Credit card (automatic),No
6288-LBEAR,0.32021925176945265,0,Low Risk,23,79.1,1783.75,Month-to-month,Fiber optic,Mailed check,No
4597-NUCQV,0.720874782160244,1,High Risk,24,101.25,2440.15,Month-to-month,Fiber optic,Electronic check,Yes
9019-QVLZD,0.6692052259648968,1,Medium Risk,1,79.55,79.55,Month-to-month,Fiber optic,Electronic check,Yes
8413-YNHNV,0.014130494325841058,0,Low Risk,69,90.65,6322.1,Two year,DSL,Mailed check,No
5808-TOTXO,0.10262439758891075,0,Low Risk,3,20.55,57.4,One year,No,Credit card (automatic),No
4369-NYSCF,0.05028405391637489,0,Low Risk,56,75.75,4284.65,One year,DSL,Bank transfer (automatic),No
6333-YDVLT,0.12276527261313168,0,Low Risk,65,110.0,7138.65,One year,Fiber optic,Credit card (automatic),No
5324-KTGCG,0.006352259377877558,0,Low Risk,71,20.85,1539.75,One year,No,Electronic check,No
5599-HVLTW,0.6042479567277601,1,Medium Risk,14,80.35,1058.1,Month-to-month,Fiber optic,Bank transfer (automatic),No
7394-LWLYN,0.6956472847007169,1,Medium Risk,2,70.15,123.8,Month-to-month,Fiber optic,Electronic check,No
3707-LRWZD,0.34287171190361526,0,Low Risk,32,84.05,2781.85,One year,Fiber optic,Electronic check,Yes
6873-UDNLD,0.12947820292422096,0,Low Risk,40,67.45,2731.0,Month-to-month,DSL,Electronic check,No
2700-LUEVA,0.17975958433085867,0,Low Risk,1,20.75,20.75,Month-to-month,No,Credit card (automatic),No
1455-ESIQH,0.7887069756579268,1,High Risk,1,89.1,89.1,Month-to-month,Fiber optic,Electronic check,Yes
0958-YHXGP,0.5814721972529845,1,Medium Risk,7,69.9,497.3,Month-to-month,Fiber optic,Mailed check,No
1101-SSWAG,0.4554841312467657,0,Medium Risk,15,51.1,711.15,Month-to-month,DSL,Electronic check,No
2979-SXESE,0.462579849371274,0,Medium Risk,17,94.4,1607.2,Month-to-month,Fiber optic,Electronic check,Yes
4013-TLDHQ,0.5174307640816243,1,Medium Risk,19,78.25,1490.95,Month-to-month,Fiber optic,Electronic check,Yes
5743-KHMNA,0.0032516890402313177,0,Low Risk,71,25.55,1898.1,Two year,No,Bank transfer (automatic),No
4194-FJARJ,0.008938397651168677,0,Low Risk,54,60.0,3273.95,Two year,DSL,Bank transfer (automatic),No
5325-UWTWJ,0.2529359541936437,0,Low Risk,31,90.55,2929.75,Month-to-month,Fiber optic,Credit card (automatic),No
3969-GYXEL,0.43281077310747856,0,Medium Risk,11,76.4,838.7,Month-to-month,Fiber optic,Electronic check,No
9208-OLGAQ,0.652908017889914,1,Medium Risk,18,84.95,1443.65,Month-to-month,Fiber optic,Electronic check,No
3244-CQPHU,0.05764563315150701,0,Low Risk,72,110.1,7746.7,Two year,Fiber optic,Bank transfer (automatic),No
2674-MLXMN,0.30112127028614155,0,Low Risk,71,99.65,6951.15,Month-to-month,Fiber optic,Credit card (automatic),No
9708-HPXWZ,0.40875535415562325,0,Medium Risk,5,45.4,214.75,Month-to-month,DSL,Credit card (automatic),No
6992-TKNYO,0.07089020539113297,0,Low Risk,38,69.0,2669.45,One year,DSL,Credit card (automatic),No
4468-YDOVK,0.25777661369613536,0,Low Risk,5,48.65,235.2,Month-to-month,DSL,Bank transfer (automatic),No
3754-DXMRT,0.5535397309361997,1,Medium Risk,2,44.15,92.65,Month-to-month,DSL,Electronic check,Yes
5792-JALQC,0.018806986625617143,0,Low Risk,52,59.85,3103.25,Two year,DSL,Bank transfer (automatic),No
7130-VTEWQ,0.7437289381155078,1,High Risk,8,75.75,606.25,Month-to-month,Fiber optic,Electronic check,Yes
2200-DSAAL,0.049880115819569054,0,Low Risk,68,80.65,5330.2,Two year,DSL,Electronic check,No
4302-ZYFEL,0.005203882980658423,0,Low Risk,69,20.55,1403.1,One year,No,Credit card (automatic),No
9351-LZYGF,0.0755697020467544,0,Low Risk,42,66.4,2727.8,Month-to-month,DSL,Credit card (automatic),No
4366-CTOUZ,0.09524161639118463,0,Low Risk,50,100.2,5038.45,Two year,Fiber optic,Mailed check,No
6121-VZNQB,0.2551186421982829,0,Low Risk,1,19.1,19.1,Month-to-month,No,Mailed check,Yes
7903-CMPEY,0.7141315070555474,1,High Risk,1,80.3,80.3,Month-to-month,Fiber optic,Electronic check,Yes
1518-OMDIK,0.16501035773709505,0,Low Risk,33,44.55,1462.6,Month-to-month,DSL,Credit card (automatic),No
6671-NGWON,0.15079332445145158,0,Low Risk,7,20.35,150.6,Month-to-month,No,Mailed check,No
0595-ITUDF,0.17807705149260408,0,Low Risk,64,91.8,5960.5,Month-to-month,Fiber optic,Electronic check,No
6996-KNSML,0.6945882136046229,1,Medium Risk,1,74.9,74.9,Month-to-month,Fiber optic,Electronic check,Yes
1955-IBMMB,0.005596159094783851,0,Low Risk,59,20.2,1192.3,Two year,No,Bank transfer (automatic),No
0096-BXERS,0.4548322761110565,0,Medium Risk,6,50.35,314.55,Month-to-month,DSL,Electronic check,No
3806-YAZOV,0.17609153733825758,0,Low Risk,3,18.8,56.0,Month-to-month,No,Mailed check,No
7998-ZLXWN,0.10184258653576625,0,Low Risk,15,20.45,330.8,Month-to-month,No,Credit card (automatic),No
6253-WRFHY,0.31442960151158383,0,Low Risk,13,64.75,877.35,One year,DSL,Electronic check,No
9133-AYJZG,0.589170361437227,1,Medium Risk,23,98.7,2249.1,Month-to-month,Fiber optic,Credit card (automatic),No
2675-OTVVJ,0.4636962246925701,0,Medium Risk,31,89.45,2807.65,Month-to-month,Fiber optic,Electronic check,No
8680-CGLTP,0.06760803802065152,0,Low Risk,29,58.75,1696.2,One year,DSL,Electronic check,No
8430-TWCBX,0.011336293609250385,0,Low Risk,49,20.7,1032.05,One year,No,Credit card (automatic),No
5018-GWURO,0.33220863255821015,0,Low Risk,56,85.6,4902.8,Month-to-month,Fiber optic,Bank transfer (automatic),No
6741-QRLUP,0.014616530138165596,0,Low Risk,63,80.3,4995.35,Two year,DSL,Credit card (automatic),No
4737-HOBAX,0.023726801061464832,0,Low Risk,63,79.8,5034.05,Two year,DSL,Credit card (automatic),No
0537-QYZZN,0.481062122579332,0,Medium Risk,24,79.85,1857.75,Month-to-month,Fiber optic,Electronic check,No
3340-QBBFM,0.04813476138519951,0,Low Risk,36,54.1,1992.85,One year,DSL,Credit card (automatic),No
1704-NRWYE,0.726536557561155,1,High Risk,9,80.85,751.65,Month-to-month,Fiber optic,Electronic check,Yes
2592-SEIFQ,0.5462281701975543,1,Medium Risk,3,24.75,66.95,Month-to-month,DSL,Electronic check,Yes
8200-KLNYW,0.08750878711524977,0,Low Risk,21,80.9,1714.95,One year,DSL,Mailed check,No
3372-CDXFJ,0.06628606463189511,0,Low Risk,13,24.5,343.6,One year,No,Bank transfer (automatic),No
4781-ZXYGU,0.21058342967063629,0,Low Risk,1,20.15,20.15,Month-to-month,No,Bank transfer (automatic),No
7632-YUTXB,0.0301849516946423,0,Low Risk,25,20.05,520.1,One year,No,Mailed check,No
2718-YSKCS,0.0025554879079605045,0,Low Risk,71,19.6,1387.45,Two year,No,Bank transfer (automatic),No
9896-UYMIE,0.10805436832265361,0,Low Risk,66,114.3,7383.7,One year,Fiber optic,Bank transfer (automatic),No
0853-NWIFK,0.22933219843100253,0,Low Risk,45,100.3,4483.95,One year,Fiber optic,Electronic check,No
8212-CRQXP,0.49514169005469877,0,Medium Risk,22,80.0,1706.45,Month-to-month,Fiber optic,Credit card (automatic),No
6980-CDGFC,0.007136378193881785,0,Low Risk,67,20.85,1327.4,One year,No,Bank transfer (automatic),No
7691-XVTZH,0.08145048710699022,0,Low Risk,68,89.95,5974.3,Two year,Fiber optic,Bank transfer (automatic),No
2520-SGTTA,0.05115708271042489,0,Low Risk,0,20.0,0.0,Two year,No,Mailed check,No
7481-ATQQS,0.4087412502039218,0,Medium Risk,49,90.85,4515.85,Month-to-month,Fiber optic,Credit card (automatic),Yes
2277-VWCNI,0.4233163485748848,0,Medium Risk,4,48.75,179.85,Month-to-month,DSL,Mailed check,No
1088-CNNKB,0.019785962936323995,0,Low Risk,63,80.0,5040.2,One year,DSL,Credit card (automatic),No
8642-GVWRF,0.46545412931183405,0,Medium Risk,2,79.7,165.0,Month-to-month,Fiber optic,Bank transfer (automatic),Yes
1930-BZLHI,0.06410482133578373,0,Low Risk,21,20.35,422.7,One year,No,Mailed check,No
3400-ESFUW,0.005163177092758452,0,Low Risk,55,57.55,3046.4,Two year,DSL,Bank transfer (automatic),Yes
5868-YTYKS,0.218448948593747,0,Low Risk,1,20.25,20.25,Month-to-month,No,Mailed check,No
3525-DVKFN,0.028833996645262067,0,Low Risk,17,19.4,358.05,Two year,No,Mailed check,No
1482-OXZSY,0.49138792727589486,0,Medium Risk,30,100.4,2936.25,Month-to-month,Fiber optic,Bank transfer (automatic),No
0377-JBKKT,0.09855610810957262,0,Low Risk,22,57.95,1271.8,Month-to-month,DSL,Mailed check,No
5778-BVOFB,0.3149557620068804,0,Low Risk,9,59.5,530.05,Month-to-month,DSL,Bank transfer (automatic),No
3373-YZZYM,0.16359050530882174,0,Low Risk,1,19.2,19.2,Month-to-month,No,Mailed check,No
2057-ZBLPD,0.6826480364279985,1,Medium Risk,21,86.5,1808.7,Month-to-month,Fiber optic,Electronic check,Yes
0228-MAUWC,0.25306374276041604,0,Low Risk,19,59.55,1144.6,Month-to-month,DSL,Electronic check,No
5502-RLUYV,0.35582373697638037,0,Low Risk,69,103.95,7446.9,Month-to-month,Fiber optic,Electronic check,Yes
0023-HGHWL,0.6910080608156446,1,Medium Risk,1,25.1,25.1,Month-to-month,DSL,Electronic check,Yes
7663-YJHSN,0.03806419353088403,0,Low Risk,72,103.95,7556.9,Two year,Fiber optic,Bank transfer (automatic),No
4915-BFSXL,0.009829760753339125,0,Low Risk,70,68.95,4858.7,Two year,DSL,Credit card (automatic),No
3086-RUCRN,0.13504011132112886,0,Low Risk,66,103.1,6595.0,Month-to-month,Fiber optic,Bank transfer (automatic),No
5215-LNLDJ,0.5360494626547643,1,Medium Risk,7,24.7,149.05,Month-to-month,DSL,Electronic check,No
7576-JMYWV,0.35105055135481134,0,Low Risk,46,110.2,4972.1,Month-to-month,Fiber optic,Electronic check,No
9039-RBEEE,0.11162031523828007,0,Low Risk,39,48.95,1880.85,Month-to-month,DSL,Credit card (automatic),Yes
0257-KXZGU,0.12362074183698434,0,Low Risk,32,62.45,2045.55,Month-to-month,DSL,Bank transfer (automatic),No
1307-ATKGB,0.548362358665007,1,Medium Risk,24,89.55,2187.15,Month-to-month,Fiber optic,Electronic check,No
8417-FMLZI,0.5328010937816471,1,Medium Risk,6,83.55,477.55,Month-to-month,Fiber optic,Credit card (automatic),Yes
3714-XPXBW,0.11567470183671938,0,Low Risk,37,78.9,2976.95,Month-to-month,DSL,Credit card (automatic),No
1850-AKQEP,0.12153165890315731,0,Low Risk,8,20.35,178.7,Month-to-month,No,Mailed check,No
2824-DXNKN,0.013481812754534006,0,Low Risk,72,71.45,5025.85,Two year,DSL,Bank transfer (automatic),No
5227-JSCFE,0.005676752543971559,0,Low Risk,71,46.35,3353.4,Two year,DSL,Credit card (automatic),No
0848-ZGQIJ,0.5733061890012663,1,Medium Risk,16,94.65,1461.15,Month-to-month,Fiber optic,Bank transfer (automatic),No
3621-CHYVB,0.06702073827248867,0,Low Risk,57,49.9,2782.4,Month-to-month,DSL,Bank transfer (automatic),No
8042-RNLKO,0.007534959719672906,0,Low Risk,66,25.45,1699.15,One year,No,Bank transfer (automatic),No
1792-UXAFY,0.626380132118176,1,Medium Risk,17,89.15,1496.9,Month-to-month,Fiber optic,Electronic check,Yes
5372-FBKBN,0.06832352698428676,0,Low Risk,21,20.75,452.2,Month-to-month,No,Mailed check,No
0420-TXVSG,0.013402783501691119,0,Low Risk,66,66.1,4428.45,Two year,DSL,Credit card (automatic),No
6217-TOWGS,0.43039125072386636,0,Medium Risk,17,75.4,1322.55,Month-to-month,DSL,Bank transfer (automatic),No
0515-YPMCW,0.5826793392463397,1,Medium Risk,1,70.45,70.45,Month-to-month,Fiber optic,Mailed check,Yes
0378-XSZPU,0.015950570921073937,0,Low Risk,58,60.3,3563.8,One year,DSL,Credit card (automatic),Yes
1045-LTCYT,0.11080270463755199,0,Low Risk,8,21.05,139.75,Month-to-month,No,Credit card (automatic),No
1544-JJMYL,0.0515545605623632,0,Low Risk,27,69.35,1927.3,One year,DSL,Credit card (automatic),No
4636-JGAAI,0.3813491544578603,0,Low Risk,34,88.85,3000.25,Month-to-month,Fiber optic,Mailed check,No
6874-SGLHU,0.3246424904883332,0,Low Risk,30,97.0,3021.3,One year,Fiber optic,Bank transfer (automatic),No
5951-AOFIH,0.18872483072988785,0,Low Risk,33,66.4,2245.4,Month-to-month,DSL,Credit card (automatic),No
4729-XKASR,0.5135632183803476,1,Medium Risk,1,24.75,24.75,Month-to-month,DSL,Electronic check,Yes
3059-NGMXB,0.20249856075085346,0,Low Risk,14,69.2,944.65,Month-to-month,DSL,Mailed check,No
8652-YHIYU,0.2587015473523063,0,Low Risk,16,79.5,1264.2,One year,Fiber optic,Credit card (automatic),No
5278-PNYOX,0.07153292505205108,0,Low Risk,49,100.65,4917.75,Two year,Fiber optic,Credit card (automatic),No
5449-FIBXJ,0.5313144921130667,1,Medium Risk,19,103.3,2012.7,Month-to-month,Fiber optic,Electronic check,Yes
3486-HOOGQ,0.007046221422644358,0,Low Risk,70,79.7,5743.3,Two year,DSL,Bank transfer (automatic),No
5061-PBXFW,0.04512988219987696,0,Low Risk,32,61.4,1864.65,Month-to-month,DSL,Bank transfer (automatic),No
8630-FJLIB,0.5645426435799819,1,Medium Risk,18,69.8,1221.65,Month-to-month,Fiber optic,Electronic check,No
3891-NLXJB,0.028631971596315337,0,Low Risk,37,40.55,1390.85,Two year,DSL,Mailed check,No
4749-OJKQU,0.7409248059199707,1,High Risk,4,75.65,302.35,Month-to-month,Fiber optic,Electronic check,No
0577-WHMEV,0.4204988556670094,0,Medium Risk,16,90.7,1374.9,Month-to-month,Fiber optic,Electronic check,No
5453-AXEPF,0.5231486245287272,1,Medium Risk,17,80.5,1336.9,Month-to-month,Fiber optic,Bank transfer (automatic),No
3639-XJHKQ,0.19392213855097093,0,Low Risk,19,60.6,1297.8,Month-to-month,DSL,Electronic check,No
3716-LRGXK,0.10450014390000817,0,Low Risk,60,101.15,6067.4,Two year,Fiber optic,Credit card (automatic),No
2263-SFSQZ,0.009863968197538032,0,Low Risk,51,24.95,1222.25,Two year,No,Mailed check,No
9950-MTGYX,0.01864937975961474,0,Low Risk,28,20.3,487.95,Two year,No,Credit card (automatic),No
3397-AVTKU,0.059754387285117797,0,Low Risk,43,60.0,2548.55,Two year,DSL,Electronic check,No
4825-FUREZ,0.012876279365595641,0,Low Risk,42,20.25,835.5,Two year,No,Electronic check,No
9837-BMCLM,0.7381728618771811,1,High Risk,3,78.5,242.05,Month-to-month,Fiber optic,Electronic check,Yes
2672-OJQZP,0.3501597812335591,0,Low Risk,1,44.75,44.75,Month-to-month,DSL,Mailed check,No
0137-UDEUO,0.17645550481293296,0,Low Risk,3,19.85,63.75,Month-to-month,No,Mailed check,Yes
3134-DSHVC,0.04185525418094526,0,Low Risk,63,98.0,6218.45,Two year,Fiber optic,Credit card (automatic),No
6161-UUUTA,0.7669152196528698,1,High Risk,3,79.9,260.9,Month-to-month,Fiber optic,Electronic check,Yes
7821-DPRQE,0.25167168370450604,0,Low Risk,68,107.7,7320.9,Month-to-month,Fiber optic,Electronic check,No
6543-XRMYR,0.6775567425764673,1,Medium Risk,30,99.7,2967.35,Month-to-month,Fiber optic,Electronic check,Yes
2001-EWBQU,0.13217164709914178,0,Low Risk,60,104.7,6333.8,Two year,Fiber optic,Electronic check,No
4925-LMHOK,0.24897699576359833,0,Low Risk,15,58.6,939.7,Month-to-month,DSL,Credit card (automatic),Yes
1608-GMEWB,0.5169131522727781,1,Medium Risk,45,93.9,4200.25,Month-to-month,Fiber optic,Bank transfer (automatic),No
6695-AMZUF,0.00841786392805035,0,Low Risk,70,86.45,5950.2,Two year,DSL,Credit card (automatic),No
1455-UGQVH,0.7922817757182973,1,High Risk,10,98.5,1037.75,Month-to-month,Fiber optic,Electronic check,Yes
8410-BGQXN,0.1730033977456261,0,Low Risk,4,19.4,93.4,Month-to-month,No,Mailed check,No
8280-MQRQN,0.4289879650837481,0,Medium Risk,1,50.45,50.45,Month-to-month,DSL,Mailed check,Yes
1619-YWUBB,0.005006610502837765,0,Low Risk,68,24.95,1614.9,Two year,No,Credit card (automatic),No
7611-YKYTC,0.22364336343140032,0,Low Risk,22,75.0,1573.95,Month-to-month,Fiber optic,Bank transfer (automatic),No
2037-SGXHH,0.4734437715006519,0,Medium Risk,38,94.65,3624.3,Month-to-month,Fiber optic,Electronic check,Yes
3178-FESZO,0.7276339476109729,1,High Risk,1,100.25,100.25,Month-to-month,Fiber optic,Credit card (automatic),Yes
0365-GXEZS,0.3913542687609218,0,Low Risk,18,78.2,1468.75,Month-to-month,Fiber optic,Electronic check,No
0082-OQIQY,0.5228531487552278,1,Medium Risk,29,94.2,2607.6,Month-to-month,Fiber optic,Electronic check,No
6087-MVHJH,0.7038970083611038,1,High Risk,16,88.45,1422.1,Month-to-month,Fiber optic,Electronic check,Yes
4603-JANFB,0.7082546149558513,1,High Risk,1,69.85,69.85,Month-to-month,Fiber optic,Electronic check,Yes
3018-TFTSU,0.323942287513337,0,Low Risk,12,81.7,858.6,Month-to-month,Fiber optic,Bank transfer (automatic),Yes
3606-SBKRY,0.29979545281783915,0,Low Risk,31,50.05,1523.4,One year,DSL,Electronic check,No
4806-KEXQR,0.7322452967164625,1,High Risk,4,79.9,324.3,Month-to-month,Fiber optic,Electronic check,Yes
0667-NSRGI,0.07874981407166265,0,Low Risk,48,69.55,3435.6,One year,DSL,Mailed check,No
7083-YNSKY,0.17956874862657085,0,Low Risk,15,25.4,399.6,Month-to-month,No,Credit card (automatic),Yes
6893-ODYYE,0.06234159646760512,0,Low Risk,50,90.1,4549.45,One year,Fiber optic,Credit card (automatic),No
8242-JSVBO,0.36978388053442174,0,Low Risk,7,44.65,322.5,Month-to-month,DSL,Bank transfer (automatic),No
2479-BRAMR,0.3034682036290779,0,Low Risk,41,83.75,3273.55,Month-to-month,Fiber optic,Bank transfer (automatic),Yes
9541-ZPSEA,0.016265659003940714,0,Low Risk,68,80.35,5375.15,Two year,Fiber optic,Credit card (automatic),No
2665-NPTGL,0.6451739954680816,1,Medium Risk,26,98.1,2510.7,Month-to-month,Fiber optic,Bank transfer (automatic),No
1139-WUOAH,0.02570927046280868,0,Low Risk,57,53.35,3090.05,Two year,DSL,Credit card (automatic),No
4693-VWVBO,0.22911747012122693,0,Low Risk,3,19.55,61.05,Month-to-month,No,Electronic check,No
7434-SHXLS,0.19065571440116474,0,Low Risk,1,20.9,20.9,Month-to-month,No,Mailed check,Yes
6937-GCDGQ,0.08928609782161158,0,Low Risk,19,48.95,955.6,One year,DSL,Bank transfer (automatic),No
0988-JRWWP,0.5539254171031517,1,Medium Risk,3,54.2,140.4,Month-to-month,DSL,Electronic check,No
5075-JSDKI,0.00796693224333801,0,Low Risk,59,24.45,1493.1,Two year,No,Electronic check,No
7908-QCBCA,0.6356735069278413,1,Medium Risk,1,69.4,69.4,Month-to-month,Fiber optic,Mailed check,Yes
8644-XYTSV,0.1562978881522365,0,Low Risk,42,40.15,1626.05,Month-to-month,DSL,Bank transfer (automatic),No
6711-FLDFB,0.7215633779908122,1,High Risk,7,74.9,541.15,Month-to-month,Fiber optic,Electronic check,Yes
3873-WOSBC,0.0038666693350276524,0,Low Risk,67,25.6,1784.9,Two year,No,Credit card (automatic),No
7465-ZZRVX,0.7083381556793802,1,High Risk,1,70.35,70.35,Month-to-month,Fiber optic,Electronic check,No
7975-JMZNT,0.014848401125911785,0,Low Risk,66,91.7,6075.9,Two year,DSL,Bank transfer (automatic),No
7251-XFOIL,0.2338724015859686,0,Low Risk,61,89.2,5500.6,Month-to-month,Fiber optic,Mailed check,No
4116-IQRFR,0.09380394357676944,0,Low Risk,4,24.1,73.1,One year,No,Credit card (automatic),No
3714-JTVOV,0.23469828898346046,0,Low Risk,42,74.15,3229.4,Month-to-month,Fiber optic,Credit card (automatic),Yes
8259-DZLIZ,0.027520254274448732,0,Low Risk,64,53.85,3399.85,One year,DSL,Bank transfer (automatic),No
0442-ZXKVS,0.1722594349053204,0,Low Risk,54,115.6,6431.05,One year,Fiber optic,Bank transfer (automatic),No
7853-WNZSY,0.24175690332148134,0,Low Risk,1,19.75,19.75,Month-to-month,No,Credit card (automatic),No
3120-FAZKD,0.007917978878831996,0,Low Risk,54,24.05,1230.9,Two year,No,Bank transfer (automatic),No
8606-OEGQZ,0.02713330267378385,0,Low Risk,18,25.3,454.65,Two year,No,Credit card (automatic),No
0225-ZORZP,0.6179556353853547,1,Medium Risk,3,84.3,235.05,Month-to-month,Fiber optic,Electronic check,No
4702-IOQDC,0.7038595403949308,1,High Risk,1,70.1,70.1,Month-to-month,Fiber optic,Electronic check,Yes
9489-JMTTN,0.009414675513558998,0,Low Risk,72,89.75,6595.9,Two year,DSL,Credit card (automatic),No
0575-CUQOV,0.25251882789983654,0,Low Risk,60,97.95,5867.0,One year,Fiber optic,Electronic check,No
0967-BMLBD,0.08013361995288754,0,Low Risk,11,20.0,196.35,One year,No,Mailed check,No
6178-KFNHS,0.5318492255786705,1,Medium Risk,12,78.3,909.25,Month-to-month,Fiber optic,Electronic check,Yes
2830-LEWOA,0.07266591531543194,0,Low Risk,61,103.9,6449.15,One year,Fiber optic,Credit card (automatic),No
5006-MXVRN,0.00935445843748677,0,Low Risk,39,20.7,762.45,Two year,No,Credit card (automatic),No
1264-BYWMS,0.5146400189556855,1,Medium Risk,55,96.8,5283.95,Month-to-month,Fiber optic,Electronic check,Yes
9658-WYUFB,0.5744496888227977,1,Medium Risk,17,94.4,1617.5,Month-to-month,Fiber optic,Electronic check,Yes
8327-WKMIE,0.01986139845800977,0,Low Risk,37,20.15,785.75,One year,No,Credit card (automatic),No
6917-FIJHC,0.0046433609178142465,0,Low Risk,72,26.0,1776.0,Two year,No,Mailed check,No
5329-KRDTM,0.012849976489323504,0,Low Risk,72,77.35,5396.25,Two year,DSL,Credit card (automatic),No
7797-EJMDP,0.18020626612598464,0,Low Risk,8,66.05,574.5,Month-to-month,DSL,Bank transfer (automatic),No
3530-VWVGU,0.06544189884564255,0,Low Risk,22,19.9,400.3,Month-to-month,No,Mailed check,No
2013-SGDXK,0.6285944337365648,1,Medium Risk,1,84.3,84.3,Month-to-month,Fiber optic,Electronic check,Yes
6368-NWMCE,0.11218112961439393,0,Low Risk,38,68.15,2656.3,Month-to-month,DSL,Credit card (automatic),No
3633-CDBUW,0.13596852954300837,0,Low Risk,17,80.85,1445.95,One year,DSL,Electronic check,No
0707-HOVVN,0.01943597219033944,0,Low Risk,70,75.5,5212.65,Two year,DSL,Bank transfer (automatic),No
8580-QVLOC,0.010519114473358886,0,Low Risk,72,92.45,6440.25,Two year,DSL,Credit card (automatic),Yes
3956-MGXOG,0.5504657840852202,1,Medium Risk,28,80.6,2244.95,Month-to-month,Fiber optic,Electronic check,No
9274-UARKJ,0.5080306279729387,1,Medium Risk,15,83.2,1130.0,Month-to-month,Fiber optic,Bank transfer (automatic),No
4077-HWUYD,0.013847973163772776,0,Low Risk,72,87.55,6463.15,Two year,DSL,Bank transfer (automatic),No
2012-NWRPA,0.8080970304051476,1,High Risk,11,99.55,1131.2,Month-to-month,Fiber optic,Electronic check,Yes
8808-ELEHO,0.7382546765534157,1,High Risk,8,81.25,585.95,Month-to-month,Fiber optic,Electronic check,Yes
0103-CSITQ,0.18340298672761873,0,Low Risk,57,109.4,6252.7,One year,Fiber optic,Bank transfer (automatic),No
3506-LCJDC,0.15481973942726496,0,Low Risk,1,19.95,19.95,Month-to-month,No,Bank transfer (automatic),Yes
8671-KKKOS,0.12240653238903101,0,Low Risk,46,45.55,2062.15,Month-to-month,DSL,Electronic check,No
7305-ZWMAJ,0.027614963131580256,0,Low Risk,30,20.7,587.1,One year,No,Credit card (automatic),No
9518-XXBXE,0.48552629895547644,0,Medium Risk,10,75.3,720.45,Month-to-month,Fiber optic,Electronic check,No
3934-HXCFZ,0.5304695104800625,1,Medium Risk,23,99.25,2186.4,Month-to-month,Fiber optic,Electronic check,Yes
6578-KRMAW,0.29345249364887943,0,Low Risk,32,93.4,2979.3,Month-to-month,Fiber optic,Credit card (automatic),No
4860-IJUDE,0.408063860407796,0,Medium Risk,13,73.75,956.65,Month-to-month,Fiber optic,Credit card (automatic),No
7666-WKRON,0.10981347815867687,0,Low Risk,39,80.45,3201.55,Two year,Fiber optic,Electronic check,Yes
9688-YGXVR,0.29803210445862494,0,Low Risk,44,88.15,3973.2,Month-to-month,Fiber optic,Credit card (automatic),No
0423-UDIJQ,0.24062852645849528,0,Low Risk,9,49.2,447.9,Month-to-month,DSL,Mailed check,No
1945-XISKS,0.0027991096592473222,0,Low Risk,67,19.65,1335.2,Two year,No,Mailed check,No
4910-AQFFX,0.5628696826184497,1,Medium Risk,9,79.35,661.25,Month-to-month,Fiber optic,Bank transfer (automatic),Yes
2154-KVJFF,0.6212075442903691,1,Medium Risk,15,79.75,1111.85,Month-to-month,Fiber optic,Electronic check,Yes
5360-LJCNJ,0.10387202098211983,0,Low Risk,71,105.15,7555.0,Two year,Fiber optic,Bank transfer (automatic),No
2607-FBDFF,0.2551511547394155,0,Low Risk,1,49.0,49.0,Month-to-month,DSL,Credit card (automatic),No
9647-ERGBE,0.6321608695516542,1,Medium Risk,30,100.05,3046.15,Month-to-month,Fiber optic,Electronic check,Yes
3428-XZMAZ,0.7081710601621044,1,High Risk,1,69.35,69.35,Month-to-month,Fiber optic,Electronic check,Yes
1100-DDVRV,0.48895150843909163,0,Medium Risk,17,49.8,836.35,Month-to-month,DSL,Mailed check,No
0378-TOVMS,0.5664670071773654,1,Medium Risk,3,85.8,272.2,Month-to-month,Fiber optic,Electronic check,Yes
4355-HBJHH,0.03433471601138655,0,Low Risk,67,79.7,5293.4,Two year,DSL,Electronic check,Yes
6728-WYQBC,0.1838499453694888,0,Low Risk,1,20.95,20.95,Month-to-month,No,Bank transfer (automatic),No
9058-CBREO,0.4543911219654708,0,Medium Risk,1,50.55,50.55,Month-to-month,DSL,Mailed check,Yes
9029-FEGVJ,0.3925428569341804,0,Low Risk,32,79.3,2570.0,Month-to-month,Fiber optic,Mailed check,No
7216-KAOID,0.013593518441738882,0,Low Risk,41,19.5,798.2,One year,No,Bank transfer (automatic),No
0318-QUUOB,0.7543659891289796,1,High Risk,1,80.55,80.55,Month-to-month,Fiber optic,Electronic check,Yes
6145-NNPNO,0.3351540281042773,0,Low Risk,1,44.15,44.15,Month-to-month,DSL,Bank transfer (automatic),No
5520-FVEWJ,0.5871876502327158,1,Medium Risk,12,84.5,916.9,Month-to-month,Fiber optic,Electronic check,Yes
5339-TJFEK,0.30491417602862664,0,Low Risk,62,105.5,6487.2,Month-to-month,Fiber optic,Electronic check,No
5572-ZDXHY,0.47811610014590333,0,Medium Risk,22,84.3,1855.65,Month-to-month,Fiber optic,Mailed check,Yes
2074-GUHPQ,0.36073679319172447,0,Low Risk,17,92.7,1556.85,Month-to-month,Fiber optic,Credit card (automatic),No
4625-XMOYM,0.003659557624428022,0,Low Risk,72,26.25,1988.05,Two year,No,Bank transfer (automatic),No
5827-MWCZK,0.20441308923255117,0,Low Risk,56,96.95,5432.2,Month-to-month,Fiber optic,Credit card (automatic),No
1385-TQOZW,0.17484639940310528,0,Low Risk,9,20.45,147.55,Month-to-month,No,Credit card (automatic),No
5914-XRFQB,0.05846047260748357,0,Low Risk,72,115.8,8424.9,Two year,Fiber optic,Bank transfer (automatic),No
4329-YPDDQ,0.3581316733711591,0,Low Risk,20,108.2,2203.7,Month-to-month,Fiber optic,Bank transfer (automatic),No
4804-NCPET,0.021909979433149505,0,Low Risk,19,20.2,387.4,Two year,No,Mailed check,No
3750-CKVKH,0.699500194956811,1,Medium Risk,2,67.75,116.65,Month-to-month,Fiber optic,Electronic check,Yes
5944-UGLLK,0.05714127846063923,0,Low Risk,53,54.9,3045.75,One year,DSL,Credit card (automatic),No
8063-GBATB,0.6679067438022596,1,Medium Risk,27,85.25,2287.25,Month-to-month,Fiber optic,Electronic check,Yes
7787-BNTZM,0.15112068142190627,0,Low Risk,6,20.15,130.5,Month-to-month,No,Bank transfer (automatic),No
2252-ISRNH,0.5506154472392617,1,Medium Risk,9,90.35,767.9,One year,Fiber optic,Electronic check,No
9415-TPKRV,0.34118798467003086,0,Low Risk,8,55.75,446.8,Month-to-month,DSL,Electronic check,No
5322-TEUJK,0.031359142313827505,0,Low Risk,71,114.6,8100.25,Two year,Fiber optic,Bank transfer (automatic),No
4547-KQRTM,0.5727490863007553,1,Medium Risk,10,80.05,830.7,Month-to-month,Fiber optic,Bank transfer (automatic),Yes
4877-EVATK,0.1938627587677812,0,Low Risk,1,20.0,20.0,Month-to-month,No,Mailed check,Yes
1866-DIOQZ,0.01945099317477845,0,Low Risk,71,66.8,4689.15,One year,DSL,Bank transfer (automatic),No
8375-KVTHK,0.14566831903375518,0,Low Risk,68,100.3,6754.35,One year,Fiber optic,Electronic check,No
2697-NQBPF,0.5414004226337858,1,Medium Risk,34,105.35,3540.65,Month-to-month,Fiber optic,Electronic check,No
3709-OIJEA,0.23339302199835016,0,Low Risk,26,85.2,2184.6,One year,Fiber optic,Electronic check,No
7639-SUPCW,0.1659602109244575,0,Low Risk,22,48.8,1054.6,Month-to-month,DSL,Credit card (automatic),Yes
1386-ZIKUV,0.20799650392150157,0,Low Risk,7,18.95,130.55,Month-to-month,No,Mailed check,No
0599-XNYDO,0.46480108945712667,0,Medium Risk,20,69.8,1540.35,Month-to-month,Fiber optic,Bank transfer (automatic),No
6377-WHAOX,0.46223428855471654,0,Medium Risk,60,106.15,6411.25,Month-to-month,Fiber optic,Electronic check,No
6855-VLGOS,0.0024995230284316403,0,Low Risk,72,20.55,1432.55,Two year,No,Electronic check,No
8999-XXGNS,0.1923471947346601,0,Low Risk,72,105.75,7629.85,One year,Fiber optic,Credit card (automatic),No
8746-OQQRW,0.21798771342042894,0,Low Risk,4,25.25,101.9,Month-to-month,No,Mailed check,No
3181-MIZBN,0.11746948023270287,0,Low Risk,16,19.75,313.4,Month-to-month,No,Electronic check,No
0471-ARVMX,0.25666241657169386,0,Low Risk,62,104.85,6312.9,One year,Fiber optic,Electronic check,No
7766-CLTIC,0.32364697761647804,0,Low Risk,10,60.95,629.55,Month-to-month,DSL,Mailed check,No
5650-YLIBA,0.5141441578974877,1,Medium Risk,31,81.15,2640.55,Month-to-month,Fiber optic,Electronic check,No
0825-CPPQH,0.0020872162042610775,0,Low Risk,71,19.1,1372.45,Two year,No,Credit card (automatic),No
9084-OAYKL,0.004355462490021588,0,Low Risk,58,20.8,1212.25,Two year,No,Mailed check,No
6122-LJADA,0.014165486162385032,0,Low Risk,70,90.15,6237.05,Two year,DSL,Credit card (automatic),No
2400-XIWIO,0.0175184125302496,0,Low Risk,71,90.1,6310.9,Two year,DSL,Electronic check,No
7524-VRLPL,0.010529227609363806,0,Low Risk,69,74.1,5031.0,Two year,DSL,Credit card (automatic),No
1069-XAIEM,0.8199895684968302,1,High Risk,1,85.05,85.05,Month-to-month,Fiber optic,Electronic check,Yes
7569-NMZYQ,0.04911689767974892,0,Low Risk,72,118.75,8672.45,Two year,Fiber optic,Bank transfer (automatic),No
5201-USSQZ,0.29656083215563317,0,Low Risk,26,85.9,2196.45,Month-to-month,Fiber optic,Credit card (automatic),No
2105-PHWON,0.3976629316578102,0,Low Risk,33,95.0,3008.15,Month-to-month,Fiber optic,Credit card (automatic),No
1494-EJZDW,0.03262019951751031,0,Low Risk,10,20.15,220.8,Two year,No,Mailed check,No
4884-TVUQF,0.048553644681288054,0,Low Risk,57,101.3,5779.6,Two year,Fiber optic,Credit card (automatic),No
8003-EWNDZ,0.23803192496139142,0,Low Risk,10,21.2,222.65,Month-to-month,No,Electronic check,No
1897-RCFUM,0.030885792270296628,0,Low Risk,39,24.2,914.6,One year,No,Mailed check,No
9256-JTBNZ,0.12126573192099718,0,Low Risk,11,20.3,246.3,Month-to-month,No,Bank transfer (automatic),No
4658-HCOHW,0.4837223712118003,0,Medium Risk,21,102.8,2110.15,Month-to-month,Fiber optic,Electronic check,Yes
2211-RMNHO,0.014094553626407337,0,Low Risk,68,85.3,5560.0,Two year,DSL,Bank transfer (automatic),No
2432-TFSMK,0.4328018352194065,0,Medium Risk,18,89.6,1633.0,One year,Fiber optic,Credit card (automatic),No
3440-JPSCL,0.5969835548370159,1,Medium Risk,6,99.95,547.65,Month-to-month,Fiber optic,Mailed check,Yes
4929-ROART,0.19767469234862795,0,Low Risk,18,56.25,969.85,Month-to-month,DSL,Mailed check,No
1834-ABKHQ,0.03625098216092526,0,Low Risk,52,50.95,2610.65,One year,DSL,Bank transfer (automatic),No
1741-WTPON,0.050439754166087286,0,Low Risk,56,115.85,6567.9,Two year,Fiber optic,Mailed check,No
3932-IJWDZ,0.40788871905536594,0,Medium Risk,45,103.65,4747.85,Month-to-month,Fiber optic,Bank transfer (automatic),No
1240-HCBOH,0.005886422809320756,0,Low Risk,67,26.1,1759.55,Two year,No,Mailed check,No
3594-KADLU,0.284296445745829,0,Low Risk,3,35.1,101.1,Month-to-month,DSL,Mailed check,No
8065-BVEPF,0.2846839797897291,0,Low Risk,65,99.1,6496.15,Month-to-month,Fiber optic,Bank transfer (automatic),No
3796-ENZGF,0.015220335088071696,0,Low Risk,63,67.25,4234.15,Two year,DSL,Mailed check,No
1734-ZMNTZ,0.0415706363892093,0,Low Risk,11,25.0,300.7,Two year,No,Mailed check,No
2853-CWQFQ,0.3517397475424263,0,Low Risk,1,59.55,59.55,Month-to-month,DSL,Mailed check,No
0813-TAXXS,0.06256005151009623,0,Low Risk,55,77.8,4323.35,Two year,DSL,Bank transfer (automatic),No
2519-TWKFS,0.1077933193823175,0,Low Risk,25,55.1,1466.1,One year,DSL,Mailed check,No
2889-FPWRM,0.1108786264445205,0,Low Risk,72,117.8,8684.8,One year,Fiber optic,Bank transfer (automatic),Yes
0626-QXNGV,0.004226818797125795,0,Low Risk,72,24.15,1776.45,Two year,No,Credit card (automatic),No
6723-CEGQI,0.010024011184551698,0,Low Risk,65,45.25,2933.95,Two year,DSL,Mailed check,No
6987-XQSJT,0.3557119356213898,0,Low Risk,54,79.5,4370.25,Month-to-month,Fiber optic,Electronic check,Yes
4732-RRJZC,0.12846306644668692,0,Low Risk,7,20.25,144.35,Month-to-month,No,Mailed check,No
9499-XPZXM,0.005340978451183158,0,Low Risk,72,64.75,4804.75,Two year,DSL,Bank transfer (automatic),No
4338-EYCER,0.2293708724978166,0,Low Risk,21,54.6,1125.2,Month-to-month,DSL,Bank transfer (automatic),No
3007-FDPEA,0.23433187964883007,0,Low Risk,2,20.7,39.85,Month-to-month,No,Bank transfer (automatic),No
6350-XFYGW,0.7935784152990384,1,High Risk,4,94.75,422.4,Month-to-month,Fiber optic,Electronic check,No
4290-BSXUX,0.587896935306175,1,Medium Risk,3,79.65,251.75,Month-to-month,Fiber optic,Bank transfer (automatic),Yes
8513-OLYGY,0.038971895629915335,0,Low Risk,72,115.8,8332.15,Two year,Fiber optic,Credit card (automatic),No
0311-QYWSS,0.3688312344552057,0,Low Risk,6,49.45,314.6,Month-to-month,DSL,Electronic check,No
8705-DWKTI,0.2718431508111884,0,Low Risk,52,83.8,4331.4,Month-to-month,Fiber optic,Credit card (automatic),No
8755-IWJHN,0.2559722970407784,0,Low Risk,69,95.35,6382.0,Month-to-month,Fiber optic,Bank transfer (automatic),No
0325-XBFAC,0.7439514200910948,1,High Risk,8,94.7,740.3,Month-to-month,Fiber optic,Electronic check,Yes
4480-QQRHC,0.58397453967849,1,Medium Risk,8,74.05,600.15,Month-to-month,Fiber optic,Bank transfer (automatic),No
0929-PECLO,0.305105905463255,0,Low Risk,63,89.6,5538.8,Month-to-month,Fiber optic,Bank transfer (automatic),No
3680-CTHUH,0.12953455670389255,0,Low Risk,60,116.6,7049.5,One year,Fiber optic,Credit card (automatic),No
1202-KKGFU,0.131163048435856,0,Low Risk,12,54.2,690.5,Month-to-month,DSL,Bank transfer (automatic),No
6112-KTHFQ,0.16303147106009688,0,Low Risk,13,19.3,279.3,Month-to-month,No,Mailed check,No
1852-XEMDW,0.15154417137360354,0,Low Risk,22,65.05,1427.55,Month-to-month,DSL,Mailed check,No
2462-XIIJB,0.7730058992623634,1,High Risk,5,92.5,452.7,Month-to-month,Fiber optic,Electronic check,Yes
4760-XOHVN,0.16071345508941318,0,Low Risk,1,19.45,19.45,Month-to-month,No,Mailed check,Yes
1820-DJFPH,0.0034122008839151253,0,Low Risk,72,24.05,1709.15,Two year,No,Bank transfer (automatic),No
9426-SXNHE,0.17400149826949957,0,Low Risk,2,18.75,53.15,Month-to-month,No,Bank transfer (automatic),No
9068-FHQHD,0.007463841576804163,0,Low Risk,40,20.15,777.35,Two year,No,Bank transfer (automatic),No
1269-FOYWN,0.011821968468253752,0,Low Risk,44,20.0,860.85,One year,No,Bank transfer (automatic),No
9470-YFUYI,0.01769774866194579,0,Low Risk,71,71.0,5012.1,One year,DSL,Bank transfer (automatic),No
7817-BOQPW,0.7543357703183945,1,High Risk,2,75.55,166.3,Month-to-month,Fiber optic,Electronic check,Yes
7402-EYFXX,0.7336126310235377,1,High Risk,26,93.6,2404.1,Month-to-month,Fiber optic,Electronic check,No
1853-UDXBW,0.6639712276469256,1,Medium Risk,1,70.0,70.0,Month-to-month,Fiber optic,Electronic check,Yes
9895-VFOXH,0.48252236839048285,0,Medium Risk,1,24.4,24.4,Month-to-month,DSL,Mailed check,No
5458-CQJTA,0.012568184207939951,0,Low Risk,65,74.8,4820.15,Two year,DSL,Bank transfer (automatic),Yes
1230-QAJDW,0.4577465706256576,0,Medium Risk,3,65.25,209.9,Month-to-month,DSL,Mailed check,No
5701-ZIKJE,0.2514077916865064,0,Low Risk,13,50.55,610.75,Month-to-month,DSL,Mailed check,No
5219-YIPTK,0.6271352404344649,1,Medium Risk,33,104.4,3409.6,Month-to-month,Fiber optic,Electronic check,Yes
5032-MIYKT,0.6313810560053562,1,Medium Risk,1,70.7,70.7,Month-to-month,Fiber optic,Mailed check,No
7396-VJUZB,0.2824128549811658,0,Low Risk,4,45.25,155.35,Month-to-month,DSL,Mailed check,No
9717-QEBGU,0.701220479753888,1,High Risk,2,70.3,144.0,Month-to-month,Fiber optic,Electronic check,No
5172-RKOCB,0.05223167668064136,0,Low Risk,72,108.95,7875.0,Two year,Fiber optic,Credit card (automatic),No
6509-TSGWN,0.04595229841871944,0,Low Risk,37,26.45,911.6,Month-to-month,No,Mailed check,No
3540-RZJYU,0.45987857328652193,0,Medium Risk,15,86.2,1270.2,Month-to-month,Fiber optic,Electronic check,Yes
3178-CIFOT,0.052783155745718534,0,Low Risk,23,19.65,478.1,One year,No,Credit card (automatic),No
2091-MJTFX,0.18794040288553354,0,Low Risk,30,51.2,1561.5,Month-to-month,DSL,Credit card (automatic),Yes
4530-NDRKU,0.026660204836681026,0,Low Risk,42,19.05,761.85,One year,No,Electronic check,No
5985-TBABQ,0.11013375239064203,0,Low Risk,32,74.75,2282.95,One year,DSL,Mailed check,No
9800-ONTFE,0.45813729901673056,0,Medium Risk,22,75.8,1615.1,Month-to-month,Fiber optic,Bank transfer (automatic),No
6743-HHQPF,0.16389790332549947,0,Low Risk,42,25.1,1097.15,Month-to-month,DSL,Credit card (automatic),No
8455-HIRAQ,0.2880175671088702,0,Low Risk,8,44.45,369.3,Month-to-month,DSL,Mailed check,No
6616-AALSR,0.07263069846352044,0,Low Risk,65,104.3,6725.3,Two year,Fiber optic,Credit card (automatic),No
0883-EIBTI,0.18297670284912407,0,Low Risk,2,19.5,31.55,Month-to-month,No,Mailed check,Yes
9415-ZNBSX,0.01443617555343403,0,Low Risk,70,89.0,6293.2,Two year,DSL,Bank transfer (automatic),No
4018-KJYUY,0.060514737175324795,0,Low Risk,22,20.15,432.5,Month-to-month,No,Credit card (automatic),No
0722-TROQR,0.769269431015329,1,High Risk,4,74.9,321.75,Month-to-month,Fiber optic,Electronic check,Yes
7571-YXDAD,0.5792001556299873,1,Medium Risk,2,74.9,147.15,Month-to-month,Fiber optic,Credit card (automatic),Yes
3884-UEBXB,0.0059083513804995234,0,Low Risk,67,36.15,2434.45,Two year,DSL,Bank transfer (automatic),No
8780-RSYYU,0.09148225309646335,0,Low Risk,25,19.2,532.1,Month-to-month,No,Credit card (automatic),No
5537-UXXVS,0.08307592543130207,0,Low Risk,20,19.25,375.25,Month-to-month,No,Bank transfer (automatic),No
1791-PQHBB,0.30851619043711725,0,Low Risk,2,61.2,125.95,Month-to-month,DSL,Credit card (automatic),No
8701-DGLVH,0.006016016225660108,0,Low Risk,51,20.45,1042.65,Two year,No,Mailed check,No
8741-LQOBK,0.05157620194247279,0,Low Risk,46,35.05,1620.25,Month-to-month,DSL,Bank transfer (automatic),No
3393-FMZPV,0.6709460248305452,1,Medium Risk,25,100.25,2387.75,Month-to-month,Fiber optic,Electronic check,Yes
8082-GHXOP,0.2142150864656867,0,Low Risk,13,44.0,659.35,Month-to-month,DSL,Mailed check,No
6402-ZFPPI,0.5429359925463287,1,Medium Risk,25,102.8,2660.2,Month-to-month,Fiber optic,Mailed check,Yes
0980-FEXWF,0.07349611124808919,0,Low Risk,26,50.35,1285.8,One year,DSL,Mailed check,No
7486-KSRVI,0.3443901622258044,0,Low Risk,43,100.0,4211.55,One year,Fiber optic,Electronic check,Yes
3011-WQKSZ,0.14165187980099306,0,Low Risk,19,20.0,377.55,Month-to-month,No,Electronic check,No
8443-WVPSS,0.6289307710284586,1,Medium Risk,10,99.85,990.9,Month-to-month,Fiber optic,Electronic check,Yes
3006-XIMLN,0.7178930959761803,1,High Risk,2,94.2,193.8,Month-to-month,Fiber optic,Bank transfer (automatic),Yes
8218-FFJDS,0.01607659518256576,0,Low Risk,72,86.4,6058.95,Two year,DSL,Bank transfer (automatic),No
1986-PHGZF,0.24014480408271216,0,Low Risk,18,58.4,964.9,Month-to-month,DSL,Credit card (automatic),No
9965-YOKZB,0.7845192402821694,1,High Risk,9,83.85,790.15,Month-to-month,Fiber optic,Electronic check,Yes
0504-HHAPI,0.4749839570954769,0,Medium Risk,27,88.3,2467.75,Month-to-month,Fiber optic,Credit card (automatic),Yes
9360-OMDZZ,0.7209106761336822,1,High Risk,24,94.1,2322.85,Month-to-month,Fiber optic,Electronic check,No
6305-YLBMM,0.10382483342092765,0,Low Risk,69,104.05,7262.0,One year,Fiber optic,Bank transfer (automatic),Yes
0345-XMMUG,0.12757719728751138,0,Low Risk,46,108.9,4854.3,Two year,Fiber optic,Credit card (automatic),No
8024-XNAFQ,0.045219037190497906,0,Low Risk,72,107.4,7748.75,Two year,Fiber optic,Bank transfer (automatic),No
3647-GMGDH,0.5551588069580886,1,Medium Risk,22,94.7,1914.9,Month-to-month,Fiber optic,Credit card (automatic),Yes
2988-GBIVW,0.2835004811815256,0,Low Risk,70,90.85,6470.1,Month-to-month,Fiber optic,Electronic check,No
2832-SCUCO,0.23837575145225748,0,Low Risk,2,19.9,57.4,Month-to-month,No,Electronic check,No
7036-ZZKBD,0.16923662374604398,0,Low Risk,31,66.4,2019.8,Month-to-month,DSL,Credit card (automatic),No
3791-LGQCY,0.4534609330309476,0,Medium Risk,56,100.65,5688.05,Month-to-month,Fiber optic,Bank transfer (automatic),Yes
0265-PSUAE,0.3582228451638208,0,Low Risk,16,100.7,1522.7,Month-to-month,Fiber optic,Bank transfer (automatic),No
0463-TXOAK,0.005928982637978124,0,Low Risk,52,25.6,1334.5,Two year,No,Credit card (automatic),No
0594-UFTUL,0.13860674088637262,0,Low Risk,13,19.85,252.0,Month-to-month,No,Mailed check,No
9509-MPYOD,0.023140105872999382,0,Low Risk,35,20.75,700.45,One year,No,Mailed check,No
9128-CPXKI,0.10892838637965266,0,Low Risk,59,95.8,5655.45,Two year,Fiber optic,Electronic check,No
0129-KPTWJ,0.3139886157378879,0,Low Risk,72,94.65,6747.35,Month-to-month,Fiber optic,Electronic check,No
8166-ZZTFS,0.043773007968450905,0,Low Risk,66,80.55,5265.1,Two year,DSL,Bank transfer (automatic),Yes
5855-EIBDE,0.046772445601927316,0,Low Risk,49,106.65,5174.35,Two year,Fiber optic,Credit card (automatic),No
5365-LLFYV,0.43061222663591,0,Medium Risk,2,45.85,105.6,Month-to-month,DSL,Mailed check,No
5956-YHHRX,0.7346116762922882,1,High Risk,21,104.35,2271.85,Month-to-month,Fiber optic,Electronic check,No
6008-NAIXK,0.15102478063008057,0,Low Risk,54,55.45,2966.95,One year,DSL,Electronic check,No
2956-GGUCQ,0.5319663482738912,1,Medium Risk,24,78.85,1772.25,Month-to-month,Fiber optic,Electronic check,Yes
1928-BXYIV,0.35749294623788924,0,Low Risk,1,61.15,61.15,Month-to-month,DSL,Electronic check,No
5760-FXFVO,0.5306768984451505,1,Medium Risk,6,78.95,494.95,Month-to-month,Fiber optic,Electronic check,No
6595-COKXZ,0.4395804231676014,0,Medium Risk,1,44.45,44.45,Month-to-month,DSL,Mailed check,Yes
0961-ZWLVI,0.1666996204664786,0,Low Risk,49,109.2,5290.45,One year,Fiber optic,Credit card (automatic),No
5181-OABFK,0.010214769123015421,0,Low Risk,56,61.3,3346.8,Two year,DSL,Credit card (automatic),No
4007-NHVHI,0.3315250418945071,0,Low Risk,56,96.85,5219.65,Month-to-month,Fiber optic,Electronic check,No
7816-VGHTO,0.08234040555470201,0,Low Risk,6,40.55,217.5,Two year,DSL,Mailed check,No
5871-DGTXZ,0.026918141433494414,0,Low Risk,32,19.8,607.7,One year,No,Mailed check,No
7550-WIQVA,0.23394600415645966,0,Low Risk,50,108.25,5431.4,One year,Fiber optic,Electronic check,No
7544-ZVIKX,0.1636194624013115,0,Low Risk,58,105.05,6004.85,One year,Fiber optic,Bank transfer (automatic),No
0016-QLJIS,0.018388719094225823,0,Low Risk,65,90.45,5957.9,Two year,DSL,Mailed check,No
7508-DQAKK,0.019031861880029317,0,Low Risk,64,86.4,5442.05,Two year,DSL,Credit card (automatic),No
5176-OLSKT,0.009170909844555777,0,Low Risk,66,66.9,4370.25,Two year,DSL,Bank transfer (automatic),No
9356-AXGMP,0.31419409896693307,0,Low Risk,38,110.7,4428.6,One year,Fiber optic,Electronic check,No
3556-BVQGL,0.06709689361107118,0,Low Risk,20,20.0,416.45,One year,No,Mailed check,No
0362-ZBZWJ,0.5725385601086765,1,Medium Risk,36,84.9,3067.2,Month-to-month,Fiber optic,Electronic check,Yes
8979-CAMGB,0.19701845637705753,0,Low Risk,64,102.1,6688.1,One year,Fiber optic,Electronic check,No
4211-MMAZN,0.19389435546251885,0,Low Risk,1,20.25,20.25,Month-to-month,No,Mailed check,Yes
7581-EBBOU,0.030163811100155865,0,Low Risk,60,70.15,4224.7,One year,DSL,Credit card (automatic),No
4274-OWWYO,0.6700296259169922,1,Medium Risk,1,74.35,74.35,Month-to-month,Fiber optic,Electronic check,Yes
5073-RZGBK,0.03515146869673907,0,Low Risk,50,80.05,4042.2,One year,DSL,Bank transfer (automatic),No
1541-ETJZO,0.3244076467900173,0,Low Risk,1,62.05,62.05,Month-to-month,DSL,Mailed check,Yes
2192-CKRLV,0.019053640882616373,0,Low Risk,72,49.2,3580.95,Two year,DSL,Electronic check,No
3154-HMWUU,0.005425800402091615,0,Low Risk,60,20.5,1198.8,Two year,No,Bank transfer (automatic),No
6119-SPUDB,0.015544813831532169,0,Low Risk,46,38.25,1755.35,Two year,DSL,Mailed check,No
6522-OIQSX,0.023122809855541163,0,Low Risk,69,54.95,3772.5,Two year,DSL,Credit card (automatic),No
7813-ZGGAW,0.45900938409941705,0,Medium Risk,31,96.6,2877.95,Month-to-month,Fiber optic,Bank transfer (automatic),No
8748-HFWBO,0.04014717596380045,0,Low Risk,19,19.9,357.7,One year,No,Mailed check,No
1052-QJIBV,0.001677487634271899,0,Low Risk,71,19.9,1397.3,Two year,No,Credit card (automatic),No
1319-YLZJG,0.47457564968757937,0,Medium Risk,12,84.6,959.9,Month-to-month,Fiber optic,Electronic check,No
4106-HADHQ,0.03832188460523023,0,Low Risk,39,80.0,3182.95,One year,DSL,Credit card (automatic),Yes
0723-FDLAY,0.09848068804392744,0,Low Risk,44,85.25,3704.15,One year,DSL,Bank transfer (automatic),No
3050-RLLXC,0.010784287776847352,0,Low Risk,56,81.25,4620.4,Two year,DSL,Credit card (automatic),No
9298-WGMRW,0.05580556453503235,0,Low Risk,72,115.5,8312.75,Two year,Fiber optic,Bank transfer (automatic),No
2369-UAPKZ,0.6400635462368589,1,Medium Risk,5,104.1,541.9,Month-to-month,Fiber optic,Mailed check,Yes
3088-LHEFH,0.504159798497677,1,Medium Risk,11,79.0,929.3,Month-to-month,Fiber optic,Bank transfer (automatic),No
2778-OCLGR,0.24393540218366336,0,Low Risk,24,39.1,971.3,Month-to-month,DSL,Bank transfer (automatic),Yes
6583-KQJLK,0.7000315562050224,1,High Risk,15,94.65,1285.05,Month-to-month,Fiber optic,Electronic check,No
8544-JNBOX,0.003290404449583126,0,Low Risk,72,20.8,1521.2,Two year,No,Mailed check,No
6681-ZSEXG,0.018321217599201963,0,Low Risk,56,59.5,3389.25,Two year,DSL,Credit card (automatic),No
6139-ZZRBQ,0.005007959241203601,0,Low Risk,64,20.05,1198.05,Two year,No,Bank transfer (automatic),No
6116-RFVHN,0.6567441199051425,1,Medium Risk,34,100.45,3414.65,Month-to-month,Fiber optic,Electronic check,No
0637-KVDLV,0.7581992302631492,1,High Risk,2,76.5,162.45,Month-to-month,Fiber optic,Electronic check,Yes
8884-FEEWR,0.022436463991756667,0,Low Risk,35,20.6,754.0,One year,No,Bank transfer (automatic),No
3125-RAHBV,0.039482580650774396,0,Low Risk,22,20.3,467.15,One year,No,Credit card (automatic),No
6633-MPWBS,0.3912628027218444,0,Low Risk,5,49.2,216.9,Month-to-month,DSL,Electronic check,Yes
0373-AIVNJ,0.15229787792840127,0,Low Risk,9,39.55,373.0,One year,DSL,Mailed check,No
8785-EPNCG,0.15401427616465474,0,Low Risk,11,23.15,245.2,Month-to-month,No,Credit card (automatic),Yes
1682-VCOIO,0.0412096634603416,0,Low Risk,23,20.45,481.1,One year,No,Mailed check,No
5729-KLZAR,0.598243283759281,1,Medium Risk,4,80.85,302.75,Month-to-month,Fiber optic,Electronic check,Yes
2072-ZVJJX,0.0037182507131129938,0,Low Risk,68,25.25,1728.2,Two year,No,Bank transfer (automatic),No
8849-AYPTR,0.4991358579164036,0,Medium Risk,33,91.25,2964.05,Month-to-month,Fiber optic,Electronic check,No
9518-IMLHK,0.10347105064309817,0,Low Risk,31,72.45,2156.25,Month-to-month,DSL,Bank transfer (automatic),No
1582-RAFML,0.2953709105898123,0,Low Risk,1,60.1,60.1,Month-to-month,DSL,Mailed check,Yes
3646-ITDGM,0.004256833450492022,0,Low Risk,56,19.7,1051.9,Two year,No,Bank transfer (automatic),No
8740-CRYFY,0.7504851285952984,1,High Risk,1,78.95,78.95,Month-to-month,Fiber optic,Electronic check,Yes
3569-VLDHH,0.022308232519728716,0,Low Risk,66,75.1,5013.0,One year,DSL,Electronic check,No
8224-KDLKN,0.0024155215065808935,0,Low Risk,72,25.0,1738.9,Two year,No,Bank transfer (automatic),No
7594-LZNWR,0.2798032065529501,0,Low Risk,34,69.15,2275.1,Month-to-month,Fiber optic,Credit card (automatic),No
4001-TSBTV,0.2704682049415021,0,Low Risk,58,91.55,5511.65,Month-to-month,Fiber optic,Electronic check,No
2962-XPMCQ,0.5169835447016068,1,Medium Risk,2,45.15,98.5,Month-to-month,DSL,Electronic check,Yes
8727-XDPUD,0.05674493971828069,0,Low Risk,37,35.8,1316.9,Two year,DSL,Credit card (automatic),No
1043-UXOVO,0.05199156703492947,0,Low Risk,71,113.15,7993.3,Two year,Fiber optic,Credit card (automatic),No
1064-FBXNK,0.08255927602705924,0,Low Risk,1,19.85,19.85,One year,No,Credit card (automatic),No
3996-ZNWYK,0.001984079822592056,0,Low Risk,71,19.8,1388.45,Two year,No,Credit card (automatic),No
2878-DHMIN,0.026382598075020355,0,Low Risk,35,19.9,666.0,One year,No,Electronic check,No
7762-ONLJY,0.07046212141050918,0,Low Risk,6,19.7,94.45,One year,No,Mailed check,No
1678-FYZOW,0.734243935908099,1,High Risk,3,79.4,244.65,Month-to-month,Fiber optic,Electronic check,Yes
5795-BKOYE,0.008733006112396548,0,Low Risk,69,59.1,4134.7,One year,DSL,Bank transfer (automatic),No
8627-EHGIP,0.13861236611794137,0,Low Risk,44,53.95,2375.4,One year,DSL,Mailed check,Yes
7402-PWYJJ,0.22784801631661158,0,Low Risk,53,91.15,4862.5,One year,Fiber optic,Electronic check,No
5480-TBGPH,0.5108629430100619,1,Medium Risk,24,99.3,2431.35,Month-to-month,Fiber optic,Credit card (automatic),Yes
0018-NYROU,0.6780108791636759,1,Medium Risk,5,68.95,351.5,Month-to-month,Fiber optic,Electronic check,No
7501-VTYLJ,0.2574042659486774,0,Low Risk,2,51.55,106.2,Month-to-month,DSL,Mailed check,No
7608-RGIRO,0.005720054749369118,0,Low Risk,62,24.4,1413.0,Two year,No,Mailed check,No
0480-BIXDE,0.6764693789888965,1,Medium Risk,19,96.8,1743.05,Month-to-month,Fiber optic,Electronic check,No
5895-QSXOD,0.47736455494287433,0,Medium Risk,9,70.05,657.5,Month-to-month,Fiber optic,Mailed check,No
9814-AOUDH,0.004946224019218812,0,Low Risk,53,19.5,1050.5,Two year,No,Credit card (automatic),No
6175-IRFIT,0.5681836413776576,1,Medium Risk,5,78.75,426.35,Month-to-month,Fiber optic,Mailed check,No
8760-ZRHKE,0.026930205613016307,0,Low Risk,71,69.2,4982.5,One year,DSL,Electronic check,No
1622-HSHSF,0.2551878017080196,0,Low Risk,1,19.55,19.55,Month-to-month,No,Mailed check,No
8854-CCVSQ,0.6090879110300899,1,Medium Risk,18,80.65,1451.9,Month-to-month,Fiber optic,Electronic check,Yes
6749-UTDVX,0.14278369167580998,0,Low Risk,72,103.65,7634.8,Two year,Fiber optic,Electronic check,No
5542-DHSXL,0.2115407135901602,0,Low Risk,4,54.7,235.05,Month-to-month,DSL,Mailed check,No
9102-OXKFY,0.017186826090052523,0,Low Risk,59,54.15,3116.15,Two year,DSL,Credit card (automatic),No
0511-JTEOY,0.5405991977202492,1,Medium Risk,1,71.1,71.1,Month-to-month,Fiber optic,Mailed check,Yes
5216-WASFJ,0.6442991528066875,1,Medium Risk,31,84.85,2633.4,Month-to-month,Fiber optic,Electronic check,No
7808-DVWEP,0.17233378821834322,0,Low Risk,3,20.0,49.65,Month-to-month,No,Bank transfer (automatic),No
7067-KSAZT,0.3085331878801236,0,Low Risk,65,106.25,6979.8,One year,Fiber optic,Electronic check,Yes
2284-VFLKH,0.18022453256660334,0,Low Risk,49,99.25,4920.8,One year,Fiber optic,Credit card (automatic),No
0366-NQSHS,0.18673718618318996,0,Low Risk,2,19.35,46.35,Month-to-month,No,Mailed check,No
6532-YLWSI,0.009442026552575276,0,Low Risk,53,20.8,1021.8,One year,No,Bank transfer (automatic),Yes
3807-BPOMJ,0.20726814043331426,0,Low Risk,55,94.75,5276.1,One year,Fiber optic,Electronic check,No
3892-NXAZG,0.04450629762754843,0,Low Risk,72,114.05,8289.2,Two year,Fiber optic,Credit card (automatic),No
4948-WBBKL,0.42834996148530685,0,Medium Risk,36,74.9,2659.45,Month-to-month,Fiber optic,Bank transfer (automatic),No
4182-BGSIQ,0.14542774731094776,0,Low Risk,10,19.8,196.75,Month-to-month,No,Bank transfer (automatic),No
9300-AGZNL,0.8521814604908851,1,High Risk,1,94.0,94.0,Month-to-month,Fiber optic,Electronic check,Yes
0988-AADSA,0.006487414423238302,0,Low Risk,72,80.85,5824.75,Two year,DSL,Bank transfer (automatic),No
9972-NKTFD,0.09145392109116274,0,Low Risk,28,54.65,1517.5,Month-to-month,DSL,Bank transfer (automatic),No
3717-LNXKW,0.2914846426584445,0,Low Risk,38,91.7,3479.05,Month-to-month,Fiber optic,Bank transfer (automatic),No
5734-EJKXG,0.1857373103005528,0,Low Risk,61,118.6,7365.7,One year,Fiber optic,Electronic check,No
2207-RYYRL,0.00662420335673905,0,Low Risk,52,24.55,1331.05,Two year,No,Mailed check,No
6729-FZWSY,0.007386326655245219,0,Low Risk,67,19.45,1195.95,One year,No,Mailed check,No
9695-IDRZR,0.10071561248555944,0,Low Risk,34,116.15,3946.9,Two year,Fiber optic,Credit card (automatic),No
8144-DGHXP,0.022803291539398994,0,Low Risk,54,80.6,4299.95,Two year,DSL,Electronic check,No
7814-LEEVE,0.2465441958209888,0,Low Risk,1,20.3,20.3,Month-to-month,No,Bank transfer (automatic),No
1112-CUNAO,0.6361890082003345,1,Medium Risk,15,89.85,1424.95,Month-to-month,Fiber optic,Electronic check,Yes
5175-AOBHI,0.4104019358056832,0,Medium Risk,4,46.0,193.6,Month-to-month,DSL,Mailed check,Yes
5174-RNGBH,0.22396860812424121,0,Low Risk,9,66.25,620.55,Month-to-month,DSL,Mailed check,Yes
8631-WUXGY,0.3898917741917698,0,Low Risk,46,99.8,4391.25,Month-to-month,Fiber optic,Electronic check,No
7270-BDIOA,0.5882265671369131,1,Medium Risk,22,90.0,1993.8,Month-to-month,Fiber optic,Electronic check,Yes
9565-JSNFM,0.18184772258814896,0,Low Risk,38,70.45,2597.6,One year,Fiber optic,Bank transfer (automatic),Yes
5906-DVAPM,0.028892286261391568,0,Low Risk,55,75.0,4213.9,One year,DSL,Credit card (automatic),No
6654-QGBZZ,0.1905309628733035,0,Low Risk,1,19.9,19.9,Month-to-month,No,Mailed check,No
8348-JLBUG,0.048585334207808514,0,Low Risk,64,80.3,5017.7,One year,Fiber optic,Credit card (automatic),No
0607-DAAHE,0.00406293492627282,0,Low Risk,53,19.75,1052.35,Two year,No,Bank transfer (automatic),Yes
5641-DMBFJ,0.04165106037450566,0,Low Risk,58,84.3,4916.4,Two year,DSL,Electronic check,No
9200-NLNPD,0.07177441790888593,0,Low Risk,56,54.05,2959.8,One year,DSL,Bank transfer (automatic),No
2664-XJZNO,0.03384041154833713,0,Low Risk,72,104.9,7559.55,Two year,Fiber optic,Credit card (automatic),No
9732-KPKBW,0.3317848331441038,0,Low Risk,1,53.95,53.95,Month-to-month,DSL,Electronic check,Yes
3339-EAQNV,0.18344996086934484,0,Low Risk,72,97.25,7133.1,One year,Fiber optic,Credit card (automatic),No
0921-OHLVP,0.5830796471766918,1,Medium Risk,22,83.05,1799.3,Month-to-month,Fiber optic,Electronic check,No
3389-YGYAI,0.78948622175356,1,High Risk,8,105.5,829.55,Month-to-month,Fiber optic,Electronic check,Yes
9560-ARGQJ,0.592540732320891,1,Medium Risk,16,81.0,1312.15,Month-to-month,Fiber optic,Electronic check,Yes
8350-NYMVI,0.08758557233490734,0,Low Risk,39,41.1,1597.05,Month-to-month,DSL,Bank transfer (automatic),No
1600-DILPE,0.3172576058067169,0,Low Risk,12,45.0,524.35,Month-to-month,DSL,Bank transfer (automatic),No
0536-ESJEP,0.028872621474382416,0,Low Risk,54,74.55,4191.45,Two year,DSL,Bank transfer (automatic),No
4654-GGUII,0.11045359666681014,0,Low Risk,18,40.2,711.95,One year,DSL,Mailed check,No
6478-HRRCZ,0.04204387642580717,0,Low Risk,32,70.5,2201.75,One year,DSL,Mailed check,No
8510-BBWMU,0.025192569993493556,0,Low Risk,41,19.75,806.95,One year,No,Mailed check,No
6857-TKDJV,0.0030458981358815586,0,Low Risk,67,24.65,1620.45,Two year,No,Bank transfer (automatic),No
2360-RDGRO,0.3678362229726874,0,Low Risk,65,104.25,6812.95,Month-to-month,Fiber optic,Electronic check,No
0584-BJQGZ,0.15976499912135536,0,Low Risk,25,78.35,1837.9,Month-to-month,DSL,Bank transfer (automatic),No
5134-IKDAY,0.6591482585490006,1,Medium Risk,1,69.8,69.8,Month-to-month,Fiber optic,Electronic check,Yes
1360-XFJMR,0.1449759005866525,0,Low Risk,67,109.7,7344.45,One year,Fiber optic,Credit card (automatic),No
3070-DVEYC,0.6032884728118618,1,Medium Risk,7,73.75,545.15,Month-to-month,Fiber optic,Mailed check,Yes
5730-RIITO,0.11088741574987131,0,Low Risk,43,33.45,1500.25,Month-to-month,DSL,Credit card (automatic),No
9058-MJLZC,0.5513957703596333,1,Medium Risk,24,94.6,2283.15,Month-to-month,Fiber optic,Electronic check,No
5707-ORNDZ,0.36104833173860595,0,Low Risk,9,54.55,494.05,Month-to-month,DSL,Electronic check,Yes
0902-XKXPN,0.0019456048946309163,0,Low Risk,69,20.2,1376.5,Two year,No,Bank transfer (automatic),No
5177-RVZNU,0.015891939168701116,0,Low Risk,37,20.3,755.4,One year,No,Bank transfer (automatic),No
0056-EPFBG,0.050255186049671045,0,Low Risk,20,39.4,825.4,Two year,DSL,Credit card (automatic),No
8993-IZEUX,0.47646261408832286,0,Medium Risk,7,69.15,488.65,Month-to-month,Fiber optic,Bank transfer (automatic),No
8696-JKZNU,0.5247413214999317,1,Medium Risk,37,76.25,2841.55,Month-to-month,Fiber optic,Electronic check,Yes
5380-AFSSK,0.7578341103153726,1,High Risk,5,93.9,486.85,Month-to-month,Fiber optic,Mailed check,Yes
8190-ZTQFB,0.225293353728837,0,Low Risk,41,51.35,2075.1,One year,DSL,Electronic check,No
0931-MHTEM,0.12969994817248146,0,Low Risk,54,100.05,5299.65,One year,Fiber optic,Credit card (automatic),No
2055-PDADH,0.7197937365450477,1,High Risk,3,70.4,204.7,Month-to-month,Fiber optic,Electronic check,Yes
7515-LODFU,0.002684747060150221,0,Low Risk,69,20.3,1356.3,Two year,No,Credit card (automatic),No
0440-UEDAI,0.10649599890110567,0,Low Risk,53,94.45,5042.75,One year,Fiber optic,Credit card (automatic),No
1337-BOZWO,0.1495358501423735,0,Low Risk,18,46.4,812.4,One year,DSL,Credit card (automatic),No
0868-VJRDR,0.0440375448587506,0,Low Risk,64,104.05,6605.55,Two year,Fiber optic,Credit card (automatic),No
8714-EUHJO,0.5325447669332932,1,Medium Risk,31,91.15,2995.45,Month-to-month,Fiber optic,Electronic check,Yes
6344-SFJVH,0.2612165197565341,0,Low Risk,20,24.9,505.95,Month-to-month,DSL,Credit card (automatic),No
3950-VPYJB,0.010435545277944073,0,Low Risk,57,59.6,3509.4,One year,DSL,Mailed check,No
8041-TMEID,0.07338279452959535,0,Low Risk,63,108.5,6991.9,Two year,Fiber optic,Credit card (automatic),No
7321-ZNSLA,0.045378606806253365,0,Low Risk,13,40.55,590.35,Two year,DSL,Mailed check,No
6941-KXRRV,0.07083523751103885,0,Low Risk,48,58.95,2789.7,One year,DSL,Bank transfer (automatic),No
3721-CNEYS,0.696482865526219,1,Medium Risk,2,70.95,137.95,Month-to-month,Fiber optic,Electronic check,Yes
8727-JQFHV,0.0036563412332142856,0,Low Risk,57,20.75,1123.15,Two year,No,Mailed check,No
9475-NNDGC,0.14394466248125037,0,Low Risk,71,113.15,7953.25,One year,Fiber optic,Bank transfer (automatic),No
1355-KUSBG,0.38906171455226707,0,Low Risk,7,48.8,349.8,Month-to-month,DSL,Electronic check,No
3688-FTHLT,0.41527244443669026,0,Medium Risk,16,63.05,1067.05,Month-to-month,DSL,Bank transfer (automatic),No
0899-LIIBW,0.5799520792608505,1,Medium Risk,34,100.85,3527.3,Month-to-month,Fiber optic,Electronic check,No
2568-OIADY,0.6403790299858241,1,Medium Risk,37,99.5,3762.0,Month-to-month,Fiber optic,Electronic check,Yes
1384-RCUXW,0.5423790688567601,1,Medium Risk,16,80.55,1248.9,Month-to-month,Fiber optic,Mailed check,No
5825-XJOCM,0.03602167887801043,0,Low Risk,48,64.4,3035.35,One year,DSL,Bank transfer (automatic),No
6848-YLDFR,0.036511544745168864,0,Low Risk,58,75.2,4300.8,One year,DSL,Credit card (automatic),No
8125-QPFJD,0.01835764853936597,0,Low Risk,72,84.9,6065.3,Two year,DSL,Bank transfer (automatic),No
2320-YKQBO,0.15053904142449198,0,Low Risk,7,19.3,144.95,Month-to-month,No,Mailed check,No
1193-RTSLK,0.20348897893119602,0,Low Risk,38,83.9,3233.6,Month-to-month,Fiber optic,Credit card (automatic),Yes
2302-ANTDP,0.31049233472773974,0,Low Risk,48,117.45,5438.9,Month-to-month,Fiber optic,Electronic check,Yes
5923-GXUOC,0.608097960074443,1,Medium Risk,10,104.4,1081.45,Month-to-month,Fiber optic,Electronic check,Yes
4973-RLZVI,0.04009022152235571,0,Low Risk,30,74.65,2308.6,One year,DSL,Credit card (automatic),No
7869-ZYDST,0.2857897667685435,0,Low Risk,31,59.05,1882.8,Month-to-month,DSL,Credit card (automatic),No
4501-UYKBC,0.08599990347222007,0,Low Risk,46,69.1,3255.35,One year,DSL,Credit card (automatic),No
1215-EXRMO,0.006502063181792923,0,Low Risk,50,20.55,1067.65,Two year,No,Mailed check,No
2305-MRGLV,0.23771894654024492,0,Low Risk,28,76.55,2065.4,Month-to-month,Fiber optic,Bank transfer (automatic),No
8404-VIOMB,0.01673897195141332,0,Low Risk,66,62.5,4136.4,Two year,DSL,Bank transfer (automatic),No
5233-GEEAX,0.6085331098609694,1,Medium Risk,8,29.4,221.9,Month-to-month,DSL,Electronic check,Yes
2359-KLTEK,0.3739410558073873,0,Low Risk,41,94.9,3848.0,Month-to-month,Fiber optic,Bank transfer (automatic),No
5304-EFJLP,0.0909700044595745,0,Low Risk,72,111.65,8022.85,Two year,Fiber optic,Bank transfer (automatic),No
2673-ZALNP,0.08268359565064078,0,Low Risk,7,19.9,173.15,One year,No,Mailed check,No
9184-GALIL,0.03220809864609652,0,Low Risk,38,20.45,781.25,Month-to-month,No,Mailed check,No
4393-RYCRE,0.23569968582860257,0,Low Risk,44,106.05,4510.8,One year,Fiber optic,Electronic check,No
9746-MDMBK,0.13791798048398934,0,Low Risk,47,113.45,5317.8,One year,Fiber optic,Bank transfer (automatic),No
3162-ZJZFU,0.2269186673362945,0,Low Risk,53,92.55,4779.45,Month-to-month,Fiber optic,Electronic check,No
8404-GFGCZ,0.5241278921891225,1,Medium Risk,4,65.6,250.1,Month-to-month,DSL,Electronic check,No
8875-AKBYH,0.7214179095023975,1,High Risk,20,84.35,1745.2,Month-to-month,Fiber optic,Electronic check,No
4432-ADRLB,0.3448042179940811,0,Low Risk,2,44.65,74.9,Month-to-month,DSL,Mailed check,Yes
0533-UCAAU,0.07743444973473984,0,Low Risk,57,71.1,4140.1,One year,DSL,Credit card (automatic),No
1394-SUIUH,0.21140497392738108,0,Low Risk,44,85.15,3670.5,Month-to-month,Fiber optic,Electronic check,No
3521-MNKLV,0.23256983709687423,0,Low Risk,24,49.7,1167.8,Month-to-month,DSL,Mailed check,No
2533-TIBIX,0.26986683012728285,0,Low Risk,15,30.2,469.65,Month-to-month,DSL,Bank transfer (automatic),No
8993-PHFWD,0.54049907911555,1,Medium Risk,3,25.25,58.9,Month-to-month,DSL,Electronic check,Yes
1565-RHDJD,0.45946934186807215,0,Medium Risk,4,84.05,333.55,Month-to-month,Fiber optic,Bank transfer (automatic),Yes
7137-RYLPP,0.6067641807384564,1,Medium Risk,37,85.7,3171.15,Month-to-month,Fiber optic,Electronic check,Yes
3765-JXVKY,0.6653488117344,1,Medium Risk,1,74.7,74.7,Month-to-month,Fiber optic,Electronic check,Yes
5092-STPKP,0.0836052782354422,0,Low Risk,24,56.35,1381.2,Month-to-month,DSL,Credit card (automatic),No
7330-WZLNC,0.7444919241323384,1,High Risk,5,90.8,455.5,Month-to-month,Fiber optic,Electronic check,Yes
0114-PEGZZ,0.5460740291012056,1,Medium Risk,33,107.55,3645.5,Month-to-month,Fiber optic,Electronic check,No
3359-DSRKA,0.004979816606778073,0,Low Risk,58,19.85,1158.85,Two year,No,Mailed check,No
8639-NHQEI,0.0400575082595566,0,Low Risk,72,95.9,6954.15,Two year,Fiber optic,Bank transfer (automatic),No
7161-DFHUF,0.0032758863486988922,0,Low Risk,71,23.85,1672.1,Two year,No,Mailed check,No
3957-LXOLK,0.7003212668735972,1,High Risk,28,106.15,3152.5,Month-to-month,Fiber optic,Electronic check,Yes
3720-DBRWL,0.022222976554875516,0,Low Risk,51,83.85,4307.1,Two year,DSL,Credit card (automatic),No
6635-MYYYZ,0.0531635964132938,0,Low Risk,30,85.35,2530.4,One year,DSL,Bank transfer (automatic),Yes
8565-WUXZU,0.020073126438787475,0,Low Risk,72,84.8,6141.65,Two year,Fiber optic,Credit card (automatic),No
5281-BUZGT,0.5108110952243169,1,Medium Risk,36,90.85,3186.7,Month-to-month,Fiber optic,Electronic check,Yes
4994-OBRSZ,0.0306323580419345,0,Low Risk,14,76.1,1054.8,Two year,DSL,Bank transfer (automatic),No
0562-FGDCR,0.00656690090779821,0,Low Risk,72,74.55,5430.65,Two year,DSL,Mailed check,No
2436-QBZFP,0.30765566064327227,0,Low Risk,22,39.2,849.9,Month-to-month,DSL,Electronic check,No
3420-YJLQT,0.6370448464641938,1,Medium Risk,2,79.55,151.75,Month-to-month,Fiber optic,Electronic check,No
6040-CGACY,0.10801088790566296,0,Low Risk,15,19.6,299.4,Month-to-month,No,Mailed check,No
6582-PLFUU,0.004512539245344681,0,Low Risk,51,19.55,1086.75,Two year,No,Credit card (automatic),No
8242-PDSGJ,0.007601062414897521,0,Low Risk,70,39.15,2692.75,Two year,DSL,Credit card (automatic),No
0264-CNITK,0.0017208154160668794,0,Low Risk,71,20.1,1389.6,Two year,No,Bank transfer (automatic),No
0089-IIQKO,0.3752712493656819,0,Low Risk,39,99.95,3767.4,Month-to-month,Fiber optic,Credit card (automatic),No
7839-NUIAA,0.04424330728445494,0,Low Risk,61,59.8,3641.5,Month-to-month,DSL,Electronic check,No
6075-QMNRR,0.057738296928871224,0,Low Risk,52,49.75,2535.55,Month-to-month,DSL,Bank transfer (automatic),No
5378-IKEEG,0.7005583552852815,1,High Risk,1,35.75,35.75,Month-to-month,DSL,Electronic check,Yes
5966-EMAZU,0.13404028677972024,0,Low Risk,64,108.5,6880.85,One year,Fiber optic,Mailed check,No
0440-EKDCF,0.011035979540938401,0,Low Risk,62,60.15,3753.2,Two year,DSL,Credit card (automatic),No
4774-HHGGS,0.01649108728156498,0,Low Risk,30,19.05,637.55,Two year,No,Mailed check,No
2718-GAXQD,0.38464621024903706,0,Low Risk,4,46.0,181.6,Month-to-month,DSL,Electronic check,Yes
2055-BFOCC,0.03384157399333694,0,Low Risk,63,84.0,5329.55,One year,DSL,Bank transfer (automatic),No
8180-AKMJV,0.4167171970827724,0,Medium Risk,1,44.55,44.55,Month-to-month,DSL,Credit card (automatic),No
4298-OYIFC,0.6941046755538932,1,Medium Risk,15,103.45,1539.8,Month-to-month,Fiber optic,Electronic check,No
5566-SOEZD,0.1343144822698622,0,Low Risk,27,80.65,2209.75,One year,Fiber optic,Credit card (automatic),No
9842-EFSYY,0.4366236203773435,0,Medium Risk,4,57.2,223.75,Month-to-month,DSL,Mailed check,No
2272-WUSPA,0.10052781989318485,0,Low Risk,72,110.75,7751.7,Two year,Fiber optic,Electronic check,No
4584-LBNMK,0.022550196637468593,0,Low Risk,45,24.7,1174.35,One year,No,Credit card (automatic),No
3898-GUYTS,0.32819203978025396,0,Low Risk,45,97.05,4385.05,Month-to-month,Fiber optic,Electronic check,No
0930-EHUZA,0.04991110479736941,0,Low Risk,36,76.35,2606.35,One year,DSL,Mailed check,No
6413-XKKPU,0.4864768715837964,0,Medium Risk,17,89.4,1539.45,Month-to-month,Fiber optic,Electronic check,Yes
9975-SKRNR,0.19372377977087396,0,Low Risk,1,18.9,18.9,Month-to-month,No,Mailed check,No
3703-KBKZP,0.606997975845946,1,Medium Risk,16,74.45,1261.35,Month-to-month,Fiber optic,Bank transfer (automatic),No
1449-XQEMT,0.2414276391090235,0,Low Risk,3,19.8,58.15,Month-to-month,No,Mailed check,Yes
2626-URJFX,0.5183657497367155,1,Medium Risk,4,50.9,225.6,Month-to-month,DSL,Electronic check,Yes
4973-MGTON,0.0116347135583894,0,Low Risk,71,84.4,5969.3,Two year,DSL,Credit card (automatic),No
3682-YEUWS,0.20020597739380347,0,Low Risk,10,24.4,253.9,Month-to-month,No,Mailed check,No
1223-UNPKS,0.02087659282128688,0,Low Risk,20,20.05,400.0,Two year,No,Mailed check,No
2612-RRIDN,0.7330077503814556,1,High Risk,4,81.0,340.85,Month-to-month,Fiber optic,Electronic check,Yes
4735-ASGMA,0.6997706981202894,1,Medium Risk,26,98.35,2515.3,Month-to-month,Fiber optic,Electronic check,Yes
3446-QDSZF,0.35185465321378223,0,Low Risk,4,55.5,227.35,Month-to-month,DSL,Credit card (automatic),No
3669-LVWZB,0.6069586697853089,1,Medium Risk,5,51.0,305.95,Month-to-month,DSL,Mailed check,Yes
6892-EZDTG,0.7539102931666637,1,High Risk,4,91.65,365.4,Month-to-month,Fiber optic,Electronic check,Yes
5117-IFGPS,0.6574057985100233,1,Medium Risk,29,84.3,2357.75,Month-to-month,Fiber optic,Electronic check,No
7379-FNIUJ,0.5768864354462229,1,Medium Risk,2,100.2,198.5,Month-to-month,Fiber optic,Electronic check,No
1627-AFWVJ,0.016346904811855127,0,Low Risk,29,19.4,554.25,Two year,No,Mailed check,No
9725-SCPZG,0.7489505188318479,1,High Risk,1,90.85,90.85,Month-to-month,Fiber optic,Electronic check,Yes
5884-GCYMI,0.5455631964053681,1,Medium Risk,1,69.4,69.4,Month-to-month,Fiber optic,Mailed check,Yes
3217-FZDMN,0.684215208201706,1,Medium Risk,8,94.45,742.95,Month-to-month,Fiber optic,Credit card (automatic),Yes
4486-EFAEB,0.21541258273208402,0,Low Risk,13,20.4,251.65,Month-to-month,No,Electronic check,No
0060-FUALY,0.28977479420903185,0,Low Risk,59,94.75,5597.65,Month-to-month,Fiber optic,Electronic check,No
7853-GVUDZ,0.2025990415793057,0,Low Risk,1,20.15,20.15,Month-to-month,No,Credit card (automatic),Yes
7480-QNVZJ,0.587443972507262,1,Medium Risk,50,95.7,4816.7,Month-to-month,Fiber optic,Electronic check,Yes
6954-OOYZZ,0.2728967824252815,0,Low Risk,18,44.35,768.05,Month-to-month,DSL,Bank transfer (automatic),No
7088-FBAWU,0.17450851482346721,0,Low Risk,17,74.55,1215.8,Month-to-month,DSL,Mailed check,No
8313-AFGBW,0.05146035512768728,0,Low Risk,47,73.6,3522.65,Two year,DSL,Electronic check,No
3943-KDREE,0.4706487483470599,0,Medium Risk,26,74.95,1834.95,Month-to-month,Fiber optic,Bank transfer (automatic),Yes
9239-ZBZZV,0.6944909095052014,1,Medium Risk,6,47.95,305.1,Month-to-month,DSL,Electronic check,Yes
3097-IDVPU,0.20737150421861103,0,Low Risk,19,50.1,910.45,Month-to-month,DSL,Credit card (automatic),No
4398-HSCJH,0.5306962447011735,1,Medium Risk,3,63.6,155.65,Month-to-month,DSL,Electronic check,Yes
2197-OMWGI,0.041075625305325124,0,Low Risk,68,53.0,3656.25,Two year,DSL,Electronic check,No
2303-PJYHN,0.17687622951056012,0,Low Risk,2,19.85,52.0,Month-to-month,No,Bank transfer (automatic),No
9795-VOWON,0.32456942545006484,0,Low Risk,7,24.35,150.85,One year,DSL,Credit card (automatic),No
1237-WIYYZ,0.13348215591760615,0,Low Risk,18,19.55,389.25,Month-to-month,No,Mailed check,No
1987-AUELQ,0.0031386543713038044,0,Low Risk,71,25.05,1873.7,Two year,No,Credit card (automatic),No
7852-LECYP,0.4537818826954146,0,Medium Risk,13,93.8,1261.0,Month-to-month,Fiber optic,Credit card (automatic),No
4430-UZIPO,0.42155978190448173,0,Medium Risk,3,36.85,108.7,Month-to-month,DSL,Mailed check,Yes
4822-LPTYJ,0.09635576579148071,0,Low Risk,72,103.75,7346.2,Two year,Fiber optic,Bank transfer (automatic),No
8165-CBKXO,0.027124946227310886,0,Low Risk,66,56.75,3708.4,Two year,DSL,Credit card (automatic),No
6527-PZFPV,0.04205526138232373,0,Low Risk,24,20.8,469.65,One year,No,Credit card (automatic),No
4855-SNKMY,0.521221225444294,1,Medium Risk,1,44.1,44.1,Month-to-month,DSL,Electronic check,Yes
9593-CVZKR,0.007750992704954883,0,Low Risk,56,24.45,1385.85,Two year,No,Mailed check,No
8595-SIZNC,0.06225507323529924,0,Low Risk,22,25.6,548.8,One year,No,Bank transfer (automatic),No
8008-HAWED,0.6284983144066467,1,Medium Risk,14,50.75,712.75,Month-to-month,DSL,Electronic check,Yes
7124-UGSUR,0.23827139674101042,0,Low Risk,61,104.4,6405.0,One year,Fiber optic,Credit card (automatic),Yes
1862-SKORY,0.3080646279910815,0,Low Risk,40,39.3,1637.4,Month-to-month,DSL,Electronic check,Yes
5236-XMZJY,0.05373503401165763,0,Low Risk,42,59.65,2536.55,Month-to-month,DSL,Bank transfer (automatic),No
4827-DPADN,0.014611729546934472,0,Low Risk,72,83.3,6042.7,Two year,DSL,Bank transfer (automatic),No
2694-CIUMO,0.4975315827390624,0,Medium Risk,12,79.55,958.25,Month-to-month,Fiber optic,Credit card (automatic),No
5846-ABOBJ,0.003179561143406699,0,Low Risk,71,24.45,1730.65,Two year,No,Bank transfer (automatic),No
1439-LCGVL,0.035159511067953994,0,Low Risk,26,19.2,459.6,One year,No,Mailed check,No
0909-SDHNU,0.27031595984160883,0,Low Risk,7,29.8,201.95,Month-to-month,DSL,Mailed check,No
4647-XXZAM,0.26377398368896043,0,Low Risk,6,45.5,285.2,Month-to-month,DSL,Mailed check,No
1502-XFCVR,0.17847820991415095,0,Low Risk,58,106.45,6145.85,One year,Fiber optic,Electronic check,Yes
7740-KKCXF,0.10214219482079494,0,Low Risk,51,30.05,1529.45,Month-to-month,DSL,Credit card (automatic),No
5360-XGYAZ,0.011661230729013197,0,Low Risk,72,65.65,4664.5,Two year,DSL,Bank transfer (automatic),No
9692-TUSXH,0.5956427500430985,1,Medium Risk,18,96.05,1740.7,Month-to-month,Fiber optic,Electronic check,Yes
7912-SYRQT,0.636691801532373,1,Medium Risk,7,75.1,552.95,Month-to-month,Fiber optic,Bank transfer (automatic),Yes
3557-HTYWR,0.018323701767584424,0,Low Risk,47,74.05,3496.3,Two year,DSL,Mailed check,No
4816-JBHOV,0.5536802135436524,1,Medium Risk,2,44.7,93.7,Month-to-month,DSL,Electronic check,Yes
8920-NAVAY,0.1969023891960169,0,Low Risk,62,110.75,7053.35,One year,Fiber optic,Bank transfer (automatic),No
1699-TLDLZ,0.02449824340162505,0,Low Risk,16,19.7,301.55,Two year,No,Mailed check,No
5600-PDUJF,0.2906755761541619,0,Low Risk,6,49.5,312.7,Month-to-month,DSL,Credit card (automatic),No
8292-TYSPY,0.19205959659185992,0,Low Risk,19,55.0,1046.5,Month-to-month,DSL,Credit card (automatic),Yes
0567-XRHCU,0.012063234411967974,0,Low Risk,69,43.95,2960.1,Two year,DSL,Credit card (automatic),No
1867-BDVFH,0.6525319610375414,1,Medium Risk,11,74.35,834.2,Month-to-month,Fiber optic,Electronic check,Yes
2067-QYTCF,0.3524345888711071,0,Low Risk,64,111.15,6953.4,Month-to-month,Fiber optic,Electronic check,No
2359-QWQUL,0.16333221507772858,0,Low Risk,39,104.7,4134.85,One year,Fiber optic,Credit card (automatic),Yes
9103-TCIHJ,0.2876167384219679,0,Low Risk,15,55.7,899.8,Month-to-month,DSL,Mailed check,Yes
7407-SUJIZ,0.07219752771529475,0,Low Risk,25,20.6,541.5,Month-to-month,No,Mailed check,No
9150-KPBJQ,0.0433751334483501,0,Low Risk,6,19.65,116.85,Two year,No,Credit card (automatic),No
0052-DCKON,0.08883475946476223,0,Low Risk,66,115.8,7942.15,One year,Fiber optic,Bank transfer (automatic),No
3654-ARMGP,0.022765630883676675,0,Low Risk,61,88.65,5321.25,Two year,DSL,Credit card (automatic),No
9699-UBQFS,0.43398681365550024,0,Medium Risk,43,94.5,4156.8,Month-to-month,Fiber optic,Electronic check,No
9367-TCUYN,0.12212212354112528,0,Low Risk,12,20.1,223.6,Month-to-month,No,Mailed check,No
1261-FWTTE,0.41453532087188544,0,Medium Risk,23,34.65,768.45,Month-to-month,DSL,Bank transfer (automatic),No
3528-HFRIQ,0.10783245208849616,0,Low Risk,71,52.3,3765.05,Month-to-month,DSL,Bank transfer (automatic),No
0708-SJDIS,0.15325351372723864,0,Low Risk,34,65.0,2157.5,Month-to-month,DSL,Mailed check,No
4140-WJAWW,0.15085964122677556,0,Low Risk,5,19.85,108.05,Month-to-month,No,Credit card (automatic),Yes
2073-QBVBI,0.0451319415095108,0,Low Risk,41,35.45,1391.65,One year,DSL,Mailed check,No
6928-ONTRW,0.001584938606544434,0,Low Risk,72,19.7,1379.8,Two year,No,Credit card (automatic),No
3320-VEOYC,0.7962841780162239,1,High Risk,14,95.6,1273.3,Month-to-month,Fiber optic,Electronic check,No
5231-FIQPA,0.01356350196813273,0,Low Risk,41,19.85,810.45,Two year,No,Mailed check,No
6617-WLBQC,0.15644510598817862,0,Low Risk,23,81.85,1810.85,One year,Fiber optic,Credit card (automatic),No
2599-CIPQE,0.021891660308977462,0,Low Risk,71,109.3,7782.85,Two year,Fiber optic,Credit card (automatic),No
6653-CBBOM,0.7038932513314254,1,High Risk,1,70.3,70.3,Month-to-month,Fiber optic,Electronic check,Yes
8774-GSBUN,0.0032784049238239474,0,Low Risk,72,25.4,1797.1,Two year,No,Mailed check,No
7326-RIGQZ,0.6213017242107771,1,Medium Risk,6,69.8,377.85,Month-to-month,Fiber optic,Electronic check,No
1401-FTHFQ,0.04394502221890018,0,Low Risk,23,20.0,445.3,One year,No,Credit card (automatic),No
3247-ZVOUO,0.7109116524180392,1,High Risk,10,85.55,851.75,Month-to-month,Fiber optic,Electronic check,Yes
0254-FNMCI,0.05171393855314242,0,Low Risk,72,109.9,7624.2,Two year,Fiber optic,Electronic check,No
1848-LBZHY,0.2781157491151213,0,Low Risk,7,50.3,355.1,Month-to-month,DSL,Bank transfer (automatic),No
6101-IMRMM,0.5501257528995053,1,Medium Risk,6,94.5,575.45,Month-to-month,Fiber optic,Mailed check,Yes
8118-TJAFG,0.5828846505101434,1,Medium Risk,9,101.5,906.85,Month-to-month,Fiber optic,Electronic check,No
5429-LWCMV,0.7008747279856278,1,High Risk,12,89.15,1057.55,Month-to-month,Fiber optic,Electronic check,No
7298-IZWLY,0.25516474716875515,0,Low Risk,1,19.4,19.4,Month-to-month,No,Mailed check,No
9758-MFWGD,0.039888465509439024,0,Low Risk,48,29.9,1388.75,One year,DSL,Bank transfer (automatic),No
3955-JBZZM,0.5290346474643812,1,Medium Risk,20,78.8,1641.3,Month-to-month,Fiber optic,Electronic check,No
1268-ASBGA,0.6564570057601038,1,Medium Risk,16,85.35,1375.15,Month-to-month,Fiber optic,Credit card (automatic),Yes
8943-URTMR,0.6721606093210349,1,Medium Risk,2,79.65,152.7,Month-to-month,Fiber optic,Mailed check,Yes
4815-TUMEQ,0.10108014202193188,0,Low Risk,10,19.3,185.2,One year,No,Mailed check,No
4713-LZDRV,0.7696537850452596,1,High Risk,2,79.6,195.05,Month-to-month,Fiber optic,Electronic check,Yes
9909-IDLEK,0.34372421024902855,0,Low Risk,20,96.8,1826.7,Month-to-month,Fiber optic,Mailed check,No
4092-OFQZS,0.048068130594241615,0,Low Risk,20,20.65,417.5,One year,No,Mailed check,No
1561-BWHIN,0.040019367225713844,0,Low Risk,19,19.8,344.5,One year,No,Mailed check,No
4325-NFSKC,0.6355863767515133,1,Medium Risk,19,90.6,1660.0,Month-to-month,Fiber optic,Electronic check,Yes
9927-DSWDF,0.44169145275054394,0,Medium Risk,22,104.6,2180.55,Month-to-month,Fiber optic,Electronic check,No
9500-LTVBP,0.2448911873139338,0,Low Risk,35,80.05,2835.9,Month-to-month,Fiber optic,Credit card (automatic),No
7252-NTGSS,0.350233389278075,0,Low Risk,1,45.15,45.15,Month-to-month,DSL,Mailed check,No
8149-AIQCG,0.35798937012416765,0,Low Risk,39,73.15,2730.85,Month-to-month,Fiber optic,Credit card (automatic),No
1360-JYXKQ,0.24974391273437196,0,Low Risk,54,99.1,5437.1,One year,Fiber optic,Electronic check,No
2955-PSXOE,0.24291761075839602,0,Low Risk,1,20.2,20.2,Month-to-month,No,Bank transfer (automatic),Yes
7762-URZQH,0.09211176273836587,0,Low Risk,66,106.05,6981.35,Two year,Fiber optic,Credit card (automatic),Yes
0899-WZRSD,0.26791624036467165,0,Low Risk,56,105.35,5794.45,Month-to-month,Fiber optic,Mailed check,No
3255-GRXMG,0.22152154061511758,0,Low Risk,18,45.65,747.2,Month-to-month,DSL,Credit card (automatic),No
4828-FAZPK,0.4634251993743679,0,Medium Risk,16,79.95,1267.95,Month-to-month,Fiber optic,Credit card (automatic),No
6094-ZIVKX,0.01622321746893565,0,Low Risk,68,54.45,3674.95,One year,DSL,Credit card (automatic),No
6925-BAYGL,0.008030243298712785,0,Low Risk,53,25.1,1275.6,Two year,No,Credit card (automatic),No
3262-EIDHV,0.00946833087060718,0,Low Risk,72,84.7,5893.9,Two year,DSL,Credit card (automatic),No
7354-OIJLX,0.7139679071379825,1,High Risk,9,75.85,724.65,Month-to-month,Fiber optic,Electronic check,No
1376-HHBDV,0.13931480898443338,0,Low Risk,30,48.8,1536.75,Month-to-month,DSL,Mailed check,No
6907-NZZIJ,0.6080645083030835,1,Medium Risk,36,99.15,3615.6,Month-to-month,Fiber optic,Electronic check,Yes
6133-OZILE,0.3684180073712801,0,Low Risk,18,35.2,607.3,Month-to-month,DSL,Electronic check,No
4135-FRWKJ,0.03917742052594498,0,Low Risk,55,76.25,4154.55,One year,DSL,Electronic check,No
2911-UREFD,0.2270641662603447,0,Low Risk,39,55.9,2184.35,Month-to-month,DSL,Electronic check,Yes
3744-ZRRDZ,0.5954203340239981,1,Medium Risk,21,82.35,1852.85,Month-to-month,Fiber optic,Electronic check,Yes
5673-TIYIB,0.3986166771142009,0,Low Risk,2,40.4,77.15,Month-to-month,DSL,Credit card (automatic),Yes
6551-ZCOTS,0.055329265397008894,0,Low Risk,33,24.9,847.8,One year,No,Bank transfer (automatic),No
7191-ADRGF,0.053291775126151394,0,Low Risk,44,54.3,2390.45,Two year,DSL,Bank transfer (automatic),No
5018-LXQQG,0.07310562213968454,0,Low Risk,30,66.3,1923.5,Month-to-month,DSL,Bank transfer (automatic),No
6892-BOGQE,0.0032175898120356647,0,Low Risk,71,20.9,1493.2,Two year,No,Bank transfer (automatic),No
1602-IJQQE,0.6645734195709548,1,Medium Risk,4,75.35,338.1,Month-to-month,Fiber optic,Electronic check,Yes
4628-WQCQQ,0.2882987326370659,0,Low Risk,35,85.15,3030.6,One year,Fiber optic,Electronic check,Yes
1746-TGTWV,0.5164097629790992,1,Medium Risk,1,75.35,75.35,Month-to-month,Fiber optic,Credit card (automatic),No
5995-SNNEW,0.7132896994918763,1,High Risk,23,104.45,2184.85,Month-to-month,Fiber optic,Electronic check,No
8050-WYBND,0.23736360446915275,0,Low Risk,22,49.45,1031.4,One year,DSL,Credit card (automatic),No
2821-WARNZ,0.00864984525465688,0,Low Risk,49,19.45,921.3,One year,No,Credit card (automatic),No
4879-GZLFH,0.45802730977146805,0,Medium Risk,42,92.15,3875.4,Month-to-month,Fiber optic,Electronic check,No
1644-IRKSF,0.36242126830741966,0,Low Risk,33,93.8,3124.5,One year,Fiber optic,Electronic check,Yes
8314-HTWVE,0.03727005270726327,0,Low Risk,7,19.85,144.15,Two year,No,Mailed check,No
9402-ROUMJ,0.06946201936494785,0,Low Risk,67,100.25,6689.0,One year,Fiber optic,Bank transfer (automatic),No
2507-QZPQS,0.5141556647767727,1,Medium Risk,15,95.7,1451.1,Month-to-month,Fiber optic,Electronic check,No
7159-NOKYQ,0.11537566866686363,0,Low Risk,67,93.15,6368.2,Two year,Fiber optic,Electronic check,No
5707-ZMDJP,0.012975849813895298,0,Low Risk,53,69.7,3729.6,Two year,DSL,Mailed check,No
8779-YIQQA,0.036229853196979155,0,Low Risk,21,19.8,350.1,One year,No,Mailed check,No
7136-IHZJA,0.07089692479396151,0,Low Risk,40,71.35,2847.2,Month-to-month,DSL,Mailed check,No
8966-OIQHG,0.03245004684023545,0,Low Risk,22,20.75,452.35,One year,No,Bank transfer (automatic),No
7074-STDCN,0.24234647450691696,0,Low Risk,39,40.6,1494.5,Month-to-month,DSL,Electronic check,No
3705-PSNGL,0.029744367610390354,0,Low Risk,45,20.4,930.45,One year,No,Electronic check,Yes
8739-QOTTN,0.18637425090740967,0,Low Risk,2,20.35,41.85,Month-to-month,No,Mailed check,No
1399-OUPJN,0.003474320440327824,0,Low Risk,57,19.75,1272.05,Two year,No,Bank transfer (automatic),No
0277-BKSQP,0.4632722452698319,0,Medium Risk,8,54.4,475.1,Month-to-month,DSL,Electronic check,No
6502-HCJTI,0.5889897254301519,1,Medium Risk,7,94.7,673.1,Month-to-month,Fiber optic,Credit card (automatic),Yes
2606-RMDHZ,0.45969715283209445,0,Medium Risk,6,30.5,208.7,Month-to-month,DSL,Credit card (automatic),Yes
5774-XZTQC,0.12627532784179896,0,Low Risk,7,20.45,150.75,Month-to-month,No,Mailed check,No
2676-SSLTO,0.03836821818231991,0,Low Risk,49,66.15,3199.0,Two year,DSL,Bank transfer (automatic),No
6266-QHOJZ,0.07968116791665487,0,Low Risk,65,89.85,5844.65,One year,Fiber optic,Electronic check,No
7269-JISCY,0.0266162864608499,0,Low Risk,55,45.05,2462.6,One year,DSL,Bank transfer (automatic),No
0363-SVHYR,0.009577695279208244,0,Low Risk,71,86.85,6263.8,Two year,DSL,Bank transfer (automatic),No
8547-NSBBO,0.2412213885017201,0,Low Risk,35,96.75,3403.4,Month-to-month,Fiber optic,Mailed check,No
8258-GSTJK,0.7787454200728432,1,High Risk,3,77.0,237.75,Month-to-month,Fiber optic,Electronic check,Yes
6861-OKBCE,0.09624499052160569,0,Low Risk,11,20.1,221.35,Month-to-month,No,Credit card (automatic),Yes
9940-RHLFB,0.6097513533756658,1,Medium Risk,1,75.3,75.3,Month-to-month,Fiber optic,Electronic check,Yes
6591-QGOYB,0.3811363776212518,0,Low Risk,17,106.65,1672.1,Month-to-month,Fiber optic,Bank transfer (automatic),No
9070-BCKQP,0.05823225894402949,0,Low Risk,72,110.15,7881.2,Two year,Fiber optic,Credit card (automatic),No
6421-SZVEM,0.18375773886753685,0,Low Risk,28,82.85,2320.8,One year,Fiber optic,Bank transfer (automatic),No
1328-EUZHC,0.02802230269597939,0,Low Risk,18,20.1,370.5,Two year,No,Mailed check,No
2995-UPRYS,0.2205840420055254,0,Low Risk,40,99.2,4062.2,One year,Fiber optic,Credit card (automatic),Yes
8878-RYUKI,0.1574763497673266,0,Low Risk,52,59.45,3043.7,Month-to-month,DSL,Electronic check,No
9633-DENPU,0.11871961213356913,0,Low Risk,47,58.6,2723.4,Month-to-month,DSL,Bank transfer (automatic),No
7811-JIVPF,0.1606445192403199,0,Low Risk,23,49.7,1081.25,Month-to-month,DSL,Credit card (automatic),No
7113-HIPFI,0.0038543258680564766,0,Low Risk,66,65.85,4097.05,Two year,DSL,Mailed check,No
8541-QVFKM,0.7153612030695419,1,High Risk,8,73.5,632.2,Month-to-month,Fiber optic,Electronic check,No
6686-YPGHK,0.2126273910085998,0,Low Risk,47,85.5,4042.3,Month-to-month,Fiber optic,Mailed check,Yes
1383-EZRWL,0.15122370591008263,0,Low Risk,7,20.05,164.85,Month-to-month,No,Mailed check,Yes
9258-CNWAC,0.03101451460478956,0,Low Risk,71,113.65,8166.8,Two year,Fiber optic,Credit card (automatic),No
5371-VYLSX,0.2940542235791897,0,Low Risk,50,83.4,4113.7,Month-to-month,Fiber optic,Electronic check,No
6374-AFWOX,0.010550708854408602,0,Low Risk,46,65.65,3047.15,Two year,DSL,Mailed check,No
4759-TRPLW,0.6251937747119837,1,Medium Risk,1,70.4,70.4,Month-to-month,Fiber optic,Electronic check,Yes
5317-FLPJF,0.020283871119414792,0,Low Risk,66,61.35,4193.4,Two year,DSL,Bank transfer (automatic),No
7621-VPNET,0.2847208761097622,0,Low Risk,42,85.9,3729.75,Month-to-month,Fiber optic,Credit card (automatic),No
6034-YMTOB,0.5070796567488025,1,Medium Risk,5,75.65,399.45,Month-to-month,Fiber optic,Mailed check,No
8563-IIOXK,0.18949054417841352,0,Low Risk,7,49.75,331.3,One year,DSL,Electronic check,Yes
4903-CNOZC,0.1098535232781969,0,Low Risk,29,70.9,1964.6,One year,DSL,Credit card (automatic),No
4353-HYOJD,0.114386161973288,0,Low Risk,27,49.85,1336.15,Month-to-month,DSL,Mailed check,No
8020-BWHYL,0.4866986909605721,0,Medium Risk,15,75.3,1147.45,Month-to-month,Fiber optic,Credit card (automatic),Yes
7267-FRMJW,0.01614123478328245,0,Low Risk,25,20.1,486.05,Two year,No,Mailed check,No
2982-VPSGI,0.7892774434668832,1,High Risk,11,94.0,1078.9,Month-to-month,Fiber optic,Electronic check,Yes
4188-FRABG,0.24661321038390696,0,Low Risk,57,103.05,5925.75,Month-to-month,Fiber optic,Electronic check,No
8199-ZLLSA,0.11335871022408114,0,Low Risk,67,118.35,7804.15,One year,Fiber optic,Bank transfer (automatic),Yes
4128-ETESU,0.5175291532710008,1,Medium Risk,47,99.7,4747.2,Month-to-month,Fiber optic,Electronic check,No
0620-DLSLK,0.5889374198972028,1,Medium Risk,13,81.9,1028.9,Month-to-month,Fiber optic,Mailed check,No
4625-EWPTF,0.47794493495156226,0,Medium Risk,8,30.45,226.45,Month-to-month,DSL,Electronic check,Yes
5980-NOPLP,0.5999381591929647,1,Medium Risk,44,96.1,4364.1,Month-to-month,Fiber optic,Electronic check,Yes
3850-OKINF,0.03804059935906727,0,Low Risk,71,66.2,4692.55,One year,DSL,Electronic check,No
6892-XPFPU,0.7151468215175528,1,High Risk,24,104.25,2433.9,Month-to-month,Fiber optic,Electronic check,Yes
8010-EZLOU,0.6662817241305733,1,Medium Risk,15,80.2,1217.25,Month-to-month,Fiber optic,Electronic check,Yes
1156-ZFYDO,0.2462708597035101,0,Low Risk,1,19.75,19.75,Month-to-month,No,Electronic check,No
3295-YVUSR,0.7230365313911775,1,High Risk,2,72.6,154.3,Month-to-month,Fiber optic,Mailed check,No
8016-NCFVO,0.36489922138282166,0,Low Risk,55,116.5,6382.55,Month-to-month,Fiber optic,Electronic check,No
4119-ZYPZY,0.12692963946385172,0,Low Risk,71,106.8,7623.2,Two year,Fiber optic,Electronic check,No
5549-ZGHFB,0.007227790558604782,0,Low Risk,50,24.95,1261.45,Two year,No,Mailed check,No
7577-SWIFR,0.7887271894728496,1,High Risk,1,89.25,89.25,Month-to-month,Fiber optic,Electronic check,No
0303-WMMRN,0.2239003229432296,0,Low Risk,5,19.25,86.05,Month-to-month,No,Mailed check,No
6408-OTUBZ,0.07621303582470444,0,Low Risk,66,104.55,6779.05,One year,Fiber optic,Bank transfer (automatic),No
5204-HMGYF,0.03955950135365278,0,Low Risk,49,87.2,4345.0,One year,DSL,Mailed check,No
1078-TDCRN,0.630277513931088,1,Medium Risk,3,30.75,82.85,Month-to-month,DSL,Electronic check,No
3727-OVPRY,0.008711926617814142,0,Low Risk,66,25.7,1714.55,One year,No,Credit card (automatic),No
3797-FKOGQ,0.6139437338524489,1,Medium Risk,11,86.2,893.2,Month-to-month,Fiber optic,Electronic check,No
7622-NXQZR,0.20298241955950888,0,Low Risk,28,30.1,810.85,Month-to-month,DSL,Credit card (automatic),No
6196-HBOBZ,0.08590499362193646,0,Low Risk,65,99.35,6347.55,Two year,Fiber optic,Electronic check,No
3970-XGJDU,0.004480490851874029,0,Low Risk,62,19.2,1123.65,Two year,No,Credit card (automatic),No
7017-VFULY,0.17657809379243689,0,Low Risk,2,20.1,43.15,Month-to-month,No,Bank transfer (automatic),No
5562-YJQGT,0.16960439399941912,0,Low Risk,2,20.35,35.1,Month-to-month,No,Credit card (automatic),No
8807-OPMBM,0.007450281469084196,0,Low Risk,55,25.65,1388.0,Two year,No,Credit card (automatic),No
5439-WIKXB,0.5352454460359289,1,Medium Risk,41,94.55,3851.45,Month-to-month,Fiber optic,Electronic check,No
9874-QLCLH,0.616025788330098,1,Medium Risk,17,104.2,1743.5,Month-to-month,Fiber optic,Electronic check,Yes
8294-UIMBA,0.2587952007934822,0,Low Risk,30,94.4,2638.1,One year,Fiber optic,Bank transfer (automatic),No
8109-YUOHE,0.07575191551341955,0,Low Risk,17,56.1,946.95,One year,DSL,Mailed check,No
5840-NVDCG,0.029232284628594462,0,Low Risk,16,68.25,1114.85,Two year,DSL,Bank transfer (automatic),No
8092-NLTGF,0.0029944781787266768,0,Low Risk,72,24.75,1777.6,Two year,No,Bank transfer (automatic),No
5928-QLDHB,0.7119989321978146,1,High Risk,9,76.25,684.85,Month-to-month,Fiber optic,Electronic check,No
9840-EFJQB,0.5771842777031533,1,Medium Risk,1,74.35,74.35,Month-to-month,Fiber optic,Electronic check,No
0696-UKTOX,0.1306821301863502,0,Low Risk,23,54.15,1312.45,Month-to-month,DSL,Electronic check,No
4801-KFYKL,0.11410519396818566,0,Low Risk,8,19.45,159.2,Month-to-month,No,Bank transfer (automatic),No
3472-OAOOR,0.21694305066328867,0,Low Risk,19,34.95,610.2,Month-to-month,DSL,Mailed check,No
6135-OZQVA,0.4296193309205132,0,Medium Risk,7,53.65,404.35,Month-to-month,DSL,Electronic check,No
8062-YBDOE,0.7380372139383273,1,High Risk,1,69.65,69.65,Month-to-month,Fiber optic,Electronic check,Yes
2252-JHJGE,0.1791872683951182,0,Low Risk,61,104.0,6363.45,One year,Fiber optic,Electronic check,No
4188-PCPIG,0.012965213117140167,0,Low Risk,57,70.35,4124.65,Two year,DSL,Credit card (automatic),No
6000-APYLU,0.6986175210778288,1,Medium Risk,9,80.8,713.1,Month-to-month,Fiber optic,Electronic check,Yes
7105-BENQF,0.09326644971606678,0,Low Risk,15,64.85,950.75,One year,DSL,Mailed check,No
7721-DVEKZ,0.19049978474541984,0,Low Risk,1,19.65,19.65,Month-to-month,No,Mailed check,No
3566-VVORZ,0.24478445688368575,0,Low Risk,12,45.9,505.95,Month-to-month,DSL,Bank transfer (automatic),No
9507-HSMMZ,0.005281314162650881,0,Low Risk,54,20.0,1149.65,Two year,No,Mailed check,No
2480-SQIOB,0.35407944876773395,0,Low Risk,4,44.8,169.65,Month-to-month,DSL,Electronic check,No
0947-IDHRQ,0.6338689058520744,1,Medium Risk,7,80.3,526.7,Month-to-month,Fiber optic,Mailed check,Yes
7813-TKCVO,0.04682211459576106,0,Low Risk,20,20.35,393.15,One year,No,Mailed check,No
0128-MKWSG,0.12758593859631676,0,Low Risk,26,45.8,1147.0,Month-to-month,DSL,Mailed check,No
3672-YITQD,0.6104149868112881,1,Medium Risk,36,84.1,3021.6,Month-to-month,Fiber optic,Electronic check,Yes
4350-ZTLPI,0.19523691174424776,0,Low Risk,53,108.95,5718.2,One year,Fiber optic,Bank transfer (automatic),No
9048-JVYVF,0.5205999971476699,1,Medium Risk,3,69.35,191.35,Month-to-month,DSL,Electronic check,Yes
0361-HJRDX,0.011204144500351032,0,Low Risk,68,64.35,4539.6,Two year,DSL,Credit card (automatic),No
5727-MYATE,0.013289514871632775,0,Low Risk,72,90.8,6397.6,Two year,DSL,Credit card (automatic),No
3823-KYNQY,0.08095019676979849,0,Low Risk,12,24.95,280.4,One year,No,Credit card (automatic),No
8988-ECPJR,0.3802034597913656,0,Low Risk,34,79.6,2718.3,Month-to-month,Fiber optic,Mailed check,Yes
7570-WELNY,0.03689282403600621,0,Low Risk,68,84.7,5711.05,Two year,Fiber optic,Bank transfer (automatic),No
3021-VLNRJ,0.026489386489303005,0,Low Risk,50,70.8,3478.15,One year,DSL,Credit card (automatic),No
3776-EKTKM,0.7309711767381403,1,High Risk,1,36.45,36.45,Month-to-month,DSL,Electronic check,Yes
2080-CAZNM,0.6009480959981438,1,Medium Risk,41,104.4,4133.95,Month-to-month,Fiber optic,Electronic check,No
1028-FFNJK,0.638790396200187,1,Medium Risk,30,101.5,2917.65,Month-to-month,Fiber optic,Electronic check,No
6907-FLBER,0.45965749096340147,0,Medium Risk,1,54.3,54.3,Month-to-month,DSL,Electronic check,No
3001-UNBTL,0.6783883205141228,1,Medium Risk,29,103.95,2964.8,Month-to-month,Fiber optic,Electronic check,No
5982-PSMKW,0.05733677169263142,0,Low Risk,23,91.1,2198.3,Two year,DSL,Credit card (automatic),No
3507-GASNP,0.0031152918108440647,0,Low Risk,60,19.95,1189.9,Two year,No,Mailed check,No
7096-ZNBZI,0.0030113807603630973,0,Low Risk,72,26.45,1914.5,Two year,No,Credit card (automatic),No
1902-XBTFB,0.5066215484266087,1,Medium Risk,22,89.4,2001.5,Month-to-month,Fiber optic,Electronic check,Yes
1676-MQAOA,0.00788534599571385,0,Low Risk,72,75.1,5336.35,Two year,DSL,Bank transfer (automatic),No
0786-IVLAW,0.17025717296273032,0,Low Risk,66,108.1,7238.6,One year,Fiber optic,Bank transfer (automatic),No
7566-DSRLQ,0.11058065226432805,0,Low Risk,72,110.15,7998.8,Two year,Fiber optic,Electronic check,No
0643-OKLRP,0.27579368260448606,0,Low Risk,47,80.35,3825.85,Month-to-month,Fiber optic,Electronic check,Yes
7245-JMTTQ,0.28108035251183255,0,Low Risk,51,111.5,5703.25,One year,Fiber optic,Electronic check,No
6050-IJRHS,0.2074741786649528,0,Low Risk,70,106.5,7397.0,One year,Fiber optic,Electronic check,No
6202-JVYEU,0.1432967772004713,0,Low Risk,9,19.9,164.6,One year,No,Electronic check,No
8591-TKMZH,0.06449177625958051,0,Low Risk,59,111.1,6555.2,Two year,Fiber optic,Mailed check,No
0734-OXWBT,0.30202999908000855,0,Low Risk,3,70.7,225.65,Month-to-month,DSL,Mailed check,No
4282-ACRXS,0.2922620647787975,0,Low Risk,38,24.85,955.75,Month-to-month,DSL,Electronic check,No
0365-TRTPY,0.20783128044861165,0,Low Risk,37,91.2,3382.3,Month-to-month,Fiber optic,Bank transfer (automatic),No
7349-ALMUX,0.012913691035038038,0,Low Risk,37,65.6,2313.8,Two year,DSL,Bank transfer (automatic),No
9381-NDKME,0.39397236199577357,0,Low Risk,24,40.65,933.3,Month-to-month,DSL,Credit card (automatic),Yes
6502-KUGLL,0.08486544139164691,0,Low Risk,14,59.45,780.85,Month-to-month,DSL,Bank transfer (automatic),No
1841-YSJGV,0.05198324243987546,0,Low Risk,72,109.95,7852.4,Two year,Fiber optic,Credit card (automatic),No
2794-XIMMO,0.10607891140798727,0,Low Risk,53,60.45,3184.25,One year,DSL,Electronic check,Yes
8382-SHQEH,0.7663985948666618,1,High Risk,8,84.9,764.95,Month-to-month,Fiber optic,Electronic check,Yes
3511-BFTJW,0.00468449658303862,0,Low Risk,72,38.5,2763.0,Two year,DSL,Credit card (automatic),No
7668-XCFYV,0.7836273023599772,1,High Risk,17,92.55,1614.7,Month-to-month,Fiber optic,Electronic check,No
2983-ZANRP,0.5128563758835135,1,Medium Risk,2,73.55,145.4,Month-to-month,Fiber optic,Bank transfer (automatic),Yes
7845-URHJN,0.13870201042972752,0,Low Risk,8,20.15,156.25,Month-to-month,No,Bank transfer (automatic),Yes
3034-ZBEQN,0.04607967066126097,0,Low Risk,48,34.7,1604.5,One year,DSL,Mailed check,Yes
5018-HEKFO,0.23213244674508912,0,Low Risk,10,24.5,270.15,Month-to-month,No,Mailed check,No
2923-ARZLG,0.1310770467472117,0,Low Risk,0,19.7,0.0,One year,No,Mailed check,No
3976-NLDEZ,0.19393859740555047,0,Low Risk,1,20.6,20.6,Month-to-month,No,Mailed check,No
2282-YGNOR,0.035593272818562394,0,Low Risk,29,58.0,1734.5,One year,DSL,Credit card (automatic),No
5336-UFNZP,0.2659820033923033,0,Low Risk,65,107.45,7047.5,One year,Fiber optic,Electronic check,No
6854-EXGSF,0.28662481402581697,0,Low Risk,8,65.5,573.15,Month-to-month,DSL,Bank transfer (automatic),No
1241-EZFMJ,0.00511346079137162,0,Low Risk,61,25.45,1538.6,Two year,No,Bank transfer (automatic),No
9233-PSYHO,0.35039229885267625,0,Low Risk,45,100.15,4459.8,One year,Fiber optic,Bank transfer (automatic),No
5376-PCKNB,0.13811676811964446,0,Low Risk,72,104.45,7459.0,One year,Fiber optic,Credit card (automatic),No
8044-BGWPI,0.1927370691064407,0,Low Risk,12,21.15,306.05,Month-to-month,No,Electronic check,No
4060-LDNLU,0.7405617676127871,1,High Risk,7,96.2,639.7,Month-to-month,Fiber optic,Electronic check,No
3589-PPVKW,0.3622525126441037,0,Low Risk,9,44.4,348.15,Month-to-month,DSL,Mailed check,No
8327-LZKAS,0.38684771212178515,0,Low Risk,43,107.55,4533.9,One year,Fiber optic,Electronic check,Yes
5887-IKKYO,0.049206155023616784,0,Low Risk,58,94.35,5563.65,Two year,Fiber optic,Bank transfer (automatic),No
1075-BGWOH,0.7874308061525261,1,High Risk,16,98.75,1587.55,Month-to-month,Fiber optic,Electronic check,Yes
1755-RMCXH,0.1573168000026531,0,Low Risk,2,20.3,40.25,Month-to-month,No,Mailed check,No
0302-JOIVN,0.6308383732329285,1,Medium Risk,8,101.15,842.9,Month-to-month,Fiber optic,Electronic check,Yes
3858-XHYJO,0.20674558727938824,0,Low Risk,40,105.75,4228.55,One year,Fiber optic,Bank transfer (automatic),No
4299-SIMNS,0.6230285654847416,1,Medium Risk,9,81.15,784.45,Month-to-month,Fiber optic,Electronic check,No
7025-IWFHT,0.20821835843008388,0,Low Risk,41,89.55,3729.75,One year,Fiber optic,Electronic check,No
6261-LHRTG,0.17744166572510195,0,Low Risk,26,54.75,1406.9,Month-to-month,DSL,Credit card (automatic),No
7841-FCRQD,0.057871762973041446,0,Low Risk,33,53.75,1857.3,One year,DSL,Credit card (automatic),No
2056-EVGZL,0.0632003448674421,0,Low Risk,68,105.75,7322.5,One year,Fiber optic,Credit card (automatic),No
8777-MBMTS,0.06980880725931647,0,Low Risk,65,105.85,6725.5,Two year,Fiber optic,Credit card (automatic),No
7753-USQYQ,0.05376477357592362,0,Low Risk,55,64.2,3627.3,One year,DSL,Electronic check,No
5366-IJEQJ,0.6815638200175617,1,Medium Risk,20,88.7,1761.45,Month-to-month,Fiber optic,Electronic check,Yes
7661-CPURM,0.28534308175521,0,Low Risk,19,87.7,1725.95,One year,Fiber optic,Credit card (automatic),No
6233-HXJMX,0.4038271279190606,0,Medium Risk,45,89.3,4192.15,Month-to-month,Fiber optic,Credit card (automatic),No
5902-WBLSE,0.002580770990743669,0,Low Risk,70,20.15,1411.2,Two year,No,Credit card (automatic),No
1981-INRFU,0.740589143405765,1,High Risk,2,79.75,164.5,Month-to-month,Fiber optic,Electronic check,Yes
4971-PUYQO,0.6322671430584168,1,Medium Risk,27,94.55,2724.6,Month-to-month,Fiber optic,Mailed check,Yes
3239-TPHPZ,0.07213428801834011,0,Low Risk,12,20.05,264.55,Two year,No,Electronic check,No
5115-GZDEL,0.007693196427166261,0,Low Risk,72,67.2,4671.7,Two year,DSL,Credit card (automatic),No
3338-CVVEH,0.7146390292258883,1,High Risk,12,94.55,1173.55,Month-to-month,Fiber optic,Electronic check,No
8485-GJCDN,0.631334292912922,1,Medium Risk,5,69.05,318.5,Month-to-month,Fiber optic,Mailed check,Yes
2615-YVMYX,0.33972725302576345,0,Low Risk,71,107.5,7713.55,Month-to-month,Fiber optic,Electronic check,No
2851-STERV,0.16649753973117337,0,Low Risk,35,73.0,2471.25,One year,DSL,Electronic check,No
4393-GEADV,0.030838293254427253,0,Low Risk,70,114.75,7842.3,Two year,Fiber optic,Credit card (automatic),No
8486-AYEQH,0.5280904103600255,1,Medium Risk,31,76.05,2227.8,Month-to-month,Fiber optic,Electronic check,No
1527-SXDPN,0.08226689772210691,0,Low Risk,52,96.25,4990.25,Two year,Fiber optic,Bank transfer (automatic),Yes
6029-WTIPC,0.6735615339798878,1,Medium Risk,37,101.1,3744.05,Month-to-month,Fiber optic,Electronic check,Yes
8634-CILSZ,0.1375570608336092,0,Low Risk,69,104.7,7220.35,One year,Fiber optic,Bank transfer (automatic),Yes
5419-JKZNQ,0.4213249590814919,0,Medium Risk,30,77.9,2351.45,Month-to-month,Fiber optic,Mailed check,No
2495-KZNFB,0.4954986125225871,0,Medium Risk,33,90.65,2989.6,Month-to-month,Fiber optic,Electronic check,No
1409-PHXTF,0.19057872376069956,0,Low Risk,54,110.45,6077.75,Two year,Fiber optic,Electronic check,No
4560-WQAQW,0.023598552239641694,0,Low Risk,59,68.7,4070.95,One year,DSL,Bank transfer (automatic),No
9591-YVTEB,0.14038113865488894,0,Low Risk,55,44.85,2479.05,Month-to-month,DSL,Electronic check,No
9309-BZGNT,0.03332815860960684,0,Low Risk,69,29.8,2134.3,One year,DSL,Credit card (automatic),No
4274-DRSQT,0.13775439168745784,0,Low Risk,66,88.9,6000.1,One year,Fiber optic,Bank transfer (automatic),No
2027-DNKIV,0.03497046548523584,0,Low Risk,37,58.75,2203.1,One year,DSL,Mailed check,No
8075-GXIUB,0.08223803391564359,0,Low Risk,9,19.85,183.15,One year,No,Credit card (automatic),No
2885-HIJDH,0.012507228955974694,0,Low Risk,69,86.9,6194.1,Two year,DSL,Bank transfer (automatic),No
5424-RLQLC,0.3745317956130958,0,Low Risk,10,59.65,638.95,Month-to-month,DSL,Mailed check,No
6682-QJDGB,0.07051797566709878,0,Low Risk,40,55.25,2139.2,Month-to-month,DSL,Mailed check,Yes
6507-DTJZV,0.2842860748316877,0,Low Risk,13,66.4,831.75,Month-to-month,DSL,Credit card (automatic),No
8780-IXSTS,0.737483741712936,1,High Risk,6,90.1,521.3,Month-to-month,Fiber optic,Electronic check,Yes
7673-BQGKU,0.0018862233000236691,0,Low Risk,69,20.15,1337.5,Two year,No,Bank transfer (automatic),No
6723-WSNTY,0.16600246888348139,0,Low Risk,66,108.1,7181.95,One year,Fiber optic,Credit card (automatic),No
9530-EHPOH,0.3977616395163822,0,Low Risk,11,53.75,608.0,Month-to-month,DSL,Electronic check,Yes
2725-IWWBA,0.016663816264712625,0,Low Risk,46,56.9,2560.1,One year,DSL,Mailed check,No
0345-HKJVM,0.6854659119778255,1,Medium Risk,6,89.3,577.6,Month-to-month,Fiber optic,Electronic check,Yes
1061-PNTHC,0.22461705356000722,0,Low Risk,56,109.6,5953.0,Month-to-month,Fiber optic,Mailed check,No
0394-YONDK,0.002643009816616667,0,Low Risk,70,25.15,1790.15,Two year,No,Credit card (automatic),No
6574-MCOEH,0.17047575344066887,0,Low Risk,33,79.15,2531.4,One year,DSL,Electronic check,No
7399-QHBJS,0.004111924885448674,0,Low Risk,72,66.75,4760.3,Two year,DSL,Credit card (automatic),No
3049-SOLAY,0.8243360878676307,1,High Risk,3,95.2,292.85,Month-to-month,Fiber optic,Electronic check,Yes
0997-YTLNY,0.12517406366877876,0,Low Risk,19,48.8,953.65,Month-to-month,DSL,Mailed check,No
3317-HRTNN,0.6608599024490327,1,Medium Risk,5,45.7,198.0,Month-to-month,DSL,Electronic check,Yes
9479-HYNYL,0.016635681359441167,0,Low Risk,71,80.7,5705.05,Two year,DSL,Credit card (automatic),No
3235-ETOOB,0.561137282874532,1,Medium Risk,8,74.5,609.9,Month-to-month,Fiber optic,Electronic check,Yes
9708-KFDBY,0.17973573851888716,0,Low Risk,1,20.55,20.55,Month-to-month,No,Credit card (automatic),No
8058-INTPH,0.7465673959092243,1,High Risk,1,79.65,79.65,Month-to-month,Fiber optic,Electronic check,Yes
3642-GKTCT,0.13010382272602522,0,Low Risk,61,115.1,6993.65,One year,Fiber optic,Mailed check,No
0774-RMNUW,0.007585752630789834,0,Low Risk,71,59.7,4122.65,Two year,DSL,Bank transfer (automatic),No
1334-PDUKM,0.06677496948657946,0,Low Risk,68,86.45,5762.95,One year,Fiber optic,Credit card (automatic),No
0756-MPZRL,0.03782682713213428,0,Low Risk,46,33.7,1537.85,One year,DSL,Credit card (automatic),No
2242-MFOTG,0.14689525383577687,0,Low Risk,33,80.1,2603.3,One year,Fiber optic,Bank transfer (automatic),No
2927-CVULT,0.04968323021773148,0,Low Risk,53,104.05,5566.4,Two year,Fiber optic,Bank transfer (automatic),No
2144-BFDSO,0.2851328796090323,0,Low Risk,50,108.75,5431.9,Month-to-month,Fiber optic,Bank transfer (automatic),No
8745-PVESG,0.02398678149311841,0,Low Risk,57,41.1,2258.25,One year,DSL,Credit card (automatic),No
7647-GYYKX,0.005652023085781758,0,Low Risk,54,20.35,1092.35,Two year,No,Bank transfer (automatic),No
5647-FXOTP,0.49876649293032455,0,Medium Risk,60,105.9,6401.25,Month-to-month,Fiber optic,Electronic check,No
5569-OUICF,0.5512641326679371,1,Medium Risk,28,101.3,2812.2,Month-to-month,Fiber optic,Credit card (automatic),Yes
8821-XNHVZ,0.6333524303390379,1,Medium Risk,1,80.05,80.05,Month-to-month,Fiber optic,Mailed check,Yes
2082-OJVTK,0.5784043493643294,1,Medium Risk,29,89.2,2698.35,Month-to-month,Fiber optic,Electronic check,Yes
9700-ISPUP,0.31049692460961537,0,Low Risk,10,65.5,616.9,Month-to-month,DSL,Electronic check,No
9839-ETQOE,0.12397636514485585,0,Low Risk,43,40.45,1912.85,Month-to-month,DSL,Electronic check,No
6078-VESFR,0.4625301801140382,0,Medium Risk,13,70.45,849.1,Month-to-month,Fiber optic,Bank transfer (automatic),No
9027-TMATR,0.047659759065775804,0,Low Risk,43,78.8,3460.3,Two year,DSL,Electronic check,No
5940-NFXKV,0.6411060337866165,1,Medium Risk,19,83.65,1465.75,Month-to-month,Fiber optic,Electronic check,Yes
1941-HOSAM,0.7524936183720918,1,High Risk,1,90.1,90.1,Month-to-month,Fiber optic,Electronic check,No
9110-HSGTV,0.01367971265300656,0,Low Risk,69,82.45,5555.3,Two year,DSL,Credit card (automatic),No
0704-VCUMB,0.003441735714215393,0,Low Risk,61,20.25,1278.8,Two year,No,Credit card (automatic),No
6171-ZTVYB,0.05524293520034892,0,Low Risk,43,66.25,2907.35,Month-to-month,DSL,Bank transfer (automatic),No
8053-WWDRO,0.1513394534337891,0,Low Risk,6,19.5,146.3,Month-to-month,No,Bank transfer (automatic),Yes
9564-KCLHR,0.2736811201706899,0,Low Risk,1,51.25,51.25,Month-to-month,DSL,Mailed check,Yes
1935-IMVBB,0.2600654768694476,0,Low Risk,56,89.7,4952.95,Month-to-month,Fiber optic,Mailed check,No
2535-PBCGC,0.01049189668679454,0,Low Risk,70,64.55,4504.9,Two year,DSL,Bank transfer (automatic),No
2082-CEFLT,0.5268562154072511,1,Medium Risk,1,45.6,45.6,Month-to-month,DSL,Electronic check,Yes
1470-PSXNM,0.2413940454729471,0,Low Risk,49,93.65,4520.15,One year,Fiber optic,Electronic check,No
1213-NGCUN,0.2896092356114911,0,Low Risk,6,49.65,267.35,Month-to-month,DSL,Bank transfer (automatic),Yes
2498-XLDZR,0.01758945182645849,0,Low Risk,32,73.6,2316.85,Two year,DSL,Mailed check,No
9866-OCCKE,0.07635031676946213,0,Low Risk,72,109.75,8075.35,Two year,Fiber optic,Mailed check,No
5338-YHWYT,0.010492554587430732,0,Low Risk,37,61.45,2302.35,Two year,DSL,Credit card (automatic),No
7718-UPSKJ,0.07123319757818138,0,Low Risk,69,106.4,7251.9,One year,Fiber optic,Credit card (automatic),No
8731-WBBMB,0.16099022481941297,0,Low Risk,26,81.9,2078.55,Month-to-month,DSL,Bank transfer (automatic),No
1448-CYWKC,0.19410914195779602,0,Low Risk,58,105.2,6225.4,One year,Fiber optic,Credit card (automatic),No
7901-IIDQV,0.08685969956143226,0,Low Risk,24,54.6,1242.25,One year,DSL,Bank transfer (automatic),No
2690-DVRVK,0.10192354869571393,0,Low Risk,5,20.55,99.45,One year,No,Electronic check,No
5688-KZTSN,0.16873364648237668,0,Low Risk,15,20.0,288.05,Month-to-month,No,Electronic check,Yes
1270-XKUCC,0.012813778318984927,0,Low Risk,30,19.7,599.25,Two year,No,Mailed check,No
0334-ZFJSR,0.024428905528224836,0,Low Risk,55,66.05,3462.1,One year,DSL,Credit card (automatic),No
2894-QOJRX,0.3586586147891354,0,Low Risk,25,34.0,853.0,Month-to-month,DSL,Bank transfer (automatic),Yes
5747-PMBSQ,0.5186649401588131,1,Medium Risk,10,92.5,934.1,Month-to-month,Fiber optic,Mailed check,Yes
5583-EJXRD,0.02232193894973541,0,Low Risk,44,54.05,2375.2,Two year,DSL,Credit card (automatic),No
4565-EVZMJ,0.025572057090792705,0,Low Risk,47,58.9,2813.05,One year,DSL,Mailed check,No
3143-JQEGI,0.5903160565986721,1,Medium Risk,13,88.35,1222.8,Month-to-month,Fiber optic,Electronic check,Yes
6386-SZZKH,0.10248472077437412,0,Low Risk,49,107.95,5293.2,Two year,Fiber optic,Bank transfer (automatic),Yes
3327-YBAKM,0.09385572046960071,0,Low Risk,64,96.9,6314.35,One year,Fiber optic,Mailed check,No
9441-QHEVC,0.19374904304807308,0,Low Risk,1,19.1,19.1,Month-to-month,No,Mailed check,No
6705-LNMDD,0.1497062577723257,0,Low Risk,20,50.0,1003.05,Month-to-month,DSL,Mailed check,No
2580-ASVVY,0.04181717266337611,0,Low Risk,37,45.4,1593.1,Two year,DSL,Electronic check,No
3370-GQEAL,0.4716665285089106,0,Medium Risk,30,85.45,2509.95,Month-to-month,Fiber optic,Electronic check,No
5032-USPKF,0.07791065182111123,0,Low Risk,38,84.1,3187.65,One year,DSL,Bank transfer (automatic),No
2982-IHMFT,0.7254943136682922,1,High Risk,1,74.45,74.45,Month-to-month,Fiber optic,Mailed check,Yes
3521-SYVOR,0.30873736066629454,0,Low Risk,37,64.75,2345.2,Month-to-month,DSL,Electronic check,Yes
4254-QPEDE,0.01944784658724347,0,Low Risk,52,66.25,3330.1,Two year,DSL,Credit card (automatic),No
6283-GITPX,0.006771781994303728,0,Low Risk,71,76.9,5522.7,Two year,DSL,Credit card (automatic),No
9526-JAWYF,0.4377025956434846,0,Medium Risk,26,89.8,2335.3,Month-to-month,Fiber optic,Electronic check,Yes
0771-CHWSK,0.01773527345607524,0,Low Risk,66,74.6,4798.4,Two year,DSL,Credit card (automatic),No
9788-HNGUT,0.059305083353868485,0,Low Risk,72,116.95,8594.4,Two year,Fiber optic,Credit card (automatic),No
9495-REDIY,0.12865977979229204,0,Low Risk,25,40.65,970.55,One year,DSL,Credit card (automatic),No
5375-XLDOF,0.045820963156914,0,Low Risk,69,114.35,7665.8,Two year,Fiber optic,Bank transfer (automatic),No
1172-VIYBP,0.016025463822624802,0,Low Risk,53,69.7,3686.05,Two year,DSL,Bank transfer (automatic),No
5649-VUKMC,0.38737493098176756,0,Low Risk,12,95.5,1115.15,One year,Fiber optic,Mailed check,Yes
6559-PDZLR,0.5463037933474172,1,Medium Risk,26,98.65,2537.0,Month-to-month,Fiber optic,Electronic check,No
8992-OBVDG,0.2419432283575422,0,Low Risk,21,61.65,1393.6,Month-to-month,DSL,Mailed check,No
4273-MBHYA,0.744678765051022,1,High Risk,1,89.35,89.35,Month-to-month,Fiber optic,Electronic check,No
4724-WXVWF,0.3091294537500064,0,Low Risk,48,95.4,4445.3,Month-to-month,Fiber optic,Electronic check,No
5701-GUXDC,0.08524551674713007,0,Low Risk,26,35.4,978.6,One year,DSL,Credit card (automatic),No
1460-UZPRJ,0.004044492120114158,0,Low Risk,60,19.95,1258.15,Two year,No,Mailed check,No
6082-GLJIX,0.09627273479135887,0,Low Risk,18,19.25,331.35,Month-to-month,No,Mailed check,No
5143-EGQFK,0.49898600738221716,0,Medium Risk,10,29.65,291.4,Month-to-month,DSL,Electronic check,Yes
4919-IKATY,0.5934221346918253,1,Medium Risk,5,84.5,453.75,Month-to-month,Fiber optic,Electronic check,Yes
2495-TTHBQ,0.10710692360506893,0,Low Risk,4,20.4,84.75,One year,No,Mailed check,No
0485-ZBSLN,0.0033683142685353665,0,Low Risk,65,24.75,1715.1,Two year,No,Credit card (automatic),No
3810-PJUHR,0.0028483795928859247,0,Low Risk,70,25.35,1715.15,Two year,No,Mailed check,No
9050-QLROH,0.6000152627146336,1,Medium Risk,18,90.7,1597.25,Month-to-month,Fiber optic,Credit card (automatic),Yes
0847-HGRML,0.00266644450304774,0,Low Risk,62,20.0,1250.1,Two year,No,Bank transfer (automatic),No
8232-CTLKO,0.016641924659656082,0,Low Risk,66,59.75,3996.8,Two year,DSL,Electronic check,No
9227-YBAXE,0.015010824407377282,0,Low Risk,65,82.5,5215.1,Two year,DSL,Bank transfer (automatic),No
6168-WFVVF,0.7213167070659953,1,High Risk,3,70.3,235.5,Month-to-month,Fiber optic,Electronic check,Yes
9860-LISIZ,0.046798536359993224,0,Low Risk,34,20.35,673.2,Month-to-month,No,Mailed check,No
0112-QAWRZ,0.572619762933749,1,Medium Risk,16,90.8,1442.2,Month-to-month,Fiber optic,Bank transfer (automatic),No
0877-SDMBN,0.20194572277105424,0,Low Risk,54,103.95,5639.05,One year,Fiber optic,Bank transfer (automatic),Yes
2786-GCDPI,0.5013209743791828,1,Medium Risk,50,104.95,5222.35,Month-to-month,Fiber optic,Electronic check,No
4043-MKDTV,0.07796068731655756,0,Low Risk,71,105.25,7291.75,Two year,Fiber optic,Electronic check,No
8065-YKXKD,0.7024285100623276,1,High Risk,10,74.75,799.65,Month-to-month,Fiber optic,Electronic check,Yes
9637-EIHEQ,0.4270321454220063,0,Medium Risk,1,50.8,50.8,Month-to-month,DSL,Electronic check,Yes
9229-RQABD,0.06814968409541788,0,Low Risk,18,23.75,424.5,One year,No,Mailed check,No
8313-KTIHG,0.4581350925106403,0,Medium Risk,4,61.3,249.4,Month-to-month,DSL,Electronic check,No
5320-BRKGK,0.012109361155290207,0,Low Risk,58,75.8,4415.75,Two year,DSL,Mailed check,No
6284-KMNUF,0.24754672684579362,0,Low Risk,56,98.0,5270.6,One year,Fiber optic,Electronic check,No
9689-PTNPG,0.7437892593390687,1,High Risk,2,80.25,144.55,Month-to-month,Fiber optic,Electronic check,Yes
9465-RWMXL,0.527245920068461,1,Medium Risk,32,78.9,2447.95,Month-to-month,Fiber optic,Electronic check,Yes
6229-UOLQL,0.0290031518060456,0,Low Risk,56,52.0,2884.9,One year,DSL,Mailed check,No
2362-IBOOY,0.571485305926749,1,Medium Risk,36,84.75,3050.15,Month-to-month,Fiber optic,Electronic check,Yes
3137-LUPIX,0.44200860364195393,0,Medium Risk,4,64.4,253.0,Month-to-month,DSL,Mailed check,No
0843-WTBXE,0.2669120152805649,0,Low Risk,53,85.45,4517.25,Month-to-month,Fiber optic,Bank transfer (automatic),Yes
6143-JQKEA,0.3342745214724751,0,Low Risk,10,45.8,436.2,Month-to-month,DSL,Credit card (automatic),No
8676-OOQEJ,0.4414377926709031,0,Medium Risk,4,30.5,118.4,Month-to-month,DSL,Electronic check,No
5515-IDEJJ,0.16366797452849455,0,Low Risk,1,19.9,19.9,Month-to-month,No,Mailed check,Yes
9701-CDXHR,0.17456263085563936,0,Low Risk,51,69.15,3649.6,Month-to-month,Fiber optic,Mailed check,No
7450-NWRTR,0.8028385950643525,1,High Risk,12,99.45,1200.15,Month-to-month,Fiber optic,Electronic check,Yes
8124-NZVGJ,0.3686246135781881,0,Low Risk,6,49.25,255.6,One year,DSL,Mailed check,No
2162-FRZAA,0.007357599431590673,0,Low Risk,63,39.35,2395.05,Two year,DSL,Bank transfer (automatic),No
5376-DEQCP,0.7039438135674811,1,High Risk,1,70.6,70.6,Month-to-month,Fiber optic,Electronic check,Yes
5118-MUEYH,0.3521745208053946,0,Low Risk,48,105.1,5083.55,Month-to-month,Fiber optic,Credit card (automatic),No
9095-HFAFX,0.6287016541397109,1,Medium Risk,5,81.0,389.6,Month-to-month,Fiber optic,Credit card (automatic),Yes
5627-TVBPP,0.02412020863569267,0,Low Risk,35,20.1,644.5,One year,No,Credit card (automatic),No
2379-ENZGV,0.6835720998030153,1,Medium Risk,6,84.85,523.5,Month-to-month,Fiber optic,Electronic check,Yes
3936-QQFLL,0.18650651718112,0,Low Risk,2,19.75,39.3,Month-to-month,No,Mailed check,No
2589-AYCRP,0.010727903578115006,0,Low Risk,50,19.75,989.05,One year,No,Bank transfer (automatic),No
4067-HLYQI,0.3481265689457753,0,Low Risk,33,70.4,2406.1,Month-to-month,Fiber optic,Bank transfer (automatic),No
5124-EOGYE,0.015379575706182522,0,Low Risk,31,20.45,638.55,Two year,No,Mailed check,No
5057-RKGLH,0.03407598727042765,0,Low Risk,9,20.35,191.1,Two year,No,Mailed check,No
0292-WEGCH,0.1564788371141547,0,Low Risk,54,86.2,4524.05,Month-to-month,DSL,Electronic check,No
8910-ICHIU,0.13013362997733707,0,Low Risk,46,95.65,4664.2,One year,Fiber optic,Credit card (automatic),No
4097-YODCF,0.3085662811333127,0,Low Risk,34,103.8,3470.8,One year,Fiber optic,Electronic check,No
9715-WZCLW,0.08877498478036323,0,Low Risk,71,97.2,6910.3,Two year,Fiber optic,Electronic check,No
9786-YWNHU,0.004317909924681208,0,Low Risk,63,63.55,4014.2,Two year,DSL,Mailed check,No
6407-GSJNL,0.007768162756472078,0,Low Risk,51,24.95,1288.0,Two year,No,Bank transfer (automatic),No
6005-OBZPH,0.6382756407887431,1,Medium Risk,26,89.15,2277.65,Month-to-month,Fiber optic,Electronic check,Yes
4049-ZPALD,0.06831957861065029,0,Low Risk,64,99.0,6375.8,Two year,Fiber optic,Bank transfer (automatic),No
7932-WPTDS,0.6905632952441002,1,Medium Risk,1,24.8,24.8,Month-to-month,DSL,Electronic check,Yes
3733-UOCWF,0.10336648075030286,0,Low Risk,61,85.55,5251.75,One year,Fiber optic,Bank transfer (automatic),No
6833-JMZYP,0.609627675696371,1,Medium Risk,15,94.0,1505.45,Month-to-month,Fiber optic,Credit card (automatic),No
2722-VOJQL,0.15722702194577504,0,Low Risk,64,105.65,6903.1,One year,Fiber optic,Credit card (automatic),Yes
1310-QRITU,0.4241592676076493,0,Medium Risk,18,50.3,913.3,Month-to-month,DSL,Electronic check,No
8961-QDZZJ,0.2043066516122978,0,Low Risk,57,95.0,5535.8,One year,Fiber optic,Electronic check,No
9715-SBVSU,0.0632998760624646,0,Low Risk,14,61.4,815.55,Two year,DSL,Bank transfer (automatic),No
8490-BXHEO,0.5401467209678117,1,Medium Risk,18,80.55,1411.65,Month-to-month,Fiber optic,Credit card (automatic),No
7173-TETGO,0.02801513313290373,0,Low Risk,72,78.5,5602.25,Two year,Fiber optic,Bank transfer (automatic),No
7929-SKFGK,0.042171133402080334,0,Low Risk,70,114.3,8244.3,Two year,Fiber optic,Credit card (automatic),No
2300-RQGOI,0.010748645394374179,0,Low Risk,38,20.05,741.5,Two year,No,Mailed check,No
3563-SVYLG,0.003382278324611238,0,Low Risk,68,62.65,4375.8,Two year,DSL,Credit card (automatic),No
5228-EXCET,0.6691339424235503,1,Medium Risk,13,80.85,1008.7,Month-to-month,Fiber optic,Electronic check,Yes
6435-VWCCY,0.06375742543792653,0,Low Risk,65,92.7,5968.4,Two year,Fiber optic,Credit card (automatic),No
4998-IKFSE,0.5949736392909548,1,Medium Risk,30,100.45,3096.9,Month-to-month,Fiber optic,Electronic check,No
8630-QSGXK,0.051168073411672794,0,Low Risk,51,75.2,3901.25,Two year,DSL,Bank transfer (automatic),No
2455-USLMV,0.33473323724011633,0,Low Risk,31,84.75,2613.4,Month-to-month,Fiber optic,Credit card (automatic),No
7394-FKDNK,0.6703082522377014,1,Medium Risk,9,89.45,853.1,Month-to-month,Fiber optic,Electronic check,Yes
9488-FVZCC,0.009042253218413008,0,Low Risk,72,79.5,5661.7,Two year,DSL,Bank transfer (automatic),No
6331-LWDTQ,0.5276680528142038,1,Medium Risk,10,72.15,794.25,Month-to-month,DSL,Credit card (automatic),Yes
5995-WWKKG,0.041262953194929175,0,Low Risk,37,19.8,695.05,One year,No,Electronic check,No
1597-FZREH,0.42218407689100157,0,Medium Risk,2,76.4,160.8,Month-to-month,DSL,Electronic check,Yes
7879-CGSFV,0.1445208373724804,0,Low Risk,55,100.9,5552.05,One year,Fiber optic,Mailed check,No
9921-EZKBY,0.3563802052085679,0,Low Risk,33,95.3,3275.15,Month-to-month,Fiber optic,Bank transfer (automatic),No
7432-FFVAR,0.08836505233770878,0,Low Risk,46,90.95,4236.6,One year,Fiber optic,Bank transfer (automatic),No
7246-ZGQDF,0.21043356788079365,0,Low Risk,1,54.5,54.5,Month-to-month,DSL,Electronic check,No
7000-WCEVQ,0.422891238050265,0,Medium Risk,20,61.6,1174.35,Month-to-month,DSL,Mailed check,Yes
0727-IWKVK,0.6056069531203503,1,Medium Risk,9,79.9,741.7,Month-to-month,Fiber optic,Electronic check,Yes
5959-BELXA,0.6060325881697206,1,Medium Risk,32,96.15,3019.25,Month-to-month,Fiber optic,Credit card (automatic),Yes
4456-RHSNB,0.21821225540699582,0,Low Risk,19,49.6,962.9,Month-to-month,DSL,Bank transfer (automatic),No
3512-IZIKN,0.0065217249022031815,0,Low Risk,70,65.3,4759.75,Two year,DSL,Credit card (automatic),Yes
2481-SBOYW,0.005491509016944354,0,Low Risk,61,25.0,1498.35,Two year,No,Credit card (automatic),No
7109-MFBYV,0.21677799399533867,0,Low Risk,26,45.45,1233.15,Month-to-month,DSL,Electronic check,No
1833-TCXKK,0.47118417187184986,0,Medium Risk,45,107.75,4882.8,Month-to-month,Fiber optic,Bank transfer (automatic),No
1832-PEUTS,0.07730377830176285,0,Low Risk,62,89.1,5411.65,Two year,Fiber optic,Credit card (automatic),No
6141-OOXUQ,0.1938185299653763,0,Low Risk,1,19.65,19.65,Month-to-month,No,Mailed check,Yes
8660-BUETV,0.33234758571603745,0,Low Risk,3,44.75,148.05,Month-to-month,DSL,Mailed check,No
0580-PIQHM,0.15289160294008347,0,Low Risk,41,101.6,3930.55,One year,Fiber optic,Bank transfer (automatic),No
5696-CEIQJ,0.03371668823561594,0,Low Risk,67,103.15,6895.5,Two year,Fiber optic,Bank transfer (automatic),No
7503-ZGUZJ,0.7425754860875251,1,High Risk,1,84.65,84.65,Month-to-month,Fiber optic,Mailed check,Yes
1696-HXOWK,0.06911112140058583,0,Low Risk,71,95.65,6856.95,One year,Fiber optic,Mailed check,No
3026-ATZYV,0.047685541871675396,0,Low Risk,37,75.1,2658.8,One year,DSL,Bank transfer (automatic),No
4012-YCFAI,0.00923539363390168,0,Low Risk,60,61.35,3766.2,Two year,DSL,Mailed check,No
2506-TNFCO,0.7376657392122495,1,High Risk,1,69.55,69.55,Month-to-month,Fiber optic,Electronic check,Yes
9970-QBCDA,0.14491637320009337,0,Low Risk,6,19.7,129.55,Month-to-month,No,Credit card (automatic),No
8718-PTMEZ,0.47661453249062385,0,Medium Risk,13,31.05,347.25,Month-to-month,DSL,Electronic check,Yes
9496-IVVRP,0.15339198320552946,0,Low Risk,11,51.0,581.7,Month-to-month,DSL,Bank transfer (automatic),No
2207-OBZNX,0.29199558863570746,0,Low Risk,7,51.0,354.05,Month-to-month,DSL,Mailed check,Yes
2657-VPXTA,0.6954877248338354,1,Medium Risk,10,88.85,929.45,Month-to-month,Fiber optic,Electronic check,No
6551-VLJMV,0.012363313524171105,0,Low Risk,34,20.05,679.0,Two year,No,Credit card (automatic),No
1221-GHZEP,0.012019365422303625,0,Low Risk,62,65.1,3846.75,Two year,DSL,Mailed check,No
9289-LBQVU,0.041016346564982105,0,Low Risk,64,70.15,4480.7,One year,DSL,Mailed check,No
6142-VSJQO,0.3740009696692439,0,Low Risk,1,44.35,44.35,Month-to-month,DSL,Bank transfer (automatic),Yes
3458-IDMFK,0.029217282488122633,0,Low Risk,25,20.75,499.4,Two year,No,Mailed check,No
6933-FHBZC,0.11039242459863995,0,Low Risk,26,56.05,1553.2,One year,DSL,Mailed check,No
0221-NAUXK,0.07967766746383849,0,Low Risk,10,19.95,219.5,One year,No,Bank transfer (automatic),No
9770-KXGQU,0.10858484000114686,0,Low Risk,53,98.6,5311.85,One year,Fiber optic,Mailed check,No
6437-UKHMV,0.7091544140771169,1,High Risk,7,79.7,586.05,Month-to-month,Fiber optic,Electronic check,Yes
6538-POCHL,0.3065293487335772,0,Low Risk,33,79.0,2576.8,Month-to-month,Fiber optic,Credit card (automatic),No
6726-NNFWD,0.039796473981630755,0,Low Risk,71,89.45,6435.25,Two year,Fiber optic,Credit card (automatic),No
3002-WQZWT,0.5394728481605225,1,Medium Risk,29,74.2,1993.25,Month-to-month,Fiber optic,Electronic check,No
4277-UDIEF,0.1535258759798241,0,Low Risk,24,81.0,1923.85,Month-to-month,DSL,Bank transfer (automatic),No
1208-NBVFH,0.28523794550133696,0,Low Risk,20,49.6,939.8,Month-to-month,DSL,Electronic check,No
4912-PIGUY,0.7967431932426349,1,High Risk,1,84.6,84.6,Month-to-month,Fiber optic,Electronic check,No
1114-CENIM,0.07882734527310539,0,Low Risk,54,55.0,3092.65,Month-to-month,DSL,Credit card (automatic),Yes
6060-DRTNL,0.6747558525419224,1,Medium Risk,5,84.85,415.55,Month-to-month,Fiber optic,Mailed check,Yes
2725-TTRIQ,0.014420241537275068,0,Low Risk,72,84.2,5986.55,Two year,DSL,Bank transfer (automatic),No
3374-TTZTK,0.08700944412473605,0,Low Risk,52,106.3,5487.0,Two year,Fiber optic,Electronic check,No
8990-ZXLSU,0.5533104130896151,1,Medium Risk,9,69.05,651.5,Month-to-month,Fiber optic,Electronic check,No
2275-RBYQS,0.43976968662851196,0,Medium Risk,1,45.4,45.4,Month-to-month,DSL,Mailed check,No
8473-VUVJN,0.7892977721293732,1,High Risk,1,73.65,73.65,Month-to-month,Fiber optic,Electronic check,Yes
6289-CPNLD,0.0993166889845335,0,Low Risk,33,73.9,2405.05,One year,DSL,Mailed check,Yes
5536-SLHPM,0.34958102985133466,0,Low Risk,55,77.75,4458.15,Month-to-month,Fiber optic,Electronic check,Yes
4419-UJMUS,0.10063041004838028,0,Low Risk,69,99.35,6856.45,Two year,Fiber optic,Electronic check,No
7794-JASDG,0.3437852322299555,0,Low Risk,1,50.75,50.75,Month-to-month,DSL,Mailed check,No
7609-YBPXG,0.023256648460412307,0,Low Risk,54,87.1,4735.2,Two year,DSL,Bank transfer (automatic),No
5519-TEEUH,0.030140478042706805,0,Low Risk,33,20.15,682.15,One year,No,Mailed check,No
7856-GANIL,0.2083024979090562,0,Low Risk,45,98.7,4525.8,One year,Fiber optic,Bank transfer (automatic),No
0804-XBFBV,0.3970950803713488,0,Low Risk,11,25.2,321.05,Month-to-month,DSL,Electronic check,No
2676-OXPPQ,0.252823790335297,0,Low Risk,6,55.7,335.65,Month-to-month,DSL,Bank transfer (automatic),No
3703-TTEPD,0.16391241649907068,0,Low Risk,21,65.35,1424.4,Month-to-month,DSL,Bank transfer (automatic),No
2799-TSLAG,0.004968221958402719,0,Low Risk,65,25.3,1748.55,Two year,No,Bank transfer (automatic),No
0196-VULGZ,0.797357097501884,1,High Risk,6,84.35,474.9,Month-to-month,Fiber optic,Electronic check,Yes
8837-VVWLQ,0.5140970996420555,1,Medium Risk,8,84.95,668.4,Month-to-month,Fiber optic,Electronic check,Yes
2696-NARTR,0.5480228271926779,1,Medium Risk,11,73.85,926.25,Month-to-month,Fiber optic,Electronic check,Yes
2208-NKVVH,0.009936646181561759,0,Low Risk,43,24.25,1077.95,Two year,No,Mailed check,No
7614-QVWQL,0.0933645383596373,0,Low Risk,49,51.8,2541.25,One year,DSL,Bank transfer (automatic),Yes
1976-CFOCS,0.4698688104858863,0,Medium Risk,1,46.0,46.0,Month-to-month,DSL,Electronic check,Yes
4631-OACRM,0.6865735823912829,1,Medium Risk,15,79.4,1156.1,Month-to-month,Fiber optic,Electronic check,Yes
7139-JZFVG,0.006530601722630633,0,Low Risk,60,60.5,3694.45,Two year,DSL,Bank transfer (automatic),No
4987-GQWPO,0.2908163886495259,0,Low Risk,17,25.1,382.8,Month-to-month,DSL,Credit card (automatic),No
3755-JBMNH,0.5369197071157567,1,Medium Risk,16,71.8,1167.8,Month-to-month,Fiber optic,Bank transfer (automatic),Yes
1757-TCATG,0.018298295623451036,0,Low Risk,35,20.05,746.75,One year,No,Bank transfer (automatic),No
6345-ULYRW,0.21137556816854441,0,Low Risk,44,88.4,3912.9,One year,Fiber optic,Mailed check,Yes
4776-XSKYQ,0.1273005738520205,0,Low Risk,12,30.25,368.85,One year,DSL,Credit card (automatic),No
8048-DSDFQ,0.1938880358106986,0,Low Risk,1,20.2,20.2,Month-to-month,No,Mailed check,No
5753-QQWPW,0.0689696957113927,0,Low Risk,28,59.9,1654.7,One year,DSL,Electronic check,No
6010-DDPPW,0.0035296180403358245,0,Low Risk,70,25.15,1940.85,Two year,No,Bank transfer (automatic),No
1809-DMJHQ,0.26717351810351747,0,Low Risk,5,46.0,221.7,Month-to-month,DSL,Mailed check,Yes
6693-FRIRW,0.45700794578950454,0,Medium Risk,18,101.3,1794.65,Month-to-month,Fiber optic,Credit card (automatic),No
6586-MYGKD,0.017486566078547674,0,Low Risk,70,76.95,5289.8,Two year,DSL,Credit card (automatic),No
3173-NVMPX,0.3430861951332931,0,Low Risk,9,55.3,501.2,Month-to-month,DSL,Mailed check,No
0248-PGHBZ,0.03141200868763211,0,Low Risk,67,92.45,6140.85,Two year,Fiber optic,Bank transfer (automatic),No
0623-GDISB,0.3239115605448956,0,Low Risk,1,48.45,48.45,Month-to-month,DSL,Bank transfer (automatic),No
2892-GESUL,0.022151549583380902,0,Low Risk,18,19.35,309.25,Two year,No,Mailed check,No
6923-EFPNL,0.3720656767098723,0,Low Risk,4,51.75,201.1,Month-to-month,DSL,Credit card (automatic),Yes
7472-EQOAV,0.04499346966993657,0,Low Risk,71,86.7,6179.35,One year,Fiber optic,Bank transfer (automatic),No
9574-RKJIF,0.434452207194107,0,Medium Risk,30,94.4,2838.7,Month-to-month,Fiber optic,Electronic check,Yes
2043-WVTQJ,0.25987638337921126,0,Low Risk,1,55.7,55.7,Month-to-month,DSL,Mailed check,No
8034-RYTVV,0.10534474697512987,0,Low Risk,55,84.25,4589.85,One year,Fiber optic,Credit card (automatic),No
3863-QSTYI,0.09676866312383213,0,Low Risk,59,64.65,3735.45,Month-to-month,DSL,Electronic check,No
2619-WFQWU,0.6312775349591371,1,Medium Risk,1,70.15,70.15,Month-to-month,Fiber optic,Mailed check,Yes
5044-LRQAQ,0.5687952934963422,1,Medium Risk,7,69.2,477.55,Month-to-month,Fiber optic,Bank transfer (automatic),No
1716-LSAMB,0.009209411515612711,0,Low Risk,45,54.65,2553.7,Two year,DSL,Bank transfer (automatic),No
1333-PBMXB,0.014888200879950143,0,Low Risk,54,24.75,1342.15,One year,No,Bank transfer (automatic),No
6546-OPBBH,0.018360417720697186,0,Low Risk,51,23.95,1216.35,One year,No,Mailed check,No
5985-BEHZK,0.13898083923974433,0,Low Risk,72,105.0,7578.05,One year,Fiber optic,Credit card (automatic),No
9127-QRZMH,0.027664167782356062,0,Low Risk,44,59.85,2603.95,One year,DSL,Bank transfer (automatic),No
5919-VCZYM,0.18665973227069182,0,Low Risk,2,20.05,42.7,Month-to-month,No,Mailed check,No
9644-KVCNC,0.15657736833695424,0,Low Risk,66,92.15,6056.9,One year,Fiber optic,Bank transfer (automatic),No
2137-DQMEV,0.01613098153301089,0,Low Risk,68,44.8,2983.65,One year,DSL,Mailed check,No
8174-LNWMW,0.013908414605039315,0,Low Risk,31,20.9,689.35,Two year,No,Credit card (automatic),No
9279-CJEOJ,0.6828031575730097,1,Medium Risk,21,95.4,2025.1,Month-to-month,Fiber optic,Bank transfer (automatic),No
7964-VEXDG,0.37990903193644077,0,Low Risk,21,80.35,1747.2,Month-to-month,Fiber optic,Electronic check,No
2404-JIBFC,0.025039665032858285,0,Low Risk,55,85.1,4657.95,Two year,DSL,Bank transfer (automatic),No
0778-NELLA,0.5235755782709595,1,Medium Risk,9,34.7,296.1,Month-to-month,DSL,Credit card (automatic),Yes
8029-XYPWT,0.0642141234944003,0,Low Risk,71,115.05,8016.6,Two year,Fiber optic,Bank transfer (automatic),No
4614-NUVZD,0.7469441041030648,1,High Risk,1,81.1,81.1,Month-to-month,Fiber optic,Electronic check,Yes
4632-PAOYU,0.03513958678630946,0,Low Risk,22,19.95,433.5,One year,No,Mailed check,No
3803-KMQFW,0.1608334762003624,0,Low Risk,1,20.55,20.55,Month-to-month,No,Mailed check,Yes
6804-GDMOI,0.14979715388931078,0,Low Risk,61,106.6,6428.4,Two year,Fiber optic,Electronic check,Yes
2990-OGYTD,0.02005078395360304,0,Low Risk,67,86.15,5883.85,Two year,DSL,Bank transfer (automatic),No
6646-JPPHA,0.3992249945119315,0,Low Risk,14,78.85,1043.8,Month-to-month,Fiber optic,Electronic check,No
9572-MTILT,0.2425864778437938,0,Low Risk,59,106.75,6252.9,Month-to-month,Fiber optic,Electronic check,Yes
7658-UYUQS,0.46207724756758234,0,Medium Risk,21,86.55,1857.25,Month-to-month,Fiber optic,Bank transfer (automatic),No
7880-XSOJX,0.23828068318655496,0,Low Risk,4,42.4,146.4,Month-to-month,DSL,Mailed check,No
9611-CTWIH,0.7735741271999563,1,High Risk,3,89.45,240.45,Month-to-month,Fiber optic,Electronic check,Yes
4589-IUAJB,0.003344309261848559,0,Low Risk,70,24.25,1724.15,Two year,No,Bank transfer (automatic),No
0329-GTIAJ,0.6649200403488804,1,Medium Risk,3,97.9,315.3,Month-to-month,Fiber optic,Electronic check,Yes
8746-BFOAJ,0.04870552172428883,0,Low Risk,21,20.5,429.55,One year,No,Bank transfer (automatic),No
8457-XIGKN,0.11348961548184383,0,Low Risk,20,19.6,356.15,Month-to-month,No,Credit card (automatic),No
6072-NUQCB,0.033404646563153166,0,Low Risk,22,20.25,488.25,One year,No,Bank transfer (automatic),No
6629-CZTTH,0.49883788495401893,0,Medium Risk,1,55.7,55.7,Month-to-month,DSL,Mailed check,Yes
8838-GPHZP,0.004876871993583589,0,Low Risk,63,20.6,1298.7,Two year,No,Mailed check,No
8750-QWZAJ,0.00180807154829357,0,Low Risk,70,19.8,1378.75,Two year,No,Bank transfer (automatic),No
5364-EVNIB,0.5639012549780666,1,Medium Risk,13,79.8,973.45,Month-to-month,Fiber optic,Electronic check,Yes
6918-UMQCG,0.6389311458869589,1,Medium Risk,5,80.2,384.25,Month-to-month,Fiber optic,Electronic check,No
0675-NCDYU,0.04636184739729334,0,Low Risk,72,116.4,8543.25,Two year,Fiber optic,Credit card (automatic),No
6339-DKLMK,0.47933436033809573,0,Medium Risk,13,31.65,389.95,Month-to-month,DSL,Electronic check,No
1346-PJWTK,0.11635766616447844,0,Low Risk,61,94.15,5731.85,Month-to-month,Fiber optic,Credit card (automatic),No
5088-QZLRL,0.2503974143850995,0,Low Risk,1,20.65,20.65,Month-to-month,No,Electronic check,No
8023-QHAIO,0.2140866940710422,0,Low Risk,56,76.85,4275.75,Month-to-month,Fiber optic,Bank transfer (automatic),No
4397-FRLTA,0.16971483609061072,0,Low Risk,4,20.15,84.5,Month-to-month,No,Mailed check,No
3057-VJJQE,0.03319705005950643,0,Low Risk,35,55.25,1924.1,Two year,DSL,Mailed check,No
5087-SUURX,0.5223376629810748,1,Medium Risk,18,39.05,669.85,Month-to-month,DSL,Electronic check,Yes
2302-OUZXB,0.022479512810697967,0,Low Risk,72,82.15,5784.3,Two year,DSL,Bank transfer (automatic),No
8133-ANHHJ,0.09710196319842573,0,Low Risk,49,103.0,5166.2,One year,Fiber optic,Bank transfer (automatic),No
2270-CHBFN,0.17490015055151495,0,Low Risk,44,95.1,4060.55,Month-to-month,Fiber optic,Credit card (automatic),No
0013-EXCHZ,0.6178846323301885,1,Medium Risk,3,83.9,267.4,Month-to-month,Fiber optic,Mailed check,Yes
5982-FPVQN,0.4758124144747064,0,Medium Risk,37,95.15,3532.85,Month-to-month,Fiber optic,Electronic check,No
9107-UKCKY,0.11810225448214097,0,Low Risk,61,79.8,4914.8,One year,DSL,Electronic check,No
4654-ULTTN,0.013675976355360029,0,Low Risk,70,74.8,5315.8,Two year,DSL,Credit card (automatic),No
5550-VFRLC,0.7339143552620607,1,High Risk,1,69.85,69.85,Month-to-month,Fiber optic,Electronic check,Yes
5546-BYZSM,0.046206830002458225,0,Low Risk,41,20.45,775.6,Month-to-month,No,Electronic check,No
1492-KGETH,0.012513355025202299,0,Low Risk,70,78.35,5445.95,One year,DSL,Bank transfer (automatic),No
4929-BSTRX,0.4928540006584181,0,Medium Risk,1,53.55,53.55,Month-to-month,DSL,Mailed check,Yes
4163-HFTUK,0.015418576126353608,0,Low Risk,51,19.1,1007.8,One year,No,Electronic check,No
8215-NGSPE,0.007282036690109541,0,Low Risk,42,20.0,833.55,Two year,No,Mailed check,No
2225-ZRGSG,0.015059094632366831,0,Low Risk,70,93.9,6579.05,Two year,Fiber optic,Bank transfer (automatic),Yes
8859-YSTWS,0.012200507827078955,0,Low Risk,48,19.95,1004.5,One year,No,Bank transfer (automatic),No
5271-YNWVR,0.07289145969820907,0,Low Risk,68,113.15,7856.0,Two year,Fiber optic,Electronic check,Yes
7601-DHFWZ,0.008606876658688069,0,Low Risk,48,24.0,1183.05,Two year,No,Credit card (automatic),No
2657-ALMWY,0.4754722039864403,0,Medium Risk,26,84.95,2169.75,Month-to-month,Fiber optic,Electronic check,Yes
6330-JKLPC,0.5740080415408636,1,Medium Risk,11,80.5,896.9,Month-to-month,Fiber optic,Bank transfer (automatic),Yes
4667-OHGKG,0.2592337223936494,0,Low Risk,1,19.3,19.3,Month-to-month,No,Mailed check,Yes
1998-VHJHK,0.03312729212304838,0,Low Risk,27,19.15,501.35,One year,No,Mailed check,No
1707-HABPF,0.1932807722391467,0,Low Risk,46,91.3,4126.35,One year,Fiber optic,Bank transfer (automatic),No
1660-HSOOQ,0.4340738429944198,0,Medium Risk,1,49.65,49.65,Month-to-month,DSL,Mailed check,Yes
7253-UVNDW,0.014563082050845614,0,Low Risk,46,54.35,2460.15,Two year,DSL,Credit card (automatic),Yes
0487-VVUVK,0.0831481176366581,0,Low Risk,25,19.15,477.6,Month-to-month,No,Mailed check,No
7228-OMTPN,0.7736838004131131,1,High Risk,4,88.45,370.65,Month-to-month,Fiber optic,Electronic check,Yes
5063-IUOKK,0.03527765718706031,0,Low Risk,13,19.75,265.75,Two year,No,Mailed check,No
4508-OEBEY,0.05833108256382871,0,Low Risk,31,75.5,2424.45,One year,DSL,Credit card (automatic),No
0027-KWYKW,0.609084021494916,1,Medium Risk,23,83.75,1849.95,Month-to-month,Fiber optic,Electronic check,No
2308-STERM,0.18406184060408096,0,Low Risk,2,19.4,61.05,Month-to-month,No,Mailed check,No
5982-XMDEX,0.004147382588029006,0,Low Risk,65,26.5,1698.55,Two year,No,Bank transfer (automatic),No
6284-AHOOQ,0.5281003732744731,1,Medium Risk,22,90.5,1910.6,Month-to-month,Fiber optic,Bank transfer (automatic),Yes
6051-PTVNS,0.006577046801792323,0,Low Risk,55,19.15,998.1,One year,No,Credit card (automatic),No
2344-JMOGN,0.49215641799539217,0,Medium Risk,9,94.85,890.6,Month-to-month,Fiber optic,Mailed check,Yes
3799-ISUZQ,0.5214989609693533,1,Medium Risk,7,69.95,529.5,Month-to-month,Fiber optic,Bank transfer (automatic),Yes
2877-VDUER,0.07090442177096984,0,Low Risk,35,40.9,1383.6,One year,DSL,Mailed check,No
9152-AMKAK,0.1076125782496301,0,Low Risk,6,80.25,493.4,Two year,DSL,Mailed check,No
1794-HBQTJ,0.3179802815483609,0,Low Risk,1,48.6,48.6,Month-to-month,DSL,Credit card (automatic),Yes
9432-VOFYX,0.5818416190401837,1,Medium Risk,17,70.8,1207.0,Month-to-month,Fiber optic,Electronic check,No
8049-WJCLQ,0.27316506501673554,0,Low Risk,10,60.2,563.5,Month-to-month,DSL,Mailed check,No
6586-PSJOX,0.07198473985247325,0,Low Risk,15,55.2,864.55,One year,DSL,Credit card (automatic),No
2460-FPSYH,0.28393117506370963,0,Low Risk,40,55.8,2109.35,Month-to-month,DSL,Electronic check,Yes
9705-ZJBCG,0.05471020986693948,0,Low Risk,13,54.15,701.05,One year,DSL,Bank transfer (automatic),No
4818-DRBQT,0.4239207774883663,0,Medium Risk,29,80.15,2265.25,Month-to-month,Fiber optic,Bank transfer (automatic),Yes
1320-HTRDR,0.7470376157915768,1,High Risk,3,75.5,220.6,Month-to-month,Fiber optic,Electronic check,Yes
6847-KJLTS,0.3514386248169026,0,Low Risk,58,100.4,5749.8,Month-to-month,Fiber optic,Bank transfer (automatic),No
9670-BPNXF,0.025803990307081342,0,Low Risk,45,62.55,2796.45,One year,DSL,Credit card (automatic),No
3913-FCUUW,0.006481568197541262,0,Low Risk,72,70.45,5165.7,Two year,DSL,Bank transfer (automatic),No
3301-VKTGC,0.05533170993652156,0,Low Risk,68,85.5,5696.6,One year,Fiber optic,Bank transfer (automatic),No
1493-AMTIE,0.24687104896873033,0,Low Risk,1,20.2,20.2,Month-to-month,No,Bank transfer (automatic),Yes
9555-SAHUZ,0.07313718703929768,0,Low Risk,38,54.5,2076.05,Month-to-month,DSL,Electronic check,No
0816-TSPHQ,0.18677574651271106,0,Low Risk,2,20.75,44.2,Month-to-month,No,Mailed check,No
9932-WBWIK,0.13003726170635563,0,Low Risk,11,20.35,215.25,Month-to-month,No,Mailed check,No
4619-EVPHY,0.4576398165061068,0,Medium Risk,20,91.0,1859.5,One year,Fiber optic,Bank transfer (automatic),No
5286-YHCVC,0.09911051593179968,0,Low Risk,72,104.8,7470.1,Two year,Fiber optic,Bank transfer (automatic),No
6424-ELEYH,0.6643257028177283,1,Medium Risk,3,74.75,229.5,Month-to-month,Fiber optic,Credit card (automatic),Yes
4391-RESHN,0.5702871166868668,1,Medium Risk,23,104.05,2470.1,Month-to-month,Fiber optic,Mailed check,Yes
9115-YQHGA,0.1405269262540954,0,Low Risk,40,51.1,2092.9,Month-to-month,DSL,Electronic check,No
4462-CYWMH,0.3012212299972829,0,Low Risk,62,89.8,5629.55,Month-to-month,Fiber optic,Bank transfer (automatic),No
8963-MQVYN,0.12378326662479852,0,Low Risk,22,20.55,469.85,Month-to-month,No,Electronic check,No
2458-EOMRE,0.21458976298221788,0,Low Risk,11,64.05,733.95,Month-to-month,DSL,Bank transfer (automatic),No
9334-GWGOW,0.7555292623315667,1,High Risk,7,74.85,485.25,Month-to-month,Fiber optic,Electronic check,No
6821-BUXUX,0.6031540857525459,1,Medium Risk,13,96.65,1244.5,Month-to-month,Fiber optic,Electronic check,Yes
5028-HTLJB,0.21822646217339195,0,Low Risk,1,20.05,20.05,Month-to-month,No,Mailed check,Yes
9801-GDWGV,0.5817949636622378,1,Medium Risk,39,103.45,3994.45,Month-to-month,Fiber optic,Electronic check,Yes
6542-LWGXJ,0.46999458000347,0,Medium Risk,3,25.0,78.25,Month-to-month,DSL,Mailed check,No
5567-GZKQY,0.003889035960036917,0,Low Risk,58,20.3,1131.5,Two year,No,Credit card (automatic),No
1222-LRYKO,0.1698293204486796,0,Low Risk,6,26.35,184.05,Month-to-month,No,Mailed check,No
2320-JRSDE,0.2791329017869081,0,Low Risk,1,19.9,19.9,Month-to-month,No,Electronic check,Yes
2087-QAREY,0.21966525260890868,0,Low Risk,22,54.7,1178.75,Month-to-month,DSL,Mailed check,No
0601-WZHJF,0.5508136991723243,1,Medium Risk,14,46.35,667.7,Month-to-month,DSL,Electronic check,Yes
4423-JWZJN,0.0933960873922129,0,Low Risk,64,90.25,5629.15,One year,Fiber optic,Credit card (automatic),No
5143-WMWOG,0.25029117905292514,0,Low Risk,1,19.95,19.95,Month-to-month,No,Electronic check,Yes
6490-FGZAT,0.15913752142902315,0,Low Risk,6,20.65,109.3,Month-to-month,No,Mailed check,No
5393-RXQSZ,0.6741096660925162,1,Medium Risk,1,79.6,79.6,Month-to-month,Fiber optic,Electronic check,Yes
7452-FOLON,0.020341234001732367,0,Low Risk,39,25.45,958.45,One year,No,Bank transfer (automatic),No
2320-TZRRH,0.046045371948430384,0,Low Risk,20,19.5,403.15,One year,No,Mailed check,No
0231-LXVAP,0.6242179622389086,1,Medium Risk,1,75.9,75.9,Month-to-month,Fiber optic,Electronic check,Yes
9444-JTXHZ,0.6196149424300199,1,Medium Risk,1,76.2,76.2,Month-to-month,Fiber optic,Electronic check,Yes
4942-VZZOM,0.041735104566104346,0,Low Risk,64,66.15,4392.5,One year,DSL,Credit card (automatic),No
5510-BOIUJ,0.1609399059445582,0,Low Risk,1,19.25,19.25,Month-to-month,No,Mailed check,Yes
7502-BNYGS,0.16031025685440856,0,Low Risk,46,69.1,3168.0,Month-to-month,DSL,Credit card (automatic),No
4291-HYEBC,0.22752463340506945,0,Low Risk,28,39.1,1096.6,One year,DSL,Electronic check,No
6147-CBCRA,0.05006230455789852,0,Low Risk,33,20.05,669.45,Month-to-month,No,Mailed check,No
6047-SUHPR,0.037957253059339245,0,Low Risk,39,59.8,2343.85,One year,DSL,Electronic check,No
4471-KXAUH,0.3692428074887,0,Low Risk,42,84.3,3588.4,Month-to-month,Fiber optic,Electronic check,Yes
9752-ZNQUT,0.4766003004090541,0,Medium Risk,1,48.6,48.6,Month-to-month,DSL,Electronic check,No
7638-QVMVY,0.7058426156566352,1,High Risk,7,79.0,522.95,Month-to-month,Fiber optic,Electronic check,Yes
1576-PFZIW,0.0448963394484317,0,Low Risk,70,105.35,7511.9,Two year,Fiber optic,Credit card (automatic),No
5666-MBJPT,0.006192096895975076,0,Low Risk,65,25.1,1725.0,Two year,No,Bank transfer (automatic),No
7312-XSBAT,0.3329416827053431,0,Low Risk,1,49.75,49.75,Month-to-month,DSL,Electronic check,No
3096-GKWEB,0.7553236984591184,1,High Risk,18,94.75,1691.9,Month-to-month,Fiber optic,Electronic check,No
2371-JQHZZ,0.7209946310601075,1,High Risk,24,93.0,2248.05,Month-to-month,Fiber optic,Electronic check,No
0674-GCDXG,0.016106000937867772,0,Low Risk,63,71.9,4479.2,Two year,DSL,Bank transfer (automatic),No
1121-QSIVB,0.11663563354420639,0,Low Risk,44,77.55,3471.1,One year,DSL,Mailed check,No
4396-KLSEH,0.2956791592212391,0,Low Risk,4,19.85,63.0,Month-to-month,No,Electronic check,No
3244-DCJWY,0.7038848238057239,1,High Risk,1,70.25,70.25,Month-to-month,Fiber optic,Electronic check,Yes
2824-MYYBN,0.571079268457041,1,Medium Risk,37,95.25,3314.15,Month-to-month,Fiber optic,Electronic check,No
0875-CABNR,0.6192316117927951,1,Medium Risk,10,84.6,865.55,Month-to-month,Fiber optic,Credit card (automatic),Yes
6345-HOVES,0.22045918334345857,0,Low Risk,34,25.05,852.7,Month-to-month,DSL,Bank transfer (automatic),No
8318-LCNBW,0.10310894254756607,0,Low Risk,35,53.15,1930.9,One year,DSL,Credit card (automatic),No
6469-QJKZW,0.22472876026112473,0,Low Risk,4,20.15,91.4,Month-to-month,No,Electronic check,No
0147-ESWWR,0.5822852889774309,1,Medium Risk,39,101.25,3949.15,Month-to-month,Fiber optic,Electronic check,No
1217-VASWC,0.27411899517254845,0,Low Risk,43,100.55,4304.0,One year,Fiber optic,Bank transfer (automatic),No
7812-FZHPE,0.10808098938187573,0,Low Risk,17,24.1,409.9,Month-to-month,No,Mailed check,Yes
6370-ZVHDV,0.005025544029025808,0,Low Risk,61,25.3,1554.9,Two year,No,Bank transfer (automatic),No
5915-DGNVC,0.058568410633205344,0,Low Risk,49,71.8,3472.05,One year,DSL,Electronic check,No
6260-XLACS,0.09607219587714493,0,Low Risk,4,19.7,117.8,One year,No,Mailed check,No
3566-CAAYU,0.01523423917650865,0,Low Risk,64,49.85,3210.35,Two year,DSL,Electronic check,No
4983-CCWMC,0.6196167209690426,1,Medium Risk,3,69.6,207.4,Month-to-month,Fiber optic,Mailed check,No
9103-CXVOK,0.21362306684717236,0,Low Risk,1,19.75,19.75,Month-to-month,No,Electronic check,No
2896-TBNBE,0.15940791475401123,0,Low Risk,40,80.8,3132.75,One year,Fiber optic,Electronic check,No
4797-AXPXK,0.2451971604874744,0,Low Risk,1,60.0,60.0,Month-to-month,DSL,Electronic check,Yes
5229-PRWKT,0.7617553451712171,1,High Risk,8,86.55,649.65,Month-to-month,Fiber optic,Electronic check,Yes
6982-UQZLY,0.28874029775781124,0,Low Risk,1,20.85,20.85,Month-to-month,No,Mailed check,Yes
2522-WLNSF,0.06704455725625644,0,Low Risk,34,64.2,2106.3,One year,DSL,Bank transfer (automatic),No
3841-CONLJ,0.6210474119866838,1,Medium Risk,1,35.0,35.0,Month-to-month,DSL,Electronic check,No
5057-LCOUI,0.3812169499612374,0,Low Risk,39,50.75,2011.4,Month-to-month,DSL,Electronic check,Yes
0193-ESZXP,0.10892033293759212,0,Low Risk,58,105.5,6205.5,One year,Fiber optic,Credit card (automatic),Yes
4475-NVTLU,0.008960976656499886,0,Low Risk,45,19.2,903.7,Two year,No,Electronic check,No
4369-HTUIF,0.5676938932118453,1,Medium Risk,6,85.15,503.6,Month-to-month,Fiber optic,Bank transfer (automatic),Yes
9386-LDCZR,0.07525199312557666,0,Low Risk,43,90.65,3882.3,One year,Fiber optic,Credit card (automatic),No
9585-KKMFD,0.011497091037723532,0,Low Risk,41,20.0,879.8,Two year,No,Mailed check,No
5399-ZIMKF,0.6400073464781142,1,Medium Risk,5,74.65,383.65,Month-to-month,Fiber optic,Electronic check,No
0336-KXKFK,0.01553206438780046,0,Low Risk,72,61.2,4390.25,Two year,DSL,Credit card (automatic),No
5619-XZZKR,0.09502391077241962,0,Low Risk,4,19.95,68.2,One year,No,Mailed check,No
3948-FVVRP,0.156810149285947,0,Low Risk,9,54.8,452.8,Month-to-month,DSL,Mailed check,No
5327-XOKKY,0.038780485176694954,0,Low Risk,72,73.45,5329.0,Two year,DSL,Credit card (automatic),No
0983-TATYJ,0.07311309880869371,0,Low Risk,33,51.45,1758.9,One year,DSL,Mailed check,No
1813-JYWTO,0.025061356615929085,0,Low Risk,72,80.45,5737.6,Two year,Fiber optic,Bank transfer (automatic),No
0156-FVPTA,0.18107610273679187,0,Low Risk,22,54.2,1152.7,Month-to-month,DSL,Electronic check,Yes
1984-FCOWB,0.19330861364456445,0,Low Risk,70,109.5,7674.55,One year,Fiber optic,Electronic check,Yes
0654-HMSHN,0.56445203854119,1,Medium Risk,21,104.4,2157.95,Month-to-month,Fiber optic,Electronic check,Yes
6719-OXYBR,0.5571733599831927,1,Medium Risk,15,85.3,1219.85,Month-to-month,Fiber optic,Electronic check,No
3312-ZWLGF,0.5177266792567895,1,Medium Risk,29,79.3,2414.55,Month-to-month,Fiber optic,Electronic check,No
6476-YHMGA,0.17779557218036424,0,Low Risk,15,76.5,1155.6,Month-to-month,DSL,Bank transfer (automatic),No
5287-QWLKY,0.21316947720709462,0,Low Risk,71,105.1,7548.1,Month-to-month,Fiber optic,Credit card (automatic),Yes
0795-XCCTE,0.003502619451827133,0,Low Risk,72,25.4,1809.35,Two year,No,Bank transfer (automatic),No
0168-XZKBB,0.69204808953476,1,Medium Risk,19,86.85,1564.4,Month-to-month,Fiber optic,Electronic check,No
3785-NRHYR,0.1938185299653763,0,Low Risk,1,19.65,19.65,Month-to-month,No,Mailed check,No
5196-SGOAK,0.6655288459540192,1,Medium Risk,1,75.7,75.7,Month-to-month,Fiber optic,Electronic check,Yes
4537-DKTAL,0.41765743092226687,0,Medium Risk,2,45.55,84.4,Month-to-month,DSL,Electronic check,No
7072-MBHEV,0.5739521093065101,1,Medium Risk,11,78.1,864.85,Month-to-month,Fiber optic,Credit card (automatic),No
5602-BVFMK,0.06567991779013205,0,Low Risk,12,19.3,228.75,One year,No,Mailed check,No
6297-NOOPG,0.11497852557747296,0,Low Risk,70,110.5,7752.05,Two year,Fiber optic,Electronic check,No
1891-UAWWU,0.6411864152537455,1,Medium Risk,20,90.8,1951.0,Month-to-month,Fiber optic,Electronic check,Yes
8204-TIFGJ,0.10173219348201142,0,Low Risk,23,20.3,470.6,Month-to-month,No,Bank transfer (automatic),No
8050-DVOJX,0.019586512560657045,0,Low Risk,49,81.35,4060.9,Two year,DSL,Credit card (automatic),No
6108-OQZDQ,0.7521359890307769,1,High Risk,4,97.95,384.5,Month-to-month,Fiber optic,Electronic check,Yes
0363-QJVFX,0.3529853520504773,0,Low Risk,32,108.15,3432.9,Month-to-month,Fiber optic,Credit card (automatic),Yes
8903-XEBGX,0.5145875330114598,1,Medium Risk,2,55.3,108.65,Month-to-month,DSL,Electronic check,No
8169-SAEJD,0.016957379587147516,0,Low Risk,69,56.55,3952.65,Two year,DSL,Credit card (automatic),No
9840-DVNDC,0.6256308588649863,1,Medium Risk,6,80.5,463.05,Month-to-month,Fiber optic,Credit card (automatic),Yes
1089-XZWHH,0.024596826531709495,0,Low Risk,24,19.7,494.05,Two year,No,Mailed check,No
2325-WINES,0.36574313225775157,0,Low Risk,32,104.05,3416.85,One year,Fiber optic,Credit card (automatic),No
6064-ZATLR,0.026330353568500803,0,Low Risk,27,52.85,1498.65,Two year,DSL,Bank transfer (automatic),No
3096-JRDSO,0.46776127069253765,0,Medium Risk,27,104.3,2867.75,Month-to-month,Fiber optic,Bank transfer (automatic),Yes
7824-PANSQ,0.14251831488860706,0,Low Risk,58,80.65,4807.35,Month-to-month,Fiber optic,Bank transfer (automatic),No
8042-JVNFH,0.6364643838326653,1,Medium Risk,1,71.35,71.35,Month-to-month,Fiber optic,Mailed check,Yes
9648-BCHKM,0.03990754103939571,0,Low Risk,18,24.65,471.35,Two year,No,Credit card (automatic),No
2888-ADFAO,0.008040204472157801,0,Low Risk,47,21.3,1041.8,Two year,No,Bank transfer (automatic),No
8707-HOEDG,0.0926267039365104,0,Low Risk,70,110.2,7689.8,Two year,Fiber optic,Electronic check,No
3374-LXDEV,0.450651841676006,0,Medium Risk,13,89.4,1132.35,Month-to-month,Fiber optic,Electronic check,Yes
4072-IPYLT,0.06062519169095576,0,Low Risk,36,51.05,1815.0,Month-to-month,DSL,Credit card (automatic),No
7167-PCEYD,0.004054257300165594,0,Low Risk,67,19.8,1311.3,Two year,No,Mailed check,No
4936-YPJNK,0.18271608015987278,0,Low Risk,10,19.9,199.45,Month-to-month,No,Mailed check,No
1580-BMCMR,0.5665867463228929,1,Medium Risk,19,87.3,1637.3,Month-to-month,Fiber optic,Electronic check,No
4817-KEQSP,0.0016939061972867635,0,Low Risk,71,19.85,1326.35,Two year,No,Bank transfer (automatic),No
6408-WHTEF,0.014486943508594106,0,Low Risk,72,89.4,6376.55,Two year,DSL,Mailed check,No
9251-AWQGT,0.0054638063950095414,0,Low Risk,48,20.0,935.9,Two year,No,Mailed check,No
8749-CLJXC,0.1938690777938573,0,Low Risk,1,20.05,20.05,Month-to-month,No,Mailed check,No
7989-VCQOH,0.197133893889632,0,Low Risk,18,83.25,1611.15,Month-to-month,DSL,Electronic check,No
5049-GLYVG,0.19393859740555047,0,Low Risk,1,20.6,20.6,Month-to-month,No,Mailed check,Yes
4199-QHJNM,0.06735247432906892,0,Low Risk,67,102.9,6989.7,Two year,Fiber optic,Bank transfer (automatic),No
8882-TLVRW,0.004938333477252145,0,Low Risk,69,39.1,2779.5,Two year,DSL,Mailed check,No
5883-GTGVD,0.7181456234893779,1,High Risk,19,99.95,1931.75,Month-to-month,Fiber optic,Electronic check,Yes
5135-GRQJV,0.0699331900287326,0,Low Risk,72,114.5,8331.95,Two year,Fiber optic,Mailed check,No
2384-OVPSA,0.012438545072560005,0,Low Risk,38,20.2,735.9,Two year,No,Mailed check,No
1371-WEPDS,0.1130836411262258,0,Low Risk,40,55.8,2283.3,One year,DSL,Electronic check,No
3580-GICBM,0.006062068854211975,0,Low Risk,61,24.2,1445.2,Two year,No,Mailed check,No
4817-QRJSX,0.5654087099117294,1,Medium Risk,10,81.0,818.05,Month-to-month,Fiber optic,Credit card (automatic),Yes
9730-DRTMJ,0.08730563270845831,0,Low Risk,32,72.8,2333.05,One year,DSL,Credit card (automatic),No
4686-UXDML,0.5992926001297058,1,Medium Risk,21,99.85,1992.55,Month-to-month,Fiber optic,Credit card (automatic),No
3349-ANQNH,0.35359674277828307,0,Low Risk,59,99.5,5890.0,One year,Fiber optic,Electronic check,No
2398-YPMUR,0.6490734967202879,1,Medium Risk,13,70.15,916.75,Month-to-month,Fiber optic,Electronic check,Yes
0932-YIXYU,0.006588388786605505,0,Low Risk,47,20.25,1029.8,Two year,No,Credit card (automatic),No
7480-SPLEF,0.004169936525372075,0,Low Risk,69,26.0,1796.55,Two year,No,Bank transfer (automatic),No
7636-XUHWW,0.2329123962688592,0,Low Risk,2,19.9,33.7,Month-to-month,No,Credit card (automatic),No
1431-CYWMH,0.06225531679647021,0,Low Risk,22,19.05,454.05,Month-to-month,No,Bank transfer (automatic),No
5937-EORGB,0.6625127375174594,1,Medium Risk,15,96.5,1392.25,Month-to-month,Fiber optic,Electronic check,No
6349-JDHQP,0.004841979348282742,0,Low Risk,53,19.85,1049.6,Two year,No,Credit card (automatic),No
5539-HIVAK,0.09699019162848771,0,Low Risk,28,25.7,734.6,Month-to-month,No,Mailed check,No
5847-MXBEO,0.043265697343342034,0,Low Risk,22,20.3,475.1,One year,No,Mailed check,No
9985-MWVIX,0.6312775349591371,1,Medium Risk,1,70.15,70.15,Month-to-month,Fiber optic,Mailed check,Yes
4583-PARNH,0.6036745955431208,1,Medium Risk,16,91.55,1540.05,Month-to-month,Fiber optic,Electronic check,No
1116-FRYVH,0.010364680228837332,0,Low Risk,48,39.4,1978.65,Two year,DSL,Mailed check,No
1421-HCERK,0.34877396779229186,0,Low Risk,30,105.7,3181.8,Month-to-month,Fiber optic,Bank transfer (automatic),No
9633-XQABV,0.6900831455410206,1,Medium Risk,3,70.25,229.7,Month-to-month,Fiber optic,Electronic check,No
0716-BQNDX,0.07400400080378455,0,Low Risk,57,93.75,5625.55,Two year,Fiber optic,Electronic check,No
1265-XTECC,0.11118714159513775,0,Low Risk,68,96.55,6581.9,One year,Fiber optic,Credit card (automatic),Yes
1183-CANVH,0.0872407237595089,0,Low Risk,23,60.0,1347.15,One year,DSL,Bank transfer (automatic),No
1972-XMUWV,0.014435226270475943,0,Low Risk,65,59.8,3808.2,Two year,DSL,Credit card (automatic),No
8679-LZBMD,0.262656508228684,0,Low Risk,44,90.65,3974.15,One year,Fiber optic,Bank transfer (automatic),No
3407-JMJQQ,0.05830671811534684,0,Low Risk,71,109.0,7661.8,Two year,Fiber optic,Bank transfer (automatic),No
6252-DFGTK,0.038145677523624556,0,Low Risk,37,68.1,2479.25,One year,DSL,Credit card (automatic),No
1539-LNKHM,0.1232853903695466,0,Low Risk,12,20.4,266.6,Month-to-month,No,Mailed check,No
8645-KOMJQ,0.01994326736064818,0,Low Risk,69,81.95,5601.4,Two year,DSL,Bank transfer (automatic),No
0289-IVARM,0.09587251899424755,0,Low Risk,35,60.55,1982.6,Month-to-month,DSL,Electronic check,No
9761-XUJWD,0.3162406907495664,0,Low Risk,5,65.6,339.9,Month-to-month,DSL,Bank transfer (automatic),No
4057-FKCZK,0.061894016934427074,0,Low Risk,58,82.5,4828.05,Two year,Fiber optic,Bank transfer (automatic),No
4291-TPNFG,0.012500718313801142,0,Low Risk,72,82.3,5980.55,Two year,DSL,Bank transfer (automatic),No
6087-YPWHO,0.0055712361378650955,0,Low Risk,72,68.15,4808.7,Two year,DSL,Mailed check,No
3090-QFUVD,0.17657591094934577,0,Low Risk,1,20.3,20.3,Month-to-month,No,Credit card (automatic),No
2237-ZFSMY,0.17453235671482767,0,Low Risk,39,95.55,3692.85,One year,Fiber optic,Electronic check,Yes
1722-LDZJS,0.007588779537575274,0,Low Risk,53,20.2,1068.15,One year,No,Credit card (automatic),No
1818-ESQMW,0.46550261093616563,0,Medium Risk,27,89.2,2383.6,Month-to-month,Fiber optic,Electronic check,No
4871-JTKJF,0.7338827699882,1,High Risk,1,69.65,69.65,Month-to-month,Fiber optic,Electronic check,Yes
1415-YFWLT,0.8092219617270023,1,High Risk,1,89.3,89.3,Month-to-month,Fiber optic,Electronic check,Yes
7401-RUBNK,0.3845468572891766,0,Low Risk,18,74.8,1438.05,Month-to-month,Fiber optic,Electronic check,No
0506-YLVKJ,0.008953793423368652,0,Low Risk,46,20.2,917.45,Two year,No,Mailed check,No
8661-BOYNW,0.018002251723109576,0,Low Risk,72,84.4,6096.45,Two year,DSL,Credit card (automatic),No
6711-VTNRE,0.3919927536412694,0,Low Risk,36,87.55,3078.1,Month-to-month,Fiber optic,Electronic check,Yes
4815-GBTCD,0.6260488124140013,1,Medium Risk,4,25.15,99.95,Month-to-month,DSL,Electronic check,No
2805-AUFQN,0.01797850222733566,0,Low Risk,25,19.8,475.2,Two year,No,Credit card (automatic),No
0980-PVMRC,0.29509080861294723,0,Low Risk,40,50.85,2036.55,Month-to-month,DSL,Electronic check,No
7233-DRTRF,0.43016702362085074,0,Medium Risk,63,102.4,6444.05,Month-to-month,Fiber optic,Electronic check,No
3500-RMZLT,0.41308064610317075,0,Medium Risk,15,96.3,1426.75,Month-to-month,Fiber optic,Mailed check,Yes
3873-NFTGI,0.3292282398575907,0,Low Risk,14,55.5,767.55,Month-to-month,DSL,Credit card (automatic),No
1162-ECVII,0.08905188724632594,0,Low Risk,72,109.75,7932.5,Two year,Fiber optic,Bank transfer (automatic),No
7048-GXDAY,0.49562497689766083,0,Medium Risk,39,106.4,4040.65,Month-to-month,Fiber optic,Electronic check,No
8571-ZCMCX,0.03674640556043874,0,Low Risk,47,60.0,2768.65,Two year,DSL,Credit card (automatic),No
1169-WCVAK,0.3172932566158341,0,Low Risk,19,88.8,1672.35,Month-to-month,Fiber optic,Credit card (automatic),No
4548-SDBKE,0.7778743352786045,1,High Risk,5,85.2,474.8,Month-to-month,Fiber optic,Electronic check,Yes
8066-POXGX,0.5800794860854239,1,Medium Risk,13,35.1,446.1,Month-to-month,DSL,Electronic check,Yes
7129-CAKJW,0.4531907130134869,0,Medium Risk,17,80.05,1345.65,Month-to-month,Fiber optic,Bank transfer (automatic),No
8695-ARGXZ,0.5483056742420372,1,Medium Risk,34,75.55,2425.4,Month-to-month,Fiber optic,Electronic check,No
3570-YUEKJ,0.14936485055544382,0,Low Risk,42,49.55,2077.95,Month-to-month,DSL,Electronic check,No
4143-OOBWZ,0.7085633906488555,1,High Risk,5,81.3,416.3,Month-to-month,Fiber optic,Electronic check,Yes
1555-HAPSU,0.0023782566223646876,0,Low Risk,71,23.9,1663.5,Two year,No,Credit card (automatic),No
1697-NVVGY,0.19946164991197451,0,Low Risk,19,66.4,1286.05,Month-to-month,DSL,Bank transfer (automatic),No
7854-EKTJL,0.2656255174785805,0,Low Risk,2,19.6,35.85,Month-to-month,No,Electronic check,Yes
8464-EETCQ,0.004056672229287647,0,Low Risk,57,18.8,1094.35,Two year,No,Credit card (automatic),No
2419-FSORS,0.10588094246425961,0,Low Risk,72,108.4,7719.5,Two year,Fiber optic,Electronic check,No
8132-YPVBX,0.6034852363594025,1,Medium Risk,6,85.95,514.6,Month-to-month,Fiber optic,Mailed check,No
9102-IAYHT,0.6595081906832774,1,Medium Risk,17,85.45,1451.6,Month-to-month,Fiber optic,Electronic check,Yes
6754-LZUKA,0.03206443080294738,0,Low Risk,61,80.9,4932.5,Two year,DSL,Bank transfer (automatic),No
3422-LYEPQ,0.6641516288845926,1,Medium Risk,1,71.0,71.0,Month-to-month,Fiber optic,Electronic check,Yes
8099-MZPUJ,0.05265587261850046,0,Low Risk,48,111.8,5443.65,Two year,Fiber optic,Credit card (automatic),No
0787-LHDYT,0.13565966060713863,0,Low Risk,16,20.6,330.25,Month-to-month,No,Credit card (automatic),No
2642-DTVCO,0.7828026537549606,1,High Risk,9,85.05,746.5,Month-to-month,Fiber optic,Electronic check,Yes
0374-IOEGQ,0.4071262977796943,0,Medium Risk,3,44.6,122.7,Month-to-month,DSL,Electronic check,No
4361-JEIVL,0.4702892132294365,0,Medium Risk,1,44.4,44.4,Month-to-month,DSL,Electronic check,Yes
3197-NNYNB,0.0779788922511757,0,Low Risk,65,105.1,6631.85,Two year,Fiber optic,Credit card (automatic),No
3396-DKDEL,0.04777712538266322,0,Low Risk,70,115.15,8250.0,Two year,Fiber optic,Credit card (automatic),No
1752-OZXFY,0.03483765344130308,0,Low Risk,60,59.8,3561.15,One year,DSL,Mailed check,No
9066-QRSDU,0.01401746052675905,0,Low Risk,69,26.3,1763.55,One year,No,Electronic check,No
9112-WSNPU,0.3632536504020851,0,Low Risk,35,70.55,2419.0,Month-to-month,Fiber optic,Electronic check,No
9867-NNXLC,0.1130640705620207,0,Low Risk,22,20.05,470.2,Month-to-month,No,Mailed check,No
5321-NTRKC,0.021441811292536115,0,Low Risk,66,79.85,5234.95,Two year,DSL,Bank transfer (automatic),No
1363-TXLSL,0.7418980587510473,1,High Risk,1,70.3,70.3,Month-to-month,Fiber optic,Electronic check,Yes
9507-EXLTT,0.6693967917496715,1,Medium Risk,1,79.35,79.35,Month-to-month,Fiber optic,Bank transfer (automatic),Yes
3161-GETRM,0.4333367869921428,0,Medium Risk,34,90.05,3097.0,Month-to-month,Fiber optic,Credit card (automatic),No
0402-OAMEN,0.0023464978402705835,0,Low Risk,72,24.45,1709.1,Two year,No,Bank transfer (automatic),No
6933-VLYFX,0.10355503409189867,0,Low Risk,31,59.95,1848.8,One year,DSL,Electronic check,No
6754-WKSHP,0.030437730327545032,0,Low Risk,30,25.35,723.3,One year,No,Bank transfer (automatic),No
9846-GKXAS,0.6596108241141369,1,Medium Risk,9,90.8,809.75,Month-to-month,Fiber optic,Bank transfer (automatic),Yes
6017-PPLPX,0.5080572936497936,1,Medium Risk,20,70.45,1470.95,Month-to-month,Fiber optic,Electronic check,Yes
4976-LNFVV,0.3477582489341552,0,Low Risk,19,34.3,577.15,Month-to-month,DSL,Credit card (automatic),No
5055-MGMGF,0.3688375642751151,0,Low Risk,65,105.05,6914.95,Month-to-month,Fiber optic,Electronic check,No
4641-FROLU,0.012822363619228262,0,Low Risk,30,19.3,602.9,Two year,No,Mailed check,No
2862-JVEOY,0.08745359437636657,0,Low Risk,6,19.15,124.4,One year,No,Mailed check,No
2969-QWUBZ,0.6156738635517047,1,Medium Risk,2,51.4,96.8,Month-to-month,DSL,Electronic check,No
9822-BIIGN,0.07085271379128112,0,Low Risk,53,71.85,3827.9,Month-to-month,DSL,Electronic check,No
2077-MPJQO,0.7577635404896371,1,High Risk,7,75.4,533.05,Month-to-month,Fiber optic,Electronic check,No
1534-OULXE,0.017157263539219394,0,Low Risk,61,49.7,2961.4,One year,DSL,Bank transfer (automatic),No
7136-RVDTZ,0.09389803935779564,0,Low Risk,70,45.25,3264.45,One year,DSL,Electronic check,Yes
2971-SGAFL,0.48229974030305506,0,Medium Risk,13,78.75,995.35,Month-to-month,DSL,Electronic check,No
1480-IVEVR,0.2922888539426677,0,Low Risk,35,81.6,2815.25,One year,Fiber optic,Bank transfer (automatic),No
2905-KFQUV,0.6064563182074171,1,Medium Risk,2,70.4,154.8,Month-to-month,Fiber optic,Credit card (automatic),No
4581-SSPWD,0.7482689375704247,1,High Risk,3,75.8,246.3,Month-to-month,Fiber optic,Electronic check,Yes
3370-HXOPH,0.6718690297037712,1,Medium Risk,3,76.1,257.6,Month-to-month,Fiber optic,Electronic check,No
9391-YZEJW,0.21556433577110976,0,Low Risk,62,94.0,5757.2,One year,Fiber optic,Bank transfer (automatic),No
9958-MEKUC,0.020922911773826994,0,Low Risk,72,103.95,7517.7,Two year,Fiber optic,Credit card (automatic),No
0281-CNTZX,0.004680030761786686,0,Low Risk,63,19.95,1234.8,Two year,No,Bank transfer (automatic),No
6927-WTFIV,0.39418333850718434,0,Low Risk,20,71.3,1389.2,Month-to-month,Fiber optic,Credit card (automatic),Yes
4118-CEVPF,0.22474799884902927,0,Low Risk,35,110.8,3836.3,One year,Fiber optic,Bank transfer (automatic),No
3398-ZOUAA,0.5877288246150174,1,Medium Risk,21,69.1,1474.75,Month-to-month,Fiber optic,Electronic check,Yes
9114-VEPUF,0.12026627235322436,0,Low Risk,62,96.1,6001.45,One year,Fiber optic,Electronic check,No
7876-BEUTG,0.3716285178364986,0,Low Risk,15,48.8,720.1,Month-to-month,DSL,Mailed check,No
2338-BQEZT,0.052008776959300236,0,Low Risk,55,50.55,2832.75,Month-to-month,DSL,Credit card (automatic),No
9873-MNDKV,0.3405276793060985,0,Low Risk,11,44.65,472.25,Month-to-month,DSL,Mailed check,No
0378-NHQXU,0.5598150596808494,1,Medium Risk,17,88.25,1460.65,Month-to-month,Fiber optic,Electronic check,Yes
8241-JUIQO,0.0065951861234973905,0,Low Risk,61,19.45,1336.35,One year,No,Bank transfer (automatic),No
2194-IIQOF,0.011778774587644843,0,Low Risk,71,89.3,6388.65,Two year,DSL,Credit card (automatic),No
4512-ZUIYL,0.5159610809987256,1,Medium Risk,2,70.0,153.05,Month-to-month,Fiber optic,Bank transfer (automatic),Yes
9631-RXVJM,0.012620091235540054,0,Low Risk,35,19.25,677.9,Two year,No,Mailed check,No
9584-EXCDZ,0.38428648859982456,0,Low Risk,17,70.5,1165.6,Month-to-month,Fiber optic,Bank transfer (automatic),No
7969-AULMZ,0.7381409265068685,1,High Risk,21,97.35,2119.5,Month-to-month,Fiber optic,Electronic check,Yes
5093-FEGLU,0.0067189849493365615,0,Low Risk,47,19.65,921.55,Two year,No,Bank transfer (automatic),No
2621-UDNLU,0.17969625106099157,0,Low Risk,3,20.85,72.0,Month-to-month,No,Mailed check,No
7526-IVLYU,0.241874641801091,0,Low Risk,3,19.65,68.35,Month-to-month,No,Mailed check,No
2428-HYUNX,0.012886174203331211,0,Low Risk,44,19.35,847.25,Two year,No,Credit card (automatic),No
9214-EKVXR,0.4394907781834165,0,Medium Risk,1,44.0,44.0,Month-to-month,DSL,Mailed check,No
3410-MHHUM,0.20841490253442152,0,Low Risk,44,94.4,4295.35,One year,Fiber optic,Electronic check,No
0568-ONFPC,0.22833955965790842,0,Low Risk,5,25.9,135.0,Month-to-month,No,Bank transfer (automatic),Yes
0733-VUNUW,0.21424586109383695,0,Low Risk,24,55.65,1400.55,Month-to-month,DSL,Bank transfer (automatic),Yes
4550-EVXNY,0.6547172432812977,1,Medium Risk,1,69.65,69.65,Month-to-month,Fiber optic,Electronic check,Yes
2122-YWVYA,0.4680326720495943,0,Medium Risk,18,75.4,1380.4,Month-to-month,Fiber optic,Electronic check,No
2968-SSGAA,0.7865994264587952,1,High Risk,10,100.6,1060.2,Month-to-month,Fiber optic,Electronic check,Yes
2296-DKZFP,0.009033082801603193,0,Low Risk,65,71.0,4386.2,Two year,DSL,Bank transfer (automatic),No
4844-JJWUY,0.7413757995466533,1,High Risk,1,86.0,86.0,Month-to-month,Fiber optic,Electronic check,Yes
6777-TGHTM,0.21228652978033274,0,Low Risk,53,106.95,5785.5,One year,Fiber optic,Credit card (automatic),Yes
8909-BOLNL,0.09933179795642302,0,Low Risk,3,21.2,52.05,One year,No,Mailed check,No
6603-YRDCJ,0.024289367845660454,0,Low Risk,33,61.05,2018.4,Two year,DSL,Mailed check,No
3538-WZPHD,0.5950132271276523,1,Medium Risk,3,29.6,79.45,Month-to-month,DSL,Electronic check,Yes
3229-USWAR,0.07686497682801602,0,Low Risk,34,79.95,2727.3,One year,DSL,Bank transfer (automatic),No
2138-VFAPZ,0.03867173009246728,0,Low Risk,14,19.7,263.65,Two year,No,Mailed check,No
6131-JLWZM,0.1629764118055954,0,Low Risk,13,20.3,275.4,Month-to-month,No,Mailed check,No
4785-QRJHC,0.10899359004919526,0,Low Risk,46,59.9,2816.65,One year,DSL,Bank transfer (automatic),Yes
0269-XFESX,0.045004659248482265,0,Low Risk,23,24.35,538.5,One year,No,Mailed check,No
1709-EJDOX,0.00577369609618697,0,Low Risk,47,19.75,948.9,Two year,No,Mailed check,No
4316-XCSLJ,0.18038099829728862,0,Low Risk,17,50.3,846.8,Month-to-month,DSL,Mailed check,No
8610-WFCJF,0.5052822095376186,1,Medium Risk,49,95.6,4783.5,Month-to-month,Fiber optic,Electronic check,Yes
9693-XMUOB,0.2256394894464456,0,Low Risk,59,50.25,2997.45,Month-to-month,DSL,Electronic check,No
0383-CLDDA,0.019644174840961353,0,Low Risk,69,85.35,5897.4,Two year,DSL,Credit card (automatic),No
4905-JEFDW,0.4321317211898525,0,Medium Risk,11,41.6,470.6,One year,DSL,Electronic check,Yes
2709-UQGNP,0.2688654822965552,0,Low Risk,10,51.65,524.5,Month-to-month,DSL,Mailed check,No
3549-ZTMNH,0.05377883288069774,0,Low Risk,12,24.0,269.65,Two year,No,Bank transfer (automatic),No
7881-INRLC,0.4617000786527816,0,Medium Risk,45,100.85,4740.0,Month-to-month,Fiber optic,Credit card (automatic),Yes
8033-ATFAS,0.15390537987482372,0,Low Risk,39,59.85,2341.5,Month-to-month,DSL,Mailed check,No
1635-NZATJ,0.003644170297066958,0,Low Risk,71,25.45,1789.65,Two year,No,Credit card (automatic),No
0562-HKHML,0.002407381425644822,0,Low Risk,71,23.9,1626.4,Two year,No,Credit card (automatic),No
8277-RVRSV,0.025852121364632708,0,Low Risk,33,24.15,800.3,One year,No,Credit card (automatic),No
9943-VSZUV,0.22600585467982545,0,Low Risk,67,75.7,5060.85,Month-to-month,Fiber optic,Mailed check,No
0117-LFRMW,0.07542245887528191,0,Low Risk,37,40.2,1448.8,Month-to-month,DSL,Bank transfer (automatic),Yes
6172-FECYY,0.33671673845092437,0,Low Risk,49,84.5,4254.85,Month-to-month,Fiber optic,Electronic check,Yes
7054-ENNGU,0.2511528589855178,0,Low Risk,9,50.85,466.6,Month-to-month,DSL,Mailed check,No
1455-HFBXA,0.050028879445258446,0,Low Risk,52,91.6,4627.8,Two year,Fiber optic,Credit card (automatic),No
9402-CXWPL,0.16737126547254633,0,Low Risk,70,98.9,6838.6,One year,Fiber optic,Electronic check,No
1628-BIZYP,0.7159929026440206,1,High Risk,1,85.0,85.0,Month-to-month,Fiber optic,Electronic check,No
1965-AKTSX,0.6666756820958764,1,Medium Risk,14,78.95,1101.85,Month-to-month,Fiber optic,Electronic check,Yes
0082-LDZUE,0.4448238862872516,0,Medium Risk,1,44.3,44.3,Month-to-month,DSL,Mailed check,No
4786-UKSNZ,0.1938880358106986,0,Low Risk,1,20.2,20.2,Month-to-month,No,Mailed check,Yes
5343-SGUBI,0.15878714563177102,0,Low Risk,52,80.2,4297.6,One year,Fiber optic,Mailed check,No
0856-NAOES,0.3544400003397335,0,Low Risk,6,60.9,414.1,Month-to-month,DSL,Mailed check,No
1976-AZZPJ,0.2905298465755455,0,Low Risk,7,34.2,256.6,Month-to-month,DSL,Mailed check,No
7248-VZQLC,0.3174787099871526,0,Low Risk,47,85.2,3969.35,Month-to-month,Fiber optic,Bank transfer (automatic),Yes
6156-UZDLF,0.13507699155347289,0,Low Risk,26,87.15,2274.1,One year,Fiber optic,Credit card (automatic),No
3099-OONVS,0.09692818913901673,0,Low Risk,25,54.3,1296.8,Month-to-month,DSL,Electronic check,No
9500-WBGRP,0.003612899408433853,0,Low Risk,69,19.1,1268.85,Two year,No,Mailed check,No
5183-KLYEM,0.05182810010894996,0,Low Risk,72,112.75,8192.6,Two year,Fiber optic,Credit card (automatic),No
5144-PQCDZ,0.23202453468296483,0,Low Risk,4,19.95,59.25,Month-to-month,No,Mailed check,No
8514-VZHEB,0.003311538350277229,0,Low Risk,59,19.5,1147.85,Two year,No,Mailed check,No
6625-IUTTT,0.00968285865112588,0,Low Risk,67,65.55,4361.55,Two year,DSL,Bank transfer (automatic),No
9355-NPPFS,0.5977957227128892,1,Medium Risk,26,78.8,2006.1,Month-to-month,Fiber optic,Electronic check,No
0068-FIGTF,0.0877020935636131,0,Low Risk,27,78.2,2078.95,One year,DSL,Mailed check,No
5965-GGPRW,0.046466654554689804,0,Low Risk,72,105.25,7609.75,Two year,Fiber optic,Bank transfer (automatic),No
8035-PWSEV,0.6208313252743491,1,Medium Risk,6,89.25,487.05,Month-to-month,Fiber optic,Electronic check,No
2236-HILPA,0.0026261628944668257,0,Low Risk,62,20.65,1218.45,Two year,No,Credit card (automatic),No
1840-BIUOG,0.21460001731779074,0,Low Risk,20,68.7,1416.2,One year,DSL,Electronic check,No
1356-MKYSK,0.21880539227347148,0,Low Risk,6,78.65,483.3,Month-to-month,DSL,Credit card (automatic),No
6080-LNESI,0.00836147543175311,0,Low Risk,51,24.75,1234.6,Two year,No,Mailed check,No
1830-IPXVJ,0.0027702625517843945,0,Low Risk,61,19.75,1311.6,Two year,No,Credit card (automatic),No
5828-DWPIL,0.2430139036818176,0,Low Risk,62,89.1,5618.3,Month-to-month,Fiber optic,Electronic check,No
8398-TBIYD,0.027223058009021493,0,Low Risk,72,84.7,6185.15,Two year,Fiber optic,Bank transfer (automatic),No
0011-IGKFF,0.7141993599293489,1,High Risk,13,98.0,1237.85,Month-to-month,Fiber optic,Electronic check,Yes
4192-GORJT,0.7655400893155796,1,High Risk,5,94.45,498.1,Month-to-month,Fiber optic,Electronic check,Yes
6496-SLWHQ,0.8134465585055466,1,High Risk,3,105.0,294.45,Month-to-month,Fiber optic,Electronic check,Yes
9912-GVSEQ,0.6384448729879643,1,Medium Risk,26,93.85,2381.55,Month-to-month,Fiber optic,Electronic check,Yes
2931-FSOHN,0.46112480843594644,0,Medium Risk,13,59.9,788.35,Month-to-month,DSL,Electronic check,No
9418-RUKPH,0.012757131169216668,0,Low Risk,38,19.95,756.4,Two year,No,Mailed check,No
5383-MMTWC,0.7856867991294365,1,High Risk,8,84.0,613.4,Month-to-month,Fiber optic,Electronic check,Yes
9971-ZWPBF,0.5209758997394264,1,Medium Risk,34,108.9,3625.2,Month-to-month,Fiber optic,Electronic check,No
4712-AUQZO,0.21718082301269825,0,Low Risk,18,33.6,550.35,Month-to-month,DSL,Mailed check,No
9711-FJTBX,0.06601684647111403,0,Low Risk,56,85.85,4793.8,One year,Fiber optic,Mailed check,No
2908-ZTPNF,0.13614337442019148,0,Low Risk,36,34.85,1267.2,Month-to-month,DSL,Bank transfer (automatic),No
7240-ETPTR,0.6721440374902466,1,Medium Risk,9,48.75,442.2,Month-to-month,DSL,Electronic check,Yes
2202-CUYXZ,0.7423089392725598,1,High Risk,1,84.85,84.85,Month-to-month,Fiber optic,Electronic check,Yes
5995-OIGLP,0.13821729618828488,0,Low Risk,12,56.65,654.85,Month-to-month,DSL,Mailed check,Yes
8421-WZOOW,0.17068311548214285,0,Low Risk,57,95.3,5567.45,Month-to-month,Fiber optic,Credit card (automatic),No
6261-RCVNS,0.026769124534129198,0,Low Risk,42,73.9,3160.55,One year,DSL,Credit card (automatic),Yes
7951-QKZPL,0.021741084067323755,0,Low Risk,33,24.5,740.3,Two year,No,Mailed check,Yes
1414-YADCW,0.012266517461192181,0,Low Risk,70,84.6,5706.2,Two year,Fiber optic,Bank transfer (automatic),No
8756-RDDLT,0.055051529182662345,0,Low Risk,68,44.95,3085.35,Month-to-month,DSL,Electronic check,No
2862-PFNIK,0.6058593987136546,1,Medium Risk,1,24.7,24.7,Month-to-month,DSL,Electronic check,No
5816-QVHRX,0.3474445823122611,0,Low Risk,37,100.3,3541.4,Month-to-month,Fiber optic,Credit card (automatic),No
4430-YHXGG,0.2399589527890769,0,Low Risk,4,25.45,84.2,Month-to-month,No,Mailed check,No
6888-SBYAI,0.3437761106121401,0,Low Risk,1,50.7,50.7,Month-to-month,DSL,Mailed check,No
7395-XWZOY,0.21413464733290033,0,Low Risk,20,55.0,1165.55,Month-to-month,DSL,Credit card (automatic),No
7169-YWAMK,0.004105404123793805,0,Low Risk,72,68.4,4855.35,Two year,DSL,Bank transfer (automatic),No
3640-PHQXK,0.6042704625460631,1,Medium Risk,31,89.9,2806.9,Month-to-month,Fiber optic,Electronic check,Yes
6877-LGWXO,0.5832749643348697,1,Medium Risk,18,78.55,1422.65,Month-to-month,Fiber optic,Electronic check,Yes
6859-RKMZJ,0.39179122949199086,0,Low Risk,11,55.05,608.15,Month-to-month,DSL,Bank transfer (automatic),No
2729-VNVAP,0.010105143367434765,0,Low Risk,33,19.8,641.35,Two year,No,Credit card (automatic),No
2957-JIRMN,0.17730795063738344,0,Low Risk,62,84.45,4959.15,One year,Fiber optic,Electronic check,No
2049-BAFNW,0.3792030985023737,0,Low Risk,1,35.9,35.9,Month-to-month,DSL,Mailed check,No
3842-QTGDL,0.27966550123816775,0,Low Risk,16,80.75,1321.3,Month-to-month,Fiber optic,Bank transfer (automatic),No
7163-OCEQI,0.17836453931022841,0,Low Risk,22,78.65,1663.75,One year,DSL,Mailed check,No
9782-LGXMC,0.02870521395918141,0,Low Risk,49,61.75,3024.15,Month-to-month,DSL,Bank transfer (automatic),No
5975-BAICR,0.05910577652213398,0,Low Risk,36,63.7,2188.5,One year,DSL,Credit card (automatic),No
8019-ENHXU,0.414812379054527,0,Medium Risk,42,99.45,4138.05,Month-to-month,Fiber optic,Electronic check,Yes
5167-GBFRE,0.5677325343683715,1,Medium Risk,4,25.2,102.5,Month-to-month,DSL,Bank transfer (automatic),Yes
9033-EOXWV,0.20671184218890573,0,Low Risk,12,74.05,872.65,One year,DSL,Mailed check,Yes
4673-KKSLS,0.21789480077644066,0,Low Risk,31,87.6,2724.25,Month-to-month,Fiber optic,Electronic check,No
4853-OITSN,0.7009802953754121,1,High Risk,5,89.15,413.25,Month-to-month,Fiber optic,Electronic check,No
9800-OUIGR,0.002213320904035162,0,Low Risk,66,20.0,1374.2,Two year,No,Credit card (automatic),No
1324-NLTJE,0.22844879635323537,0,Low Risk,15,55.0,757.1,Month-to-month,DSL,Credit card (automatic),Yes
2324-EFHVG,0.119200079774523,0,Low Risk,64,104.4,6692.65,Two year,Fiber optic,Bank transfer (automatic),No
7094-MSZAO,0.14537350026412696,0,Low Risk,10,20.05,218.5,Month-to-month,No,Credit card (automatic),No
1522-VVDMG,0.5377682410578757,1,Medium Risk,7,89.75,608.8,Month-to-month,Fiber optic,Electronic check,Yes
6907-CQGPN,0.18149886581752217,0,Low Risk,29,34.3,1004.75,Month-to-month,DSL,Electronic check,No
0780-XNZFN,0.0042051938649309735,0,Low Risk,57,20.65,1125.6,Two year,No,Bank transfer (automatic),No
0239-OXEXL,0.17018055666255857,0,Low Risk,46,84.25,3847.6,Month-to-month,Fiber optic,Mailed check,No
2675-IJRGJ,0.004993127996967367,0,Low Risk,53,19.65,978.0,Two year,No,Bank transfer (automatic),No
7049-GKVZY,0.07843824166285543,0,Low Risk,17,79.85,1387.35,One year,DSL,Credit card (automatic),No
8577-QSOCG,0.012726686034812307,0,Low Risk,38,20.2,746.05,Two year,No,Mailed check,No
3721-CNZHX,0.05886672559648377,0,Low Risk,15,19.8,304.6,One year,No,Mailed check,No
0212-ISBBF,0.5115480238421791,1,Medium Risk,22,50.35,1098.85,Month-to-month,DSL,Electronic check,No
9185-TQCVP,0.7286487153249125,1,High Risk,14,85.15,1139.2,Month-to-month,Fiber optic,Electronic check,Yes
3585-YNADK,0.034815434924228186,0,Low Risk,57,74.6,4368.95,One year,DSL,Bank transfer (automatic),No
5271-DBYSJ,0.6202973407050207,1,Medium Risk,11,79.15,827.7,Month-to-month,Fiber optic,Credit card (automatic),No
1099-GODLO,0.04891524898853514,0,Low Risk,1,20.35,20.35,Two year,No,Mailed check,No
6828-HMKWP,0.028511605188434003,0,Low Risk,12,21.05,262.05,Two year,No,Bank transfer (automatic),No
5567-WSELE,0.8471977293263391,1,High Risk,3,94.6,279.55,Month-to-month,Fiber optic,Electronic check,Yes
1472-TNCWL,0.4813453066120237,0,Medium Risk,36,94.7,3512.5,Month-to-month,Fiber optic,Electronic check,No
8063-RJYNF,0.610359836110971,1,Medium Risk,16,94.25,1483.25,Month-to-month,Fiber optic,Electronic check,Yes
0687-ZVTHB,0.018916209962769152,0,Low Risk,65,72.45,4653.85,One year,DSL,Credit card (automatic),Yes
2080-GKCWQ,0.5743660078586336,1,Medium Risk,2,74.95,151.75,Month-to-month,Fiber optic,Electronic check,No
9661-ACXBS,0.5066493826753644,1,Medium Risk,42,105.2,4400.75,Month-to-month,Fiber optic,Electronic check,Yes
2193-SFWQW,0.022727665737295944,0,Low Risk,72,111.95,8033.1,Two year,Fiber optic,Bank transfer (automatic),No
5656-JAMLX,0.0033414479211515877,0,Low Risk,62,19.85,1253.65,Two year,No,Bank transfer (automatic),No
3462-BJQQA,0.7389446146763152,1,High Risk,6,89.75,552.65,Month-to-month,Fiber optic,Electronic check,No
0442-TDYUO,0.01038757058252436,0,Low Risk,48,20.05,1036.0,Two year,No,Mailed check,No
6733-LRIZX,0.20172140496781893,0,Low Risk,35,108.95,4025.5,Two year,Fiber optic,Electronic check,No
9503-XJUME,0.007573587572233323,0,Low Risk,52,19.65,928.4,One year,No,Credit card (automatic),No
4367-NHWMM,0.5759525215229763,1,Medium Risk,1,24.9,24.9,Month-to-month,DSL,Mailed check,No
3727-RJMEO,0.7750273952364788,1,High Risk,6,82.85,460.25,Month-to-month,Fiber optic,Electronic check,Yes
3779-OSWCF,0.012148224174587085,0,Low Risk,71,93.2,6506.15,Two year,DSL,Credit card (automatic),No
6736-DHUQI,0.028290511996612474,0,Low Risk,67,84.8,5598.3,One year,Fiber optic,Bank transfer (automatic),No
3915-ODIYG,0.07203540320816738,0,Low Risk,60,71.75,4374.55,One year,DSL,Electronic check,No
1360-RCYRT,0.2113263189410984,0,Low Risk,23,30.35,678.75,Month-to-month,DSL,Bank transfer (automatic),No
2724-FJDYW,0.07732409456751443,0,Low Risk,39,54.85,2191.7,One year,DSL,Bank transfer (automatic),No
4451-RWASJ,0.0679694261275305,0,Low Risk,15,19.5,239.75,One year,No,Mailed check,No
6646-VRFOL,0.538812222670887,1,Medium Risk,53,103.85,5485.5,Month-to-month,Fiber optic,Electronic check,Yes
3460-TJBWI,0.023616237704982206,0,Low Risk,24,24.2,609.05,Two year,No,Mailed check,No
5917-HBSDW,0.04534496713068702,0,Low Risk,37,19.35,683.75,Month-to-month,No,Electronic check,No
5685-IIXLY,0.637807839057627,1,Medium Risk,5,83.6,404.2,Month-to-month,Fiber optic,Electronic check,Yes
5671-UUNXD,0.3495423554544707,0,Low Risk,50,100.65,5189.75,One year,Fiber optic,Electronic check,No
0956-ACVZC,0.19755195188388347,0,Low Risk,54,94.1,5060.9,One year,Fiber optic,Credit card (automatic),No
2325-NBPZG,0.5923814039662695,1,Medium Risk,3,74.55,233.65,Month-to-month,Fiber optic,Electronic check,No
4250-ZBWLV,0.139252248006848,0,Low Risk,68,108.45,7176.55,One year,Fiber optic,Electronic check,Yes
4482-FTFFX,0.3008305551312515,0,Low Risk,5,56.15,291.45,Month-to-month,DSL,Electronic check,No
8859-DZTGQ,0.014044081592272361,0,Low Risk,33,20.35,689.75,Two year,No,Mailed check,No
0440-MOGPM,0.19601420696429936,0,Low Risk,41,80.55,3263.9,One year,DSL,Electronic check,No
0020-JDNXP,0.0673233420182332,0,Low Risk,34,61.25,1993.2,One year,DSL,Mailed check,No
3752-CQSJI,0.13618615024149033,0,Low Risk,13,20.45,254.5,Month-to-month,No,Mailed check,No
5025-GOOKI,0.11110961795959519,0,Low Risk,20,18.9,347.65,Month-to-month,No,Credit card (automatic),No
4698-KVLLG,0.006107607357968781,0,Low Risk,51,19.6,967.9,Two year,No,Credit card (automatic),No
5095-AESKG,0.6727958176023734,1,Medium Risk,3,91.5,242.95,Month-to-month,Fiber optic,Credit card (automatic),Yes
2887-JPYLU,0.07167310936577212,0,Low Risk,41,45.2,1841.9,Month-to-month,DSL,Bank transfer (automatic),No
4770-QAZXN,0.10749088615484877,0,Low Risk,13,19.45,232.1,Month-to-month,No,Credit card (automatic),No
4896-CPRPF,0.013199839291138677,0,Low Risk,35,25.45,809.25,Two year,No,Bank transfer (automatic),No
1871-MOWRM,0.25902078252055505,0,Low Risk,12,80.85,866.45,Month-to-month,Fiber optic,Bank transfer (automatic),Yes
9714-EDSUC,0.4252399560337434,0,Medium Risk,4,94.9,360.55,Month-to-month,Fiber optic,Mailed check,No
2027-OAQQC,0.25480515616528926,0,Low Risk,43,49.05,2076.2,Month-to-month,DSL,Bank transfer (automatic),Yes
0282-NVSJS,0.34814883365714816,0,Low Risk,12,29.3,355.9,Month-to-month,DSL,Mailed check,No
9090-SGQXL,0.45490949726528634,0,Medium Risk,68,105.3,7299.65,Month-to-month,Fiber optic,Electronic check,Yes
6595-YGXIT,0.655862458349283,1,Medium Risk,25,88.95,2291.2,Month-to-month,Fiber optic,Electronic check,Yes
7353-YOWFP,0.08187648307796727,0,Low Risk,7,20.25,129.15,One year,No,Mailed check,No
9835-ZIITK,0.25103535164126733,0,Low Risk,66,110.85,7491.75,One year,Fiber optic,Electronic check,Yes
8008-ESFLK,0.11108720901411526,0,Low Risk,53,110.5,5835.5,One year,Fiber optic,Electronic check,No
7537-CBQUZ,0.3043354497498227,0,Low Risk,63,109.4,7031.45,Month-to-month,Fiber optic,Bank transfer (automatic),No
1555-DJEQW,0.04328902330579638,0,Low Risk,70,114.2,7723.9,Two year,Fiber optic,Bank transfer (automatic),Yes
5649-TJHOV,0.3005261384619088,0,Low Risk,27,36.5,1032.0,Month-to-month,DSL,Bank transfer (automatic),Yes
0519-XUZJU,0.5405289048022597,1,Medium Risk,1,70.75,70.75,Month-to-month,Fiber optic,Mailed check,Yes
3363-EWLGO,0.16328930248283205,0,Low Risk,5,19.95,109.6,Month-to-month,No,Mailed check,No
4750-UKWJK,0.024773644036799356,0,Low Risk,37,19.6,727.8,One year,No,Mailed check,No
6338-AVWCY,0.6026339296100593,1,Medium Risk,3,40.15,130.75,Month-to-month,DSL,Mailed check,Yes
1689-YQBYY,0.6347560515176699,1,Medium Risk,12,76.6,893.0,Month-to-month,Fiber optic,Electronic check,No
4487-ZYJZK,0.014999702393945453,0,Low Risk,38,19.6,763.1,One year,No,Credit card (automatic),No
2959-FENLU,0.5912738834246432,1,Medium Risk,9,85.3,781.4,Month-to-month,Fiber optic,Credit card (automatic),No
0708-LGSMF,0.4454341550050674,0,Medium Risk,13,65.85,902.25,Month-to-month,DSL,Electronic check,No
9253-QXKBE,0.7186097375147151,1,High Risk,29,94.45,2653.65,Month-to-month,Fiber optic,Electronic check,Yes
7634-HLQJR,0.005350550782908377,0,Low Risk,47,20.05,1016.7,Two year,No,Credit card (automatic),No
0487-RPVUM,0.12879137050464418,0,Low Risk,61,99.4,5943.65,Month-to-month,Fiber optic,Bank transfer (automatic),No
4079-ULGFR,0.1045291399640797,0,Low Risk,16,20.0,275.7,Month-to-month,No,Mailed check,No
2516-XSJKX,0.023931241824533777,0,Low Risk,41,78.45,3126.45,Two year,DSL,Electronic check,No
0057-QBUQH,0.019075089118421106,0,Low Risk,43,25.1,1070.15,Two year,No,Electronic check,No
9445-SZLCH,0.38775064705061274,0,Low Risk,36,97.35,3457.9,Month-to-month,Fiber optic,Bank transfer (automatic),Yes
6599-SFQVE,0.5274930780479321,1,Medium Risk,6,55.0,340.4,Month-to-month,DSL,Electronic check,No
8331-ZXFOE,0.024078944237056046,0,Low Risk,58,71.1,4299.2,One year,DSL,Credit card (automatic),No
4003-FUSHP,0.23747656181621327,0,Low Risk,19,61.55,1093.2,Month-to-month,DSL,Credit card (automatic),No
0356-ERHVT,0.3377845467597153,0,Low Risk,11,45.9,521.9,Month-to-month,DSL,Bank transfer (automatic),No
7325-ENZFI,0.04628978601274946,0,Low Risk,39,40.3,1630.4,One year,DSL,Bank transfer (automatic),No
4884-ZTHVF,0.6987549213473428,1,Medium Risk,8,87.1,713.6,Month-to-month,Fiber optic,Electronic check,No
3920-HIHMQ,0.23292860691443185,0,Low Risk,26,49.5,1265.65,Month-to-month,DSL,Mailed check,No
3055-OYMSE,0.20772359398322135,0,Low Risk,53,73.8,4003.85,Month-to-month,Fiber optic,Credit card (automatic),No
0613-WUXUM,0.002824598349606405,0,Low Risk,70,19.2,1401.4,Two year,No,Mailed check,No
7568-PODML,0.6810748861298266,1,Medium Risk,1,45.3,45.3,Month-to-month,DSL,Mailed check,Yes
4458-KVRBJ,0.005901978504066377,0,Low Risk,59,25.0,1510.5,Two year,No,Mailed check,No
5349-IECLD,0.7039887719768487,1,High Risk,2,94.95,178.1,Month-to-month,Fiber optic,Electronic check,Yes
1397-XKKWR,0.18865137750551744,0,Low Risk,7,35.3,264.8,One year,DSL,Mailed check,No
3945-GFWQL,0.35233439407345896,0,Low Risk,12,44.55,480.6,Month-to-month,DSL,Electronic check,Yes
8097-OMULG,0.02439925601709292,0,Low Risk,59,76.75,4541.9,One year,DSL,Credit card (automatic),No
6013-BHCAW,0.030814452603447392,0,Low Risk,61,81.0,4976.15,Two year,DSL,Bank transfer (automatic),No
0401-WDBXM,0.06523764372693223,0,Low Risk,72,105.55,7542.25,Two year,Fiber optic,Bank transfer (automatic),No
3387-PLKUI,0.09754727119788897,0,Low Risk,13,18.8,251.25,Month-to-month,No,Mailed check,No
6096-EGVTU,0.0069432209293933105,0,Low Risk,64,24.9,1595.5,One year,No,Mailed check,No
3797-VTIDR,0.662400585496581,1,Medium Risk,1,23.45,23.45,Month-to-month,DSL,Electronic check,Yes
5081-NWSUP,0.12321701586482321,0,Low Risk,10,64.9,685.55,One year,DSL,Mailed check,No
2580-ATZSQ,0.009648786119260738,0,Low Risk,65,61.35,3874.1,One year,DSL,Bank transfer (automatic),No
8085-MSNLK,0.048962093715755994,0,Low Risk,62,113.95,6891.4,Two year,Fiber optic,Mailed check,No
9691-HKOVS,0.07408616656754924,0,Low Risk,55,90.15,4916.95,One year,DSL,Electronic check,No
9881-VCZEP,0.25065965013441166,0,Low Risk,25,54.1,1373.0,Month-to-month,DSL,Electronic check,No
9526-BIHHD,0.3835863191840542,0,Low Risk,1,29.7,29.7,Month-to-month,DSL,Mailed check,Yes
8757-TFHHJ,0.3228468561218821,0,Low Risk,1,49.8,49.8,Month-to-month,DSL,Credit card (automatic),No
4523-WXCEF,0.37252519777151566,0,Low Risk,59,101.1,6039.9,Month-to-month,Fiber optic,Electronic check,Yes
1468-DEFNC,0.005900157909715721,0,Low Risk,64,24.4,1548.65,Two year,No,Bank transfer (automatic),No
5119-KEPFY,0.5553739774447547,1,Medium Risk,36,95.0,3440.25,Month-to-month,Fiber optic,Bank transfer (automatic),No
8364-TRMMK,0.49097972895976244,0,Medium Risk,3,50.65,151.3,Month-to-month,DSL,Mailed check,Yes
0916-KNFAJ,0.02656844114467384,0,Low Risk,61,69.9,4226.7,Two year,DSL,Mailed check,No
8319-QBEHW,0.1574506504530077,0,Low Risk,26,39.95,1023.75,One year,DSL,Bank transfer (automatic),No
3063-QFSZL,0.574885790202427,1,Medium Risk,1,55.4,55.4,Month-to-month,DSL,Electronic check,Yes
8775-LHDJH,0.7953112712763253,1,High Risk,1,90.6,90.6,Month-to-month,Fiber optic,Electronic check,Yes
9625-QNLUX,0.044747928822595574,0,Low Risk,68,103.25,7074.4,Two year,Fiber optic,Credit card (automatic),No
3097-NQYSN,0.7675519637947386,1,High Risk,2,86.85,156.35,Month-to-month,Fiber optic,Mailed check,Yes
4024-CSNBY,0.0261608286083031,0,Low Risk,72,94.25,6849.75,Two year,Fiber optic,Bank transfer (automatic),No
7110-BDTWG,0.02318987729867104,0,Low Risk,71,47.05,3263.6,Two year,DSL,Electronic check,No
7493-GVFIO,0.00422234565034013,0,Low Risk,57,20.55,1252.85,Two year,No,Credit card (automatic),No
0690-SRQID,0.23236058868231294,0,Low Risk,4,19.65,67.55,Month-to-month,No,Mailed check,No
9605-WGJVW,0.7339696237408428,1,High Risk,1,70.2,70.2,Month-to-month,Fiber optic,Electronic check,No
9114-DPSIA,0.006332239834284546,0,Low Risk,72,81.0,5750.0,Two year,DSL,Credit card (automatic),No
4700-UBQMV,0.17239587487240468,0,Low Risk,21,75.9,1549.75,One year,DSL,Bank transfer (automatic),No
7711-GQBZC,0.0025354611888860415,0,Low Risk,71,24.7,1810.55,Two year,No,Bank transfer (automatic),No
3565-UNOCC,0.6342755262638646,1,Medium Risk,29,99.05,2952.85,Month-to-month,Fiber optic,Bank transfer (automatic),Yes
4627-MIHJH,0.048586050231038944,0,Low Risk,69,110.25,7467.55,Two year,Fiber optic,Credit card (automatic),No
9795-NREXC,0.023408890535655105,0,Low Risk,64,85.0,5484.4,Two year,DSL,Credit card (automatic),No
8573-CGOCC,0.09649815164038565,0,Low Risk,16,19.75,294.9,Month-to-month,No,Credit card (automatic),No
7356-AYNJP,0.16030797279989548,0,Low Risk,4,23.9,97.5,One year,No,Electronic check,No
9249-FXSCK,0.14898510743788793,0,Low Risk,52,111.25,5916.45,One year,Fiber optic,Credit card (automatic),Yes
5493-SDRDQ,0.3254331870569773,0,Low Risk,2,55.1,113.35,Month-to-month,DSL,Mailed check,Yes
6286-SUUWT,0.1938564398981395,0,Low Risk,1,19.95,19.95,Month-to-month,No,Mailed check,No
4819-HJPIW,0.3042667154184897,0,Low Risk,18,25.15,476.8,Month-to-month,DSL,Mailed check,No
8654-DHAOW,0.3654103261708549,0,Low Risk,2,54.15,101.65,Month-to-month,DSL,Mailed check,No
5438-QMDDL,0.29656896639183755,0,Low Risk,19,59.8,1130.85,Month-to-month,DSL,Mailed check,No
9812-GHVRI,0.35565936684156374,0,Low Risk,40,83.85,3532.25,Month-to-month,Fiber optic,Bank transfer (automatic),No
5553-AOINX,0.24832893716744853,0,Low Risk,66,104.9,6891.45,One year,Fiber optic,Electronic check,No
1228-ZLNBX,0.4479649283100577,0,Medium Risk,21,75.3,1570.7,Month-to-month,Fiber optic,Mailed check,No
4226-KKDON,0.3800060639984949,0,Low Risk,8,66.65,520.95,Month-to-month,DSL,Electronic check,No
3831-YCPUO,0.029896968050220525,0,Low Risk,72,109.5,7854.9,Two year,Fiber optic,Credit card (automatic),No
7445-WMRBW,0.063582890290207,0,Low Risk,48,73.85,3581.4,One year,DSL,Bank transfer (automatic),No
3308-DGHKL,0.003535495350964576,0,Low Risk,69,19.3,1447.9,Two year,No,Bank transfer (automatic),No
9924-JPRMC,0.08526368271385219,0,Low Risk,72,118.2,8547.15,Two year,Fiber optic,Electronic check,No
0080-EMYVY,0.11047458582976163,0,Low Risk,14,51.45,727.85,One year,DSL,Credit card (automatic),No
6218-KNUBD,0.396382647170001,0,Low Risk,6,59.45,357.6,Month-to-month,DSL,Electronic check,No
7337-CINUD,0.03335690643907454,0,Low Risk,8,19.5,159.35,Two year,No,Bank transfer (automatic),No
7609-NRNCA,0.051955724840474955,0,Low Risk,17,19.55,280.85,One year,No,Mailed check,No
0623-EJQEG,0.0867960006931552,0,Low Risk,65,93.55,6069.25,One year,Fiber optic,Electronic check,No
7153-CHRBV,0.015957241584956625,0,Low Risk,57,59.3,3274.35,One year,DSL,Mailed check,No
0871-URUWO,0.6987900473486629,1,Medium Risk,13,102.25,1359.0,Month-to-month,Fiber optic,Credit card (automatic),Yes
9190-MFJLN,0.6165704601758702,1,Medium Risk,19,95.9,1777.9,Month-to-month,Fiber optic,Credit card (automatic),Yes
6198-PNNSZ,0.13036984891225123,0,Low Risk,56,109.8,6109.65,One year,Fiber optic,Bank transfer (automatic),No
3317-VLGQT,0.6629824670806623,1,Medium Risk,14,78.1,1122.4,Month-to-month,Fiber optic,Electronic check,No
4132-POCZS,0.15219706930507101,0,Low Risk,52,39.9,2020.9,Month-to-month,DSL,Electronic check,No
5614-DNZCE,0.008630648848049646,0,Low Risk,58,64.9,3795.45,Two year,DSL,Credit card (automatic),No
1095-JUDTC,0.4103163424490991,0,Medium Risk,47,95.05,4504.55,Month-to-month,Fiber optic,Electronic check,Yes
3896-RCYYE,0.08562935206864156,0,Low Risk,67,53.4,3579.15,Month-to-month,DSL,Credit card (automatic),No
9638-JIQYA,0.5468154309883987,1,Medium Risk,2,24.9,49.7,Month-to-month,DSL,Credit card (automatic),No
3258-SANFR,0.3216686669928575,0,Low Risk,6,44.7,276.5,Month-to-month,DSL,Credit card (automatic),No
3726-TBHQT,0.04675656817659463,0,Low Risk,71,114.0,8175.9,Two year,Fiber optic,Bank transfer (automatic),No
3190-ITQXP,0.00561547877124043,0,Low Risk,46,20.25,890.35,Two year,No,Bank transfer (automatic),No
0870-VEMYL,0.1574238643761319,0,Low Risk,5,53.85,259.8,Month-to-month,DSL,Credit card (automatic),Yes
4833-QTJNO,0.10617159730201721,0,Low Risk,67,83.85,5588.8,Month-to-month,Fiber optic,Bank transfer (automatic),No
3039-MJSLN,0.14016617071838666,0,Low Risk,3,20.2,50.6,Month-to-month,No,Bank transfer (automatic),No
0178-CIIKR,0.1762570304918907,0,Low Risk,3,19.95,58.0,Month-to-month,No,Mailed check,No
5385-SUIRI,0.49520506610689785,0,Medium Risk,52,104.2,5568.35,Month-to-month,Fiber optic,Electronic check,Yes
3982-XWFZQ,0.22711956413011644,0,Low Risk,42,50.25,2203.65,Month-to-month,DSL,Electronic check,Yes
5774-QPLTF,0.013667894949675146,0,Low Risk,50,20.35,938.95,One year,No,Mailed check,No
2322-VCZHZ,0.4982083151385666,0,Medium Risk,23,90.0,2024.1,Month-to-month,Fiber optic,Electronic check,No
5010-IPEAQ,0.006219876338327404,0,Low Risk,67,54.2,3623.95,Two year,DSL,Credit card (automatic),No
4009-ALQFH,0.5933375554749851,1,Medium Risk,25,99.5,2369.05,Month-to-month,Fiber optic,Electronic check,Yes
6383-ZTSIW,0.17030150489156967,0,Low Risk,39,99.1,3877.95,One year,Fiber optic,Mailed check,No
8990-YOZLV,0.008992063424999116,0,Low Risk,69,66.9,4577.9,Two year,DSL,Mailed check,No
3069-SSVSN,0.3203570481915557,0,Low Risk,1,25.85,25.85,One year,DSL,Mailed check,No
5222-IMUKT,0.5015994096386573,1,Medium Risk,32,91.05,2871.5,Month-to-month,Fiber optic,Electronic check,No
3627-FCRDW,0.554867507329314,1,Medium Risk,9,71.0,672.55,Month-to-month,Fiber optic,Electronic check,Yes
7562-GSUHK,0.5051543393813258,1,Medium Risk,16,93.2,1573.7,Month-to-month,Fiber optic,Credit card (automatic),Yes
6685-XSHHU,0.004413396917576876,0,Low Risk,60,20.95,1270.55,Two year,No,Bank transfer (automatic),No
8901-UPRHR,0.05862314845534682,0,Low Risk,72,109.2,7711.45,Two year,Fiber optic,Bank transfer (automatic),No
4903-UYAVB,0.16948200988044776,0,Low Risk,5,19.35,126.05,Month-to-month,No,Mailed check,Yes
0118-JPNOY,0.39990837584448474,0,Low Risk,26,85.8,2193.65,Month-to-month,Fiber optic,Credit card (automatic),No
6776-TLWOI,0.17961302112502683,0,Low Risk,3,19.85,64.55,Month-to-month,No,Mailed check,Yes
3845-FXCYS,0.31623401421140923,0,Low Risk,2,19.65,31.2,Month-to-month,No,Electronic check,No
5857-XRECV,0.0780501513292877,0,Low Risk,2,20.5,38.25,One year,No,Bank transfer (automatic),No
0725-CXOTM,0.10181948230293032,0,Low Risk,36,89.65,3348.1,One year,DSL,Credit card (automatic),No
4343-EJVQB,0.3907603802857751,0,Low Risk,7,74.35,533.6,Month-to-month,Fiber optic,Mailed check,No
9000-PLFUZ,0.0445126744058038,0,Low Risk,60,49.45,2907.55,Two year,DSL,Credit card (automatic),No
3427-GGZZI,0.6555453312463007,1,Medium Risk,19,89.1,1620.8,Month-to-month,Fiber optic,Electronic check,No
7779-ORAEL,0.02536122708955218,0,Low Risk,45,75.15,3480.35,Two year,DSL,Credit card (automatic),No
0644-OQMDK,0.718009825574722,1,High Risk,4,70.65,293.85,Month-to-month,Fiber optic,Electronic check,No
4077-CROMM,0.5388990865707814,1,Medium Risk,31,104.2,3243.45,Month-to-month,Fiber optic,Electronic check,Yes
3154-CFSZG,0.20455806901200313,0,Low Risk,47,90.05,4137.2,Month-to-month,Fiber optic,Electronic check,No
2868-MZAGQ,0.7506839462942089,1,High Risk,1,79.25,79.25,Month-to-month,Fiber optic,Electronic check,Yes
4847-QNOKA,0.4234457112908339,0,Medium Risk,1,44.9,44.9,Month-to-month,DSL,Bank transfer (automatic),Yes
2220-IAHLS,0.17647011557208725,0,Low Risk,1,19.4,19.4,Month-to-month,No,Credit card (automatic),No
1658-XUHBX,0.2902134143187497,0,Low Risk,59,88.75,5348.65,Month-to-month,Fiber optic,Credit card (automatic),No
6379-RXJRQ,0.6412726193181426,1,Medium Risk,10,70.1,659.65,Month-to-month,Fiber optic,Electronic check,Yes
2378-HTWFW,0.33131241571533165,0,Low Risk,35,91.0,3180.5,Month-to-month,Fiber optic,Credit card (automatic),No
8650-RHRKE,0.6168712448552719,1,Medium Risk,4,29.65,118.5,Month-to-month,DSL,Electronic check,Yes
4377-VDHYI,0.21603117986082715,0,Low Risk,32,90.8,3023.85,One year,Fiber optic,Electronic check,No
0475-RIJEP,0.40259679196477366,0,Medium Risk,43,77.85,3365.85,Month-to-month,Fiber optic,Electronic check,Yes
1260-TTRXI,0.4561786451975635,0,Medium Risk,4,54.3,195.3,Month-to-month,DSL,Electronic check,Yes
3719-TDVQB,0.008617574246578425,0,Low Risk,54,18.95,1031.1,Two year,No,Mailed check,No
6328-ZPBGN,0.7381518320047353,1,High Risk,11,95.15,997.65,Month-to-month,Fiber optic,Bank transfer (automatic),Yes
0201-MIBOL,0.09684373147451217,0,Low Risk,66,102.4,6471.85,Two year,Fiber optic,Bank transfer (automatic),No
4937-QPZPO,0.27796496230775436,0,Low Risk,61,99.9,6241.35,One year,Fiber optic,Electronic check,No
2925-VDZHY,0.00939044914460343,0,Low Risk,72,88.7,6501.35,Two year,DSL,Credit card (automatic),No
6981-TDRFT,0.12774011468873914,0,Low Risk,44,54.3,2317.1,One year,DSL,Electronic check,No
3413-CSSTH,0.1678201981757297,0,Low Risk,41,55.7,2237.55,Month-to-month,DSL,Bank transfer (automatic),No
8033-VCZGH,0.30358250164327233,0,Low Risk,50,103.95,5231.3,One year,Fiber optic,Electronic check,No
4789-KWMXN,0.18784183318709552,0,Low Risk,47,110.85,5275.8,One year,Fiber optic,Credit card (automatic),Yes
0224-NIJLP,0.036363250352520825,0,Low Risk,8,20.15,165.5,Two year,No,Mailed check,No
7542-CYDDM,0.09689799367149045,0,Low Risk,18,20.05,358.5,Month-to-month,No,Mailed check,No
4718-WXBGI,0.014022130079531351,0,Low Risk,72,91.95,6614.9,Two year,DSL,Credit card (automatic),No
2867-UIMSS,0.6742695338521242,1,Medium Risk,1,80.5,80.5,Month-to-month,Fiber optic,Electronic check,Yes
8495-PRWFH,0.18818429496901684,0,Low Risk,42,55.65,2421.75,Month-to-month,DSL,Electronic check,No
0439-IFYUN,0.5614886486867554,1,Medium Risk,18,74.7,1294.6,Month-to-month,Fiber optic,Electronic check,No
5716-LIBJC,0.42451219466468143,0,Medium Risk,13,104.15,1299.1,One year,Fiber optic,Credit card (automatic),No
2868-LLSKM,0.05705212196848036,0,Low Risk,68,83.65,5733.4,One year,Fiber optic,Bank transfer (automatic),No
8111-RKSPX,0.6630215301762158,1,Medium Risk,4,72.2,305.55,Month-to-month,Fiber optic,Bank transfer (automatic),Yes
2988-QRAJY,0.07353025826382625,0,Low Risk,69,110.05,7430.75,Two year,Fiber optic,Credit card (automatic),No
1585-MQSSU,0.1673916155254096,0,Low Risk,17,51.5,900.5,Month-to-month,DSL,Mailed check,Yes
0071-NDAFP,0.020598106052321558,0,Low Risk,25,25.5,630.6,Two year,No,Credit card (automatic),No
2856-NNASM,0.46742967733302165,0,Medium Risk,43,89.55,3856.75,Month-to-month,Fiber optic,Mailed check,Yes
7328-ZJAJO,0.0030082622382290097,0,Low Risk,59,19.5,1222.65,Two year,No,Credit card (automatic),No
6458-CYIDZ,0.47463672984552324,0,Medium Risk,5,80.7,374.8,Month-to-month,Fiber optic,Electronic check,No
8559-CIZFV,0.06703801233384525,0,Low Risk,21,77.5,1625.0,One year,DSL,Mailed check,Yes
1090-PYKCI,0.058831940254644624,0,Low Risk,69,105.1,7234.8,One year,Fiber optic,Credit card (automatic),No
3058-WQDRE,0.42767656988494884,0,Medium Risk,13,25.15,331.85,Month-to-month,DSL,Bank transfer (automatic),No
7547-EKNFS,0.4009772223165146,0,Medium Risk,42,95.25,3959.35,Month-to-month,Fiber optic,Bank transfer (automatic),Yes
2279-AXJJK,0.26722457515585674,0,Low Risk,52,95.65,5088.4,Month-to-month,Fiber optic,Credit card (automatic),No
6769-DYBQN,0.2794906922799297,0,Low Risk,46,85.0,3969.4,Month-to-month,Fiber optic,Electronic check,Yes
0909-SELIE,0.016777279147832773,0,Low Risk,61,80.8,4860.85,Two year,DSL,Bank transfer (automatic),No
3417-TSCIC,0.16324109776867057,0,Low Risk,29,24.85,788.05,One year,DSL,Mailed check,No
1042-HFUCW,0.059445574342574095,0,Low Risk,25,54.75,1266.35,One year,DSL,Credit card (automatic),No
4439-JMPMT,0.5940373040214276,1,Medium Risk,5,85.75,470.95,Month-to-month,Fiber optic,Electronic check,Yes
6537-OTKMY,0.35622754071933627,0,Low Risk,15,50.75,688.2,One year,DSL,Electronic check,No
8999-EXMNO,0.02145744175416022,0,Low Risk,19,20.15,387.7,Two year,No,Mailed check,No
6725-TPKJO,0.008247710379094891,0,Low Risk,44,20.05,845.25,Two year,No,Mailed check,No
2446-BEGGB,0.8028176982661631,1,High Risk,6,98.25,560.6,Month-to-month,Fiber optic,Electronic check,Yes
7162-WPHPM,0.007310507172522995,0,Low Risk,58,71.6,4230.25,Two year,DSL,Credit card (automatic),No
1599-MMYRQ,0.046936688063224666,0,Low Risk,62,81.45,4983.05,One year,Fiber optic,Credit card (automatic),No
8821-KVZKQ,0.03122623851201784,0,Low Risk,70,58.4,4113.15,One year,DSL,Bank transfer (automatic),No
1496-GGSUK,0.6120311350720277,1,Medium Risk,1,25.7,25.7,Month-to-month,DSL,Mailed check,Yes
6434-TTGJP,0.05559031074515585,0,Low Risk,10,53.7,521.0,Two year,DSL,Credit card (automatic),No
0042-JVWOJ,0.047543405016371165,0,Low Risk,26,19.6,471.85,One year,No,Bank transfer (automatic),No
0130-SXOUN,0.17696969539992718,0,Low Risk,66,89.4,5976.9,Month-to-month,Fiber optic,Credit card (automatic),No
2575-GFSOE,0.6112981509035048,1,Medium Risk,7,69.0,506.9,Month-to-month,Fiber optic,Electronic check,Yes
2330-PQGDQ,0.06767879748496522,0,Low Risk,51,84.2,4299.75,One year,Fiber optic,Bank transfer (automatic),No
1452-UZOSF,0.030412433370162504,0,Low Risk,72,106.1,7548.6,Two year,Fiber optic,Credit card (automatic),No
2097-YVPKN,0.004474588731018374,0,Low Risk,65,25.75,1654.75,Two year,No,Mailed check,No
2842-JTCCU,0.33049075877331974,0,Low Risk,2,46.05,80.35,Month-to-month,DSL,Bank transfer (automatic),Yes
8597-CTXVJ,0.008355205364439107,0,Low Risk,70,64.95,4551.5,One year,DSL,Bank transfer (automatic),No
6631-HMANX,0.024200953894397245,0,Low Risk,72,85.45,6227.5,Two year,DSL,Credit card (automatic),No
9962-BFPDU,0.16077891217049473,0,Low Risk,1,20.05,20.05,Month-to-month,No,Mailed check,No
3296-SILRA,0.6292695622127932,1,Medium Risk,1,76.4,76.4,Month-to-month,Fiber optic,Mailed check,Yes
9681-OXGVC,0.8071159849710651,1,High Risk,5,100.5,514.0,Month-to-month,Fiber optic,Electronic check,Yes
6394-HHHZM,0.17942639531737326,0,Low Risk,3,20.7,57.5,Month-to-month,No,Mailed check,No
5995-LFTLE,0.00815701792103415,0,Low Risk,58,25.3,1474.35,Two year,No,Credit card (automatic),No
5180-UCIIQ,0.23008686233508244,0,Low Risk,22,40.05,880.2,Month-to-month,DSL,Mailed check,Yes
1932-UEDCX,0.5762727976357996,1,Medium Risk,33,100.6,3270.25,Month-to-month,Fiber optic,Bank transfer (automatic),No
7153-OANIO,0.6251084990440732,1,Medium Risk,1,69.95,69.95,Month-to-month,Fiber optic,Electronic check,Yes
5188-HGMLP,0.22175101009840792,0,Low Risk,54,74.0,3919.15,Month-to-month,Fiber optic,Bank transfer (automatic),No
0665-XHDJU,0.1402033599076048,0,Low Risk,72,99.4,7285.7,Two year,Fiber optic,Electronic check,No
6521-YYTYI,0.7984565226143779,1,High Risk,1,93.3,93.3,Month-to-month,Fiber optic,Electronic check,Yes
8878-HMWBV,0.4968220675671215,0,Medium Risk,3,49.15,169.05,Month-to-month,DSL,Electronic check,Yes
8265-HKSOW,0.021240069699764115,0,Low Risk,72,107.45,7658.3,Two year,Fiber optic,Credit card (automatic),No
3544-FBCAS,0.01700777914102215,0,Low Risk,72,83.6,5959.3,Two year,DSL,Credit card (automatic),No
5331-RGMTT,0.45368012580045897,0,Medium Risk,54,99.05,5295.7,Month-to-month,Fiber optic,Credit card (automatic),No
4759-PXTAN,0.08963419458363592,0,Low Risk,59,80.1,4693.2,One year,DSL,Electronic check,No
7054-DMVAS,0.019533370497783347,0,Low Risk,54,65.3,3512.9,Two year,DSL,Bank transfer (automatic),No
3428-MMGUB,0.14287960137297775,0,Low Risk,60,89.55,5231.2,Two year,Fiber optic,Electronic check,No
6549-BTYPG,0.020939541713677196,0,Low Risk,60,60.8,3603.45,Two year,DSL,Credit card (automatic),No
7823-JSOAG,0.6741903340655115,1,Medium Risk,3,74.5,217.45,Month-to-month,Fiber optic,Electronic check,No
3705-RHRFR,0.05747505305509777,0,Low Risk,69,99.15,6875.35,Two year,Fiber optic,Bank transfer (automatic),No
9374-YOLBJ,0.20998648254579827,0,Low Risk,1,19.25,19.25,Month-to-month,No,Electronic check,No
9074-KGVOX,0.09442767619445314,0,Low Risk,50,39.45,2021.35,Month-to-month,DSL,Credit card (automatic),No
6128-DAFVY,0.1658689424167132,0,Low Risk,56,44.85,2564.95,Month-to-month,DSL,Credit card (automatic),No
9933-QRGTX,0.07341729928206486,0,Low Risk,60,97.2,5611.75,Two year,Fiber optic,Electronic check,No
4476-OSWTN,0.14220238277567177,0,Low Risk,69,110.55,7610.1,One year,Fiber optic,Mailed check,No
3751-KTZEL,0.5365379895884078,1,Medium Risk,1,35.05,35.05,Month-to-month,DSL,Mailed check,Yes
1977-STDKI,0.6973856336848681,1,Medium Risk,1,73.0,73.0,Month-to-month,Fiber optic,Electronic check,Yes
5066-GFJMM,0.2405403061847116,0,Low Risk,3,19.9,45.75,Month-to-month,No,Mailed check,No
2661-GKBTK,0.013427577966995476,0,Low Risk,60,76.95,4543.95,Two year,DSL,Bank transfer (automatic),No
0458-HEUZG,0.08828062338125996,0,Low Risk,13,35.4,450.4,Two year,DSL,Mailed check,No
7268-WNTCP,0.0027514894811559885,0,Low Risk,62,20.45,1297.35,Two year,No,Bank transfer (automatic),No
0824-VWDPO,0.12792163371776288,0,Low Risk,45,96.75,4442.75,One year,Fiber optic,Bank transfer (automatic),No
8409-WQJUX,0.2078808548300757,0,Low Risk,25,54.2,1423.15,One year,DSL,Electronic check,No
2578-JQPHZ,0.08421561326972891,0,Low Risk,44,100.1,4378.35,Two year,Fiber optic,Bank transfer (automatic),No
3278-FSIXX,0.42862614242114244,0,Medium Risk,2,45.25,74.2,Month-to-month,DSL,Mailed check,No
5813-UECBU,0.4137561240153003,0,Medium Risk,33,83.85,2716.3,Month-to-month,Fiber optic,Credit card (automatic),Yes
0328-GRPMV,0.7038595403949308,1,High Risk,1,70.1,70.1,Month-to-month,Fiber optic,Electronic check,Yes
9746-UGFAC,0.03956550468940958,0,Low Risk,22,20.85,450.65,One year,No,Bank transfer (automatic),No
2946-KIQSP,0.16544441360038312,0,Low Risk,35,33.45,1175.85,Month-to-month,DSL,Mailed check,No
0625-AFOHS,0.013364990579970972,0,Low Risk,29,20.2,558.8,Two year,No,Mailed check,No
6726-WEXXK,0.3439481940421986,0,Low Risk,27,85.9,2220.1,One year,Fiber optic,Electronic check,No
4636-OLWOE,0.032809388879790305,0,Low Risk,54,61.0,3283.05,One year,DSL,Electronic check,No
4342-HENTK,0.7272186445854415,1,High Risk,2,70.65,142.35,Month-to-month,Fiber optic,Electronic check,Yes
4685-ERGHK,0.263439749284172,0,Low Risk,57,86.9,4939.25,One year,Fiber optic,Electronic check,No
0885-HMGPY,0.007488885261758434,0,Low Risk,62,69.4,4237.5,Two year,DSL,Bank transfer (automatic),No
5003-OKNNK,0.0437467567888983,0,Low Risk,15,20.35,335.95,One year,No,Credit card (automatic),No
4195-SMMNX,0.18632871328076073,0,Low Risk,2,20.35,33.2,Month-to-month,No,Mailed check,Yes
7208-PSIHR,0.08349733644914564,0,Low Risk,70,104.3,7188.5,Two year,Fiber optic,Bank transfer (automatic),No
4012-ZTHBR,0.27880403991023966,0,Low Risk,21,44.95,926.25,Month-to-month,DSL,Electronic check,No
0489-WMEMG,0.10986326878387623,0,Low Risk,23,49.45,1119.35,One year,DSL,Electronic check,No
7435-ZNUYY,0.08736458657569714,0,Low Risk,6,20.6,116.6,One year,No,Mailed check,No
1354-YZFNB,0.039723233880921346,0,Low Risk,4,19.55,68.8,Two year,No,Credit card (automatic),No
6956-SMUCM,0.5856391724470109,1,Medium Risk,3,99.0,287.4,Month-to-month,Fiber optic,Credit card (automatic),Yes
2985-FMWYF,0.7279598111848093,1,High Risk,23,93.5,2341.55,Month-to-month,Fiber optic,Electronic check,No
2812-ENYMO,0.10090882492307864,0,Low Risk,26,54.55,1362.85,One year,DSL,Credit card (automatic),No
2717-HVIZY,0.11885808030503053,0,Low Risk,8,20.05,163.6,Month-to-month,No,Mailed check,No
3223-WZWJM,0.6489842587494644,1,Medium Risk,26,83.95,2254.2,Month-to-month,Fiber optic,Electronic check,Yes
3422-GALYP,0.7227143297587597,1,High Risk,2,79.45,145.15,Month-to-month,Fiber optic,Electronic check,No
9053-JZFKV,0.04286385860009291,0,Low Risk,67,116.2,7752.3,Two year,Fiber optic,Credit card (automatic),Yes
2530-ENDWQ,0.10238276456502145,0,Low Risk,71,93.7,6585.35,Two year,Fiber optic,Bank transfer (automatic),Yes
2890-WFBHU,0.021944410443022547,0,Low Risk,59,79.85,4786.1,One year,DSL,Credit card (automatic),No
0327-WFZSY,0.3159254947049496,0,Low Risk,39,100.0,3835.55,One year,Fiber optic,Electronic check,No
7977-HXJKU,0.019436660186995275,0,Low Risk,21,19.6,397.0,Two year,No,Mailed check,No
6615-ZGEDR,0.19382484789642496,0,Low Risk,1,19.7,19.7,Month-to-month,No,Mailed check,Yes
7033-CLAMM,0.0052328005107371315,0,Low Risk,48,20.2,1027.25,Two year,No,Bank transfer (automatic),No
4023-RTIQM,0.1270094522777449,0,Low Risk,31,50.4,1580.1,One year,DSL,Credit card (automatic),No
0864-FVJNJ,0.0949031472664618,0,Low Risk,64,113.35,7222.75,One year,Fiber optic,Electronic check,No
7356-IWLFW,0.2590376841481267,0,Low Risk,46,80.0,3769.7,Month-to-month,Fiber optic,Bank transfer (automatic),No
9541-PWTWO,0.04852793304225826,0,Low Risk,52,80.95,4233.95,Two year,DSL,Bank transfer (automatic),No
3967-VQOGC,0.004699931496213507,0,Low Risk,67,24.9,1680.25,Two year,No,Mailed check,No
7872-RDDLZ,0.07017063176098495,0,Low Risk,67,54.9,3725.5,Month-to-month,DSL,Electronic check,No
9250-WYPLL,0.6570425838157437,1,Medium Risk,5,75.55,413.65,Month-to-month,Fiber optic,Electronic check,Yes
6308-CQRBU,0.0772253604515764,0,Low Risk,71,109.25,7707.7,Two year,Fiber optic,Electronic check,No
2754-XBHTB,0.604150468235347,1,Medium Risk,9,77.65,714.15,Month-to-month,Fiber optic,Bank transfer (automatic),Yes
1597-LHYNC,0.5488997003735591,1,Medium Risk,26,95.0,2497.2,Month-to-month,Fiber optic,Electronic check,Yes
0186-CAERR,0.10502368793984763,0,Low Risk,71,116.3,8309.55,One year,Fiber optic,Bank transfer (automatic),No
3043-SUDUA,0.04772990574714711,0,Low Risk,32,19.9,601.55,Month-to-month,No,Bank transfer (automatic),No
5442-BHQNG,0.6117977968262251,1,Medium Risk,2,70.35,139.25,Month-to-month,Fiber optic,Electronic check,No
2169-RRLFW,0.0031509064024261625,0,Low Risk,71,25.6,1888.25,Two year,No,Credit card (automatic),No
5872-OEQNH,0.061797444653968095,0,Low Risk,60,44.45,2773.9,One year,DSL,Electronic check,No
3162-KKZXO,0.3747008498990752,0,Low Risk,55,100.15,5409.75,One year,Fiber optic,Electronic check,No
7055-VKGDA,0.10169653231824946,0,Low Risk,54,105.4,5643.4,One year,Fiber optic,Credit card (automatic),Yes
0754-UKWQP,0.7768552857140999,1,High Risk,2,95.85,197.7,Month-to-month,Fiber optic,Electronic check,Yes
8873-GLDMH,0.6550610362002112,1,Medium Risk,6,73.85,401.3,Month-to-month,Fiber optic,Mailed check,No
5696-JVVQY,0.01854981865144102,0,Low Risk,48,70.1,3238.4,Two year,DSL,Credit card (automatic),No
8946-BFWSG,0.003963939060354095,0,Low Risk,63,25.25,1573.05,Two year,No,Mailed check,No
7493-TPUWZ,0.7298520276413936,1,High Risk,1,79.15,79.15,Month-to-month,Fiber optic,Electronic check,Yes
0547-HURJB,0.09392916837759942,0,Low Risk,12,21.05,235.8,Month-to-month,No,Credit card (automatic),No
8904-OPDCK,0.11754865891948167,0,Low Risk,54,24.95,1364.75,Month-to-month,DSL,Bank transfer (automatic),No
8845-LWKGE,0.11326418541682211,0,Low Risk,30,64.5,1985.15,One year,DSL,Electronic check,No
1577-HKTFG,0.05438987220445436,0,Low Risk,30,19.65,655.85,Month-to-month,No,Bank transfer (automatic),Yes
8752-STIVR,0.7267326251725852,1,High Risk,4,79.0,303.15,Month-to-month,Fiber optic,Electronic check,Yes
0691-NIKRI,0.2801807988354974,0,Low Risk,40,105.95,4335.2,One year,Fiber optic,Credit card (automatic),No
5022-JNQEQ,0.5005677573420941,1,Medium Risk,9,75.85,647.5,Month-to-month,Fiber optic,Electronic check,No
4558-FANTW,0.3148542720988993,0,Low Risk,17,91.85,1574.45,Month-to-month,Fiber optic,Electronic check,Yes
3249-VHRIP,0.02564831471809661,0,Low Risk,62,43.6,2748.7,Two year,DSL,Credit card (automatic),No
3736-BLEPA,0.20488870496322786,0,Low Risk,28,91.25,2483.65,One year,Fiber optic,Bank transfer (automatic),No
4701-LKOZD,0.012106903538411762,0,Low Risk,70,89.75,6367.2,Two year,DSL,Credit card (automatic),No
6603-QWSPR,0.10095962515251594,0,Low Risk,46,104.4,4904.2,Two year,Fiber optic,Bank transfer (automatic),No
9921-QFQUL,0.49247341092881436,0,Medium Risk,23,90.15,2044.95,Month-to-month,Fiber optic,Mailed check,No
1929-ZCBHE,0.031194458955576595,0,Low Risk,47,40.3,1794.8,One year,DSL,Electronic check,No
4378-MYPGO,0.04706395990226462,0,Low Risk,68,105.25,7173.15,Two year,Fiber optic,Bank transfer (automatic),No
8651-ENBZX,0.2890644723398077,0,Low Risk,60,106.0,6441.4,One year,Fiber optic,Electronic check,Yes
4129-LYCOI,0.09442094468734737,0,Low Risk,67,104.0,7039.05,Two year,Fiber optic,Electronic check,No
7798-JVXYM,0.417125950586776,0,Medium Risk,14,69.65,921.4,Month-to-month,DSL,Electronic check,No
8647-SDTWQ,0.27039483052157604,0,Low Risk,57,74.3,4018.35,Month-to-month,Fiber optic,Electronic check,No
2696-ECXKC,0.12531723334207323,0,Low Risk,55,100.9,5448.6,One year,Fiber optic,Mailed check,No
2081-KJSQF,0.2593812753836024,0,Low Risk,1,20.25,20.25,Month-to-month,No,Mailed check,No
7623-TRNQN,0.3042916343049278,0,Low Risk,1,49.9,49.9,Month-to-month,DSL,Mailed check,Yes
3323-CPBWR,0.4706910509146525,0,Medium Risk,23,96.9,2085.45,Month-to-month,Fiber optic,Credit card (automatic),No
9330-IJWIO,0.698248798672799,1,Medium Risk,13,100.35,1358.85,Month-to-month,Fiber optic,Electronic check,Yes
3384-CTMSF,0.5583360959032287,1,Medium Risk,47,104.1,5135.15,Month-to-month,Fiber optic,Electronic check,No
0902-RFHOF,0.020399510776758927,0,Low Risk,38,20.1,730.1,One year,No,Mailed check,No
9286-DOJGF,0.42024393753204176,0,Medium Risk,38,74.95,2869.85,Month-to-month,Fiber optic,Bank transfer (automatic),Yes
6048-QBXKL,0.4712222806235458,0,Medium Risk,2,56.55,118.25,Month-to-month,DSL,Credit card (automatic),No
9661-MHUMO,0.32030322278091694,0,Low Risk,1,49.25,49.25,Month-to-month,DSL,Credit card (automatic),Yes
7718-RXDGG,0.5087185072497717,1,Medium Risk,15,68.6,1108.6,Month-to-month,Fiber optic,Bank transfer (automatic),No
1025-FALIX,0.3930201326527562,0,Low Risk,26,69.05,1815.65,Month-to-month,Fiber optic,Credit card (automatic),No
3451-VAWLI,0.009309331386964393,0,Low Risk,35,19.7,730.4,Two year,No,Credit card (automatic),No
3407-QGWLG,0.20326858797783523,0,Low Risk,3,20.05,75.45,Month-to-month,No,Mailed check,No
1842-EZJMK,0.29390565357267234,0,Low Risk,50,103.7,5071.05,Month-to-month,Fiber optic,Electronic check,Yes
2347-WKKAE,0.4400411880517438,0,Medium Risk,42,94.4,4014.6,Month-to-month,Fiber optic,Electronic check,No
8735-DCXNF,0.19064465094960484,0,Low Risk,10,54.95,568.85,Month-to-month,DSL,Credit card (automatic),No
3214-IYUUQ,0.04499013914920231,0,Low Risk,61,93.7,5860.7,One year,Fiber optic,Bank transfer (automatic),No
1936-UAFEH,0.03725240183702911,0,Low Risk,68,110.25,7279.35,Two year,Fiber optic,Credit card (automatic),No
3587-PMCOY,0.4827648885288332,0,Medium Risk,10,98.9,1064.95,One year,Fiber optic,Electronic check,No
8079-XRJRS,0.07843888774885377,0,Low Risk,65,89.75,5769.6,One year,Fiber optic,Electronic check,Yes
1027-LKKQQ,0.010633678998201588,0,Low Risk,72,80.45,5886.85,Two year,DSL,Bank transfer (automatic),No
7148-XZPHA,0.11360315782142091,0,Low Risk,55,79.4,4238.45,Month-to-month,Fiber optic,Electronic check,No
8073-IJDCM,0.25530309494272035,0,Low Risk,1,20.3,20.3,Month-to-month,No,Mailed check,Yes
5309-TAIKL,0.24584372049415004,0,Low Risk,7,62.8,418.3,Month-to-month,DSL,Bank transfer (automatic),No
6856-RAURS,0.6869587734557033,1,Medium Risk,2,74.9,136.05,Month-to-month,Fiber optic,Mailed check,No
8778-LMWTJ,0.5441279931889986,1,Medium Risk,9,74.85,708.2,Month-to-month,Fiber optic,Electronic check,No
9717-IOAAF,0.027355498592894108,0,Low Risk,27,25.85,788.55,Two year,No,Credit card (automatic),No
8884-ADFVN,0.8268640401120233,1,High Risk,7,101.95,700.85,Month-to-month,Fiber optic,Electronic check,Yes
2845-KDHVX,0.015350799745059361,0,Low Risk,64,68.3,4378.8,Two year,DSL,Mailed check,No
0848-SOMKO,0.007835183226394761,0,Low Risk,70,48.4,3442.8,Two year,DSL,Bank transfer (automatic),No
2720-WGKHP,0.8482714871583737,1,High Risk,2,94.0,181.7,Month-to-month,Fiber optic,Electronic check,Yes
6734-FQAJX,0.07288432492331222,0,Low Risk,67,105.05,7171.7,Two year,Fiber optic,Electronic check,No
2869-ADAWR,0.36169724977575635,0,Low Risk,45,89.3,4016.85,Month-to-month,Fiber optic,Credit card (automatic),Yes
1535-VTJOQ,0.025478477897869178,0,Low Risk,24,25.15,553.0,Two year,No,Credit card (automatic),No
6368-TZZDT,0.03998770924175745,0,Low Risk,4,19.5,96.85,Two year,No,Credit card (automatic),No
0943-ZQPXH,0.3579528237759672,0,Low Risk,44,92.95,4122.9,Month-to-month,Fiber optic,Bank transfer (automatic),No
1293-BSEUN,0.0025977470402001467,0,Low Risk,72,20.7,1482.3,Two year,No,Mailed check,No
9894-EZEWG,0.5659473056663847,1,Medium Risk,1,74.3,74.3,Month-to-month,Fiber optic,Credit card (automatic),Yes
1302-TPUBN,0.00270195509763065,0,Low Risk,66,19.35,1240.8,Two year,No,Bank transfer (automatic),No
7851-FLGGQ,0.496175971515079,0,Medium Risk,1,44.65,44.65,Month-to-month,DSL,Mailed check,Yes
0637-UBJRP,0.42939868897463784,0,Medium Risk,13,84.05,1095.3,Month-to-month,Fiber optic,Electronic check,Yes
0940-OUQEC,0.5755311429328137,1,Medium Risk,10,80.7,788.8,Month-to-month,Fiber optic,Bank transfer (automatic),Yes
2378-VTKDH,0.4495288253833911,0,Medium Risk,65,104.35,6578.55,Month-to-month,Fiber optic,Electronic check,No
0927-CNGRH,0.16097266905917162,0,Low Risk,1,19.55,19.55,Month-to-month,No,Mailed check,No
8608-OZTLB,0.037826538116646234,0,Low Risk,38,74.05,2802.3,One year,DSL,Electronic check,No
2335-GSODA,0.03262001201934091,0,Low Risk,23,40.1,857.75,Two year,DSL,Mailed check,No
1952-DVVSW,0.07301964962006195,0,Low Risk,10,20.1,184.4,One year,No,Mailed check,No
0702-PGIBZ,0.7519511748758252,1,High Risk,4,101.7,364.55,Month-to-month,Fiber optic,Electronic check,Yes
6656-GULJQ,0.014708522986421854,0,Low Risk,72,83.55,6093.3,Two year,DSL,Credit card (automatic),No
9853-JFZDU,0.10313909373501996,0,Low Risk,35,56.85,1861.1,Month-to-month,DSL,Electronic check,No
1963-VAUKV,0.19059333083377894,0,Low Risk,1,20.4,20.4,Month-to-month,No,Mailed check,Yes
3777-XROBG,0.003059844676483811,0,Low Risk,58,19.55,1079.65,Two year,No,Credit card (automatic),No
6994-FGRHH,0.12285048925533243,0,Low Risk,70,106.15,7475.1,One year,Fiber optic,Electronic check,No
4000-VGMQP,0.08816274641933695,0,Low Risk,38,78.95,2862.55,One year,DSL,Credit card (automatic),No
3999-WRNGR,0.1592362356039505,0,Low Risk,60,49.75,3069.45,Month-to-month,DSL,Electronic check,No
3466-RITXD,0.40329978298026636,0,Medium Risk,26,92.4,2349.8,Month-to-month,Fiber optic,Credit card (automatic),No
2680-XKKNJ,0.06794193477074482,0,Low Risk,8,58.2,469.25,One year,DSL,Bank transfer (automatic),No
3058-HJCUY,0.3119431116280411,0,Low Risk,41,102.6,4213.35,One year,Fiber optic,Electronic check,Yes
2974-GGUXS,0.47417102185877574,0,Medium Risk,36,91.95,3301.05,Month-to-month,Fiber optic,Credit card (automatic),No
7994-XIRTR,0.034703290522682895,0,Low Risk,54,65.25,3529.95,One year,DSL,Bank transfer (automatic),No
3259-FDWOY,0.0897351496418372,0,Low Risk,71,106.0,7723.7,Two year,Fiber optic,Bank transfer (automatic),Yes
2101-RANCD,0.33792410466766104,0,Low Risk,55,73.1,4144.9,Month-to-month,Fiber optic,Electronic check,No
7921-BEPCI,0.0067025382419052615,0,Low Risk,72,59.75,4265.0,Two year,DSL,Bank transfer (automatic),No
0807-ZABDG,0.20515596684934262,0,Low Risk,3,55.1,154.65,Month-to-month,DSL,Mailed check,Yes
8510-TMWYB,0.02285583628683293,0,Low Risk,54,59.8,3246.45,Two year,DSL,Bank transfer (automatic),No
3258-ZKPAI,0.04626975603400291,0,Low Risk,72,116.6,8337.45,Two year,Fiber optic,Bank transfer (automatic),No
1428-IEDPR,0.1365567045059986,0,Low Risk,52,109.3,5731.4,Two year,Fiber optic,Electronic check,No
5298-GSTLM,0.2042341094004584,0,Low Risk,60,101.4,6176.6,One year,Fiber optic,Bank transfer (automatic),No
4450-YOOHP,0.2824724829372436,0,Low Risk,39,50.65,1905.4,Month-to-month,DSL,Credit card (automatic),No
6728-CZFEI,0.1676263715044267,0,Low Risk,15,56.15,931.9,One year,DSL,Mailed check,No
5748-RNCJT,0.09107196133247314,0,Low Risk,69,106.5,7348.8,Two year,Fiber optic,Bank transfer (automatic),Yes
3653-NCRDJ,0.018835037324418446,0,Low Risk,43,19.2,776.25,One year,No,Mailed check,No
6121-TNHBO,0.023746185970472424,0,Low Risk,63,83.0,5243.05,One year,DSL,Bank transfer (automatic),No
5119-NZPTV,0.6559459089939805,1,Medium Risk,2,70.1,141.65,Month-to-month,Fiber optic,Electronic check,No
6519-ZHPXP,0.029416621842127615,0,Low Risk,72,108.3,7679.65,Two year,Fiber optic,Bank transfer (automatic),No
7739-LAXOG,0.45210247498505474,0,Medium Risk,32,91.05,2954.5,Month-to-month,Fiber optic,Bank transfer (automatic),Yes
3472-QPRCH,0.01040686897780863,0,Low Risk,40,25.25,1006.9,Two year,No,Credit card (automatic),No
8224-UAXBZ,0.05796584093397371,0,Low Risk,58,45.35,2540.1,One year,DSL,Electronic check,No
9610-WCESF,0.012987359657154324,0,Low Risk,67,43.9,3097.2,Two year,DSL,Electronic check,No
9776-CLUJA,0.3088511901130448,0,Low Risk,51,77.5,3807.35,Month-to-month,Fiber optic,Electronic check,Yes
2486-WYVVE,0.17217937317037976,0,Low Risk,31,79.3,2484.0,One year,DSL,Mailed check,No
3865-ZYKAD,0.1373358396245215,0,Low Risk,69,84.9,5785.65,Month-to-month,Fiber optic,Credit card (automatic),No
1422-DGUBX,0.2956542005623715,0,Low Risk,32,79.25,2619.15,One year,Fiber optic,Electronic check,No
2999-AANRQ,0.029771547867209293,0,Low Risk,21,71.05,1524.85,Two year,DSL,Credit card (automatic),No
8668-KNZTI,0.03172385358149003,0,Low Risk,52,53.75,2790.65,One year,DSL,Electronic check,No
0480-KYJVA,0.002325996664975922,0,Low Risk,72,24.25,1784.5,Two year,No,Credit card (automatic),No
6034-ZRYCV,0.03866987369015522,0,Low Risk,72,54.2,3937.45,Two year,DSL,Electronic check,Yes
9746-YKGXB,0.032967441990604245,0,Low Risk,52,44.25,2276.1,One year,DSL,Bank transfer (automatic),No
3926-YZVVX,0.033751559154879054,0,Low Risk,41,50.05,2029.05,One year,DSL,Bank transfer (automatic),No
6000-UKLWI,0.009538006180650602,0,Low Risk,41,20.15,802.35,Two year,No,Mailed check,No
2079-FBMZK,0.5893643390972084,1,Medium Risk,6,69.25,418.4,Month-to-month,Fiber optic,Mailed check,Yes
6332-FBZRI,0.013766137848454428,0,Low Risk,67,69.35,4653.25,One year,DSL,Credit card (automatic),No
2096-XOTMO,0.08505389571404325,0,Low Risk,16,19.35,275.9,Month-to-month,No,Mailed check,No
3266-FTKHB,0.029331723380123898,0,Low Risk,17,19.15,343.45,Two year,No,Mailed check,No
8221-EQDGL,0.07625972342829868,0,Low Risk,35,61.0,2130.45,Month-to-month,DSL,Mailed check,No
2346-LOCWC,0.0031470207242085065,0,Low Risk,58,20.5,1191.4,Two year,No,Credit card (automatic),No
6608-QQLVK,0.5158752745533545,1,Medium Risk,1,50.5,50.5,Month-to-month,DSL,Electronic check,Yes
0298-XACET,0.01781512323056053,0,Low Risk,52,50.2,2554.0,Two year,DSL,Mailed check,No
7560-QJAVJ,0.009266881064854177,0,Low Risk,70,79.6,5589.45,Two year,DSL,Bank transfer (automatic),No
2995-YWTCD,0.03892961291170266,0,Low Risk,19,24.9,467.7,Two year,No,Bank transfer (automatic),No
3551-HUAZH,0.7893986199353262,1,High Risk,1,74.4,74.4,Month-to-month,Fiber optic,Electronic check,Yes
9137-UIYPG,0.345920111695819,0,Low Risk,35,106.9,3756.45,Month-to-month,Fiber optic,Electronic check,No
2809-ZMYOQ,0.6714739693910952,1,Medium Risk,32,101.35,3334.9,Month-to-month,Fiber optic,Electronic check,No
5084-OOVCJ,0.12213722707070011,0,Low Risk,17,55.35,920.5,Month-to-month,DSL,Credit card (automatic),No
0254-WWRKD,0.012118637950986774,0,Low Risk,67,50.55,3431.75,One year,DSL,Credit card (automatic),No
7727-SHVZV,0.1301221065025738,0,Low Risk,9,19.5,150.35,Month-to-month,No,Bank transfer (automatic),No
6302-JGYRJ,0.1274300120169416,0,Low Risk,31,79.45,2587.7,One year,DSL,Mailed check,Yes
5339-PXDVH,0.6219737302121755,1,Medium Risk,4,90.65,367.95,Month-to-month,Fiber optic,Electronic check,No
2205-LPVGL,0.06371272238826374,0,Low Risk,58,89.85,5125.75,One year,Fiber optic,Bank transfer (automatic),No
8782-NUUOL,0.025985888334755486,0,Low Risk,60,79.0,4801.1,One year,DSL,Mailed check,No
3685-YLCMQ,0.27320769938263095,0,Low Risk,58,104.65,6219.6,One year,Fiber optic,Electronic check,Yes
7601-WFVZV,0.19380589457256803,0,Low Risk,1,19.55,19.55,Month-to-month,No,Mailed check,No
4609-KNNWG,0.014786015157538369,0,Low Risk,27,19.9,550.1,Two year,No,Mailed check,No
4868-AADLV,0.1605651804619972,0,Low Risk,66,116.25,7862.25,One year,Fiber optic,Electronic check,No
9529-OFXHY,0.5293785186808387,1,Medium Risk,15,87.75,1242.2,Month-to-month,Fiber optic,Bank transfer (automatic),No
8634-MPHTR,0.6220069517331995,1,Medium Risk,47,100.05,4871.05,Month-to-month,Fiber optic,Electronic check,Yes
2669-QVCRG,0.26463023049767975,0,Low Risk,41,81.3,3190.65,Month-to-month,Fiber optic,Credit card (automatic),No
2478-EEWWM,0.21669336307537243,0,Low Risk,59,44.3,2666.75,Month-to-month,DSL,Electronic check,No
9174-IHETN,0.03980571333893081,0,Low Risk,50,70.35,3533.6,Two year,Fiber optic,Credit card (automatic),No
2233-TXSIU,0.12567142114343194,0,Low Risk,17,44.45,792.15,One year,DSL,Credit card (automatic),No
9644-UMGQA,0.32591652556743494,0,Low Risk,6,49.15,295.65,Month-to-month,DSL,Electronic check,No
3256-EZDBI,0.11483339298842964,0,Low Risk,51,29.45,1459.35,Month-to-month,DSL,Credit card (automatic),No
8761-NSOBC,0.3087469917979937,0,Low Risk,44,100.55,4398.15,Month-to-month,Fiber optic,Electronic check,Yes
0419-YAAPX,0.27866963355821717,0,Low Risk,49,85.3,4297.95,Month-to-month,Fiber optic,Credit card (automatic),No
8413-VONUO,0.6747640769903555,1,Medium Risk,2,95.65,167.3,Month-to-month,Fiber optic,Electronic check,Yes
0872-CASZJ,0.037932828687714304,0,Low Risk,59,69.1,4096.9,One year,DSL,Mailed check,No
4726-DLWQN,0.1221884588920521,0,Low Risk,50,70.35,3454.6,Month-to-month,DSL,Bank transfer (automatic),No
8164-OCKUJ,0.003356113432658781,0,Low Risk,59,20.6,1286.0,Two year,No,Mailed check,No
3094-JOJAI,0.4755743078116913,0,Medium Risk,18,74.15,1387.0,Month-to-month,Fiber optic,Mailed check,No
9494-MRNYX,0.6227929156919011,1,Medium Risk,10,75.05,786.3,Month-to-month,Fiber optic,Electronic check,No
2599-CZABP,0.1874833905487229,0,Low Risk,14,44.6,641.25,One year,DSL,Electronic check,No
7945-PRBVF,0.011916334025208471,0,Low Risk,35,21.45,705.45,Two year,No,Bank transfer (automatic),No
4544-RXFMG,0.1972211512455433,0,Low Risk,8,43.45,345.5,One year,DSL,Mailed check,No
0859-YGKFW,0.03951327922972702,0,Low Risk,18,20.05,345.9,One year,No,Bank transfer (automatic),No
1150-FTQGN,0.07075917105519879,0,Low Risk,60,94.15,5811.8,One year,Fiber optic,Bank transfer (automatic),No
9223-UCPVT,0.7060699746300653,1,High Risk,1,94.4,94.4,Month-to-month,Fiber optic,Electronic check,Yes
7196-LIWRH,0.047506316591406944,0,Low Risk,6,19.55,124.45,Two year,No,Mailed check,No
5448-VWNAM,0.1718265177421217,0,Low Risk,19,75.9,1375.6,Month-to-month,DSL,Mailed check,No
1177-XZBJL,0.01584747591739127,0,Low Risk,53,64.15,3491.55,One year,DSL,Bank transfer (automatic),No
3518-FSTWG,0.08517273695558081,0,Low Risk,72,109.55,7920.7,Two year,Fiber optic,Bank transfer (automatic),No
9330-VOFSZ,0.09857335046837902,0,Low Risk,60,110.8,6640.7,Two year,Fiber optic,Credit card (automatic),No
4351-QLCSU,0.4698133755729913,0,Medium Risk,1,55.0,55.0,Month-to-month,DSL,Credit card (automatic),Yes
0939-EREMR,0.1501358195647173,0,Low Risk,13,53.45,718.1,Month-to-month,DSL,Mailed check,No
9389-ACWBI,0.42915317053085905,0,Medium Risk,5,69.95,320.4,Month-to-month,Fiber optic,Credit card (automatic),No
5419-JPRRN,0.8264737015023151,1,High Risk,1,101.45,101.45,Month-to-month,Fiber optic,Electronic check,Yes
3644-QXEHN,0.5917391746134542,1,Medium Risk,13,97.0,1334.45,Month-to-month,Fiber optic,Electronic check,No
2911-IJORQ,0.08627777283701052,0,Low Risk,37,90.6,3358.65,One year,DSL,Bank transfer (automatic),No
5921-NGYRH,0.12029029031589959,0,Low Risk,64,73.55,4764.0,Month-to-month,Fiber optic,Mailed check,No
2100-BDNSN,0.3252739655517321,0,Low Risk,5,67.95,350.3,Month-to-month,DSL,Bank transfer (automatic),Yes
5998-DZLYR,0.06670699263106432,0,Low Risk,61,94.35,5703.0,Two year,Fiber optic,Bank transfer (automatic),No
0488-GSLFR,0.7037583942480826,1,High Risk,1,69.5,69.5,Month-to-month,Fiber optic,Electronic check,Yes
9318-NKNFC,0.2591638479193818,0,Low Risk,1,18.85,18.85,Month-to-month,No,Mailed check,Yes
3985-HOYPM,0.035784495614534256,0,Low Risk,26,19.4,525.55,One year,No,Mailed check,No
9728-FTTVZ,0.7037078136737595,1,High Risk,1,69.2,69.2,Month-to-month,Fiber optic,Electronic check,Yes
9548-LERKT,0.021632346531751133,0,Low Risk,24,19.75,483.15,Two year,No,Mailed check,No
6576-FBXOJ,0.26929603847605293,0,Low Risk,17,54.6,934.8,One year,DSL,Electronic check,No
4310-KEDTB,0.25232901408306196,0,Low Risk,26,29.8,786.5,Month-to-month,DSL,Mailed check,No
7254-IQWOZ,0.7082211947265953,1,High Risk,1,69.65,69.65,Month-to-month,Fiber optic,Electronic check,Yes
2474-BRUCM,0.4784971178422102,0,Medium Risk,40,101.85,4086.3,Month-to-month,Fiber optic,Electronic check,Yes
4062-HBMOS,0.5022709449839775,1,Medium Risk,52,103.05,5364.8,Month-to-month,Fiber optic,Electronic check,No
0742-NXBGR,0.6559731568625191,1,Medium Risk,1,82.3,82.3,Month-to-month,Fiber optic,Electronic check,Yes
2676-ISHSF,0.19390067527077673,0,Low Risk,1,20.3,20.3,Month-to-month,No,Mailed check,No
9236-NDUCW,0.04490995077802006,0,Low Risk,21,35.1,770.4,Two year,DSL,Mailed check,No
4753-PADAS,0.18307578645972616,0,Low Risk,67,105.7,6816.95,One year,Fiber optic,Bank transfer (automatic),No
6103-QCKFX,0.03343221975513046,0,Low Risk,44,56.25,2419.55,Month-to-month,DSL,Bank transfer (automatic),No
7781-EWARA,0.0326895193381665,0,Low Risk,70,60.35,4138.7,One year,DSL,Electronic check,No
6110-OHIHY,0.6609478263192189,1,Medium Risk,3,79.25,267.6,Month-to-month,Fiber optic,Electronic check,Yes
7018-FPXHH,0.011004292336538815,0,Low Risk,56,59.8,3457.45,Two year,DSL,Bank transfer (automatic),No
5889-LFOLL,0.7296829782241957,1,High Risk,13,84.6,1115.2,Month-to-month,Fiber optic,Electronic check,Yes
5708-EVONK,0.18184869547863775,0,Low Risk,58,93.4,5435.6,Month-to-month,Fiber optic,Bank transfer (automatic),Yes
8708-XPXHZ,0.5595702903699349,1,Medium Risk,42,94.2,4186.3,Month-to-month,Fiber optic,Electronic check,Yes
0616-ATFGB,0.6103113540517726,1,Medium Risk,1,25.05,25.05,Month-to-month,DSL,Electronic check,Yes
0572-ZJKLT,0.04993923631982102,0,Low Risk,46,99.65,4630.2,Two year,Fiber optic,Mailed check,No
5135-RDDQL,0.008836735322399319,0,Low Risk,63,50.65,3221.25,Two year,DSL,Bank transfer (automatic),No
1353-LJWEM,0.2966304503512114,0,Low Risk,11,60.9,688.5,Month-to-month,DSL,Electronic check,No
1794-SWWKL,0.23760814206857353,0,Low Risk,15,59.65,867.1,Month-to-month,DSL,Bank transfer (automatic),No
6166-YIPFO,0.021873873128776557,0,Low Risk,72,64.7,4746.05,Two year,DSL,Electronic check,No
7016-BPGEU,0.2526995585966809,0,Low Risk,29,25.1,712.85,Month-to-month,DSL,Credit card (automatic),Yes
6876-ADESB,0.3684233233275333,0,Low Risk,1,48.95,48.95,Month-to-month,DSL,Electronic check,Yes
9332-GYWLO,0.3848767424543406,0,Low Risk,6,54.85,355.1,Month-to-month,DSL,Electronic check,No
1963-SVUCV,0.4332928773144622,0,Medium Risk,1,45.3,45.3,Month-to-month,DSL,Electronic check,Yes
4184-VODJZ,0.17897652351167273,0,Low Risk,63,91.35,5764.7,One year,Fiber optic,Electronic check,No
0220-EBGCE,0.7364076049657924,1,High Risk,2,85.85,167.3,Month-to-month,Fiber optic,Electronic check,Yes
1092-WPIVQ,0.03008857404099547,0,Low Risk,18,25.1,428.45,Two year,No,Mailed check,No
7233-IOQNP,0.059519376926113476,0,Low Risk,43,34.0,1505.35,Month-to-month,DSL,Bank transfer (automatic),No
2834-JKOOW,0.0867508290345648,0,Low Risk,15,45.9,693.45,One year,DSL,Mailed check,No
2754-VDLTR,0.6764483893855207,1,Medium Risk,10,95.2,930.4,Month-to-month,Fiber optic,Electronic check,Yes
2400-FEQME,0.004113302793154152,0,Low Risk,55,20.5,1177.95,Two year,No,Mailed check,No
3190-XFANI,0.20337233348121853,0,Low Risk,49,100.6,5069.65,One year,Fiber optic,Bank transfer (automatic),Yes
7551-DACSP,0.3006089153689648,0,Low Risk,6,55.3,324.25,Month-to-month,DSL,Mailed check,Yes
4957-SREEC,0.001833482370012148,0,Low Risk,70,20.35,1458.1,Two year,No,Credit card (automatic),No
7235-NXZCP,0.7233933231756874,1,High Risk,2,74.85,156.4,Month-to-month,Fiber optic,Mailed check,Yes
0230-UBYPQ,0.015928367366951638,0,Low Risk,63,36.1,2298.9,One year,DSL,Bank transfer (automatic),No
4923-ADWXJ,0.18109070697804086,0,Low Risk,25,65.8,1679.65,Month-to-month,DSL,Bank transfer (automatic),No
1763-KUAAW,0.05462353681507544,0,Low Risk,18,20.35,369.6,One year,No,Bank transfer (automatic),No
1104-TNLZA,0.6259714419884387,1,Medium Risk,28,105.8,2998.0,Month-to-month,Fiber optic,Electronic check,No
5195-KPUNQ,0.09754285120298435,0,Low Risk,53,96.75,5206.55,One year,Fiber optic,Mailed check,No
0520-FDVVT,0.2911361877440428,0,Low Risk,35,102.35,3626.1,One year,Fiber optic,Bank transfer (automatic),Yes
3439-GVUSX,0.48786248392864323,0,Medium Risk,1,24.4,24.4,Month-to-month,DSL,Mailed check,No
1444-VVSGW,0.07186602121944469,0,Low Risk,70,115.65,7968.85,One year,Fiber optic,Credit card (automatic),Yes
5712-PTIWW,0.6054615342848254,1,Medium Risk,2,79.85,152.45,Month-to-month,Fiber optic,Electronic check,Yes
5949-HGVJL,0.29579802475661837,0,Low Risk,26,73.05,1959.5,Month-to-month,DSL,Electronic check,No
5203-XEHAX,0.06916136075110318,0,Low Risk,34,64.35,2053.05,One year,DSL,Electronic check,No
1635-HDGFT,0.02111042439952907,0,Low Risk,19,20.5,398.55,Two year,No,Mailed check,No
3315-TOTBP,0.5921378112348318,1,Medium Risk,15,76.0,1130.85,Month-to-month,Fiber optic,Mailed check,Yes
8050-XGRVL,0.01172964164321682,0,Low Risk,62,54.75,3425.35,One year,DSL,Credit card (automatic),No
6661-HBGWL,0.5024662408068277,1,Medium Risk,42,104.75,4323.45,Month-to-month,Fiber optic,Bank transfer (automatic),Yes
1518-VOWAV,0.41298087067339406,0,Medium Risk,9,74.65,703.55,Month-to-month,DSL,Electronic check,Yes
9828-QHFBK,0.2278701430478993,0,Low Risk,24,51.15,1275.7,Month-to-month,DSL,Electronic check,No
3908-MKIMJ,0.01935529588932027,0,Low Risk,68,41.95,2965.75,Two year,DSL,Electronic check,No
5012-YSPJJ,0.08275013720142295,0,Low Risk,31,54.35,1647.0,Month-to-month,DSL,Mailed check,No
5909-ECHUI,0.5750537692614511,1,Medium Risk,1,56.25,56.25,Month-to-month,DSL,Electronic check,Yes
1309-BXVOQ,0.6642158201356646,1,Medium Risk,21,106.1,2249.95,Month-to-month,Fiber optic,Electronic check,Yes
6728-VOIFY,0.21317154449452205,0,Low Risk,63,96.0,6109.75,One year,Fiber optic,Electronic check,No
9317-WZPGV,0.6907002072545991,1,Medium Risk,2,79.75,159.4,Month-to-month,Fiber optic,Bank transfer (automatic),Yes
4891-NLUBA,0.024531941836969322,0,Low Risk,61,61.45,3751.15,Two year,DSL,Bank transfer (automatic),No
2856-HYAPG,0.6198373439101005,1,Medium Risk,1,68.65,68.65,Month-to-month,Fiber optic,Electronic check,Yes
8969-PRHFK,0.05201945666143247,0,Low Risk,18,19.65,411.25,One year,No,Mailed check,No
0661-KQHNK,0.0647214563346227,0,Low Risk,6,19.0,105.5,One year,No,Credit card (automatic),No
8709-KRDVL,0.6280563066104359,1,Medium Risk,33,100.0,3320.6,Month-to-month,Fiber optic,Electronic check,No
4488-PSYCG,0.09965319961856971,0,Low Risk,16,20.25,327.45,Month-to-month,No,Bank transfer (automatic),Yes
1427-VERSM,0.3513340893526167,0,Low Risk,56,98.7,5669.5,Month-to-month,Fiber optic,Electronic check,No
9801-NOSHQ,0.033029162465286296,0,Low Risk,23,19.8,465.45,One year,No,Mailed check,No
6339-YPSAH,0.6408163844619458,1,Medium Risk,9,73.8,704.3,Month-to-month,Fiber optic,Electronic check,No
3621-CEOVK,0.7695201574152676,1,High Risk,14,100.2,1369.8,Month-to-month,Fiber optic,Electronic check,Yes
6906-ANDWJ,0.523535006514498,1,Medium Risk,15,74.9,1107.25,Month-to-month,Fiber optic,Bank transfer (automatic),Yes
2159-TURXX,0.15323177480559189,0,Low Risk,5,20.05,95.55,Month-to-month,No,Credit card (automatic),No
1548-FEHVL,0.3604581134407228,0,Low Risk,61,106.2,6375.2,Month-to-month,Fiber optic,Electronic check,No
3795-CAWEX,0.047685982841784574,0,Low Risk,70,116.55,8152.3,Two year,Fiber optic,Credit card (automatic),No
6215-NQCPY,0.6913877680936337,1,Medium Risk,15,99.7,1566.75,Month-to-month,Fiber optic,Electronic check,No
5647-URDKA,0.036050125083021155,0,Low Risk,8,19.7,130.25,Two year,No,Mailed check,No
2229-DPMBI,0.035580495384507964,0,Low Risk,8,19.5,162.15,Two year,No,Mailed check,No
9626-WEQRM,0.43593977497559994,0,Medium Risk,4,29.15,110.05,Month-to-month,DSL,Mailed check,No
2188-SXWVT,0.03983907633708081,0,Low Risk,34,55.0,1885.15,One year,DSL,Mailed check,No
6258-PVZWJ,0.019924289884698597,0,Low Risk,68,90.8,6302.85,Two year,DSL,Credit card (automatic),No
1094-BKOSX,0.04035528980952568,0,Low Risk,45,51.0,2264.5,One year,DSL,Bank transfer (automatic),No
6969-MVBAI,0.7741917306196602,1,High Risk,9,90.1,816.8,Month-to-month,Fiber optic,Electronic check,No
2978-XXSOG,0.17239520551614754,0,Low Risk,22,59.05,1253.5,Month-to-month,DSL,Mailed check,No
2342-CKIAO,0.18340111130208128,0,Low Risk,2,20.3,41.2,Month-to-month,No,Mailed check,No
6953-PBDIN,0.012210503682805952,0,Low Risk,70,72.95,5265.55,Two year,DSL,Bank transfer (automatic),No
3898-BSJYF,0.09206346321287405,0,Low Risk,10,73.55,693.3,One year,DSL,Credit card (automatic),No
3938-YFPXD,0.012157202792274616,0,Low Risk,72,84.3,5997.1,Two year,DSL,Credit card (automatic),No
7696-AMHOD,0.048412066060231754,0,Low Risk,49,78.0,3824.2,One year,DSL,Credit card (automatic),No
2453-SAFNS,0.04555030777750869,0,Low Risk,54,72.1,3886.05,One year,DSL,Mailed check,No
9558-IHEZX,0.06307895458212881,0,Low Risk,71,106.75,7283.25,Two year,Fiber optic,Credit card (automatic),No
9617-UDPEU,0.05964235108573071,0,Low Risk,22,19.25,412.55,One year,No,Mailed check,No
6340-DACFT,0.004637783939903059,0,Low Risk,50,20.55,1070.25,Two year,No,Credit card (automatic),No
4955-VCWBI,0.012877019614787448,0,Low Risk,43,20.0,817.95,One year,No,Mailed check,No
6813-GZQCG,0.011865651115601738,0,Low Risk,45,24.65,1171.3,Two year,No,Credit card (automatic),No
7426-GSWPO,0.2780962363845165,0,Low Risk,64,103.5,6548.65,Month-to-month,Fiber optic,Bank transfer (automatic),No
3389-KTRXV,0.02443529887428884,0,Low Risk,23,23.85,625.65,Two year,No,Mailed check,No
3118-UHVVQ,0.0037069304906871634,0,Low Risk,68,25.8,1911.5,Two year,No,Credit card (automatic),No
1031-IIDEO,0.7039859449424242,1,High Risk,1,70.85,70.85,Month-to-month,Fiber optic,Electronic check,Yes
5832-XKAES,0.6056278959546239,1,Medium Risk,2,69.8,134.7,Month-to-month,Fiber optic,Credit card (automatic),Yes
3205-MXZRA,0.07647252742431561,0,Low Risk,26,59.45,1507.0,One year,DSL,Credit card (automatic),No
4701-AHWMW,0.13953930041744816,0,Low Risk,55,54.55,2978.3,Month-to-month,DSL,Bank transfer (automatic),Yes
8317-BVKSO,0.20859528722767198,0,Low Risk,14,20.05,299.3,Month-to-month,No,Electronic check,No
5702-KVQRD,0.02080131875260523,0,Low Risk,71,82.55,5832.65,Two year,DSL,Electronic check,No
0083-PIVIK,0.031589508535436114,0,Low Risk,64,81.25,5567.55,One year,DSL,Electronic check,No
9210-IAHGH,0.3763346524408257,0,Low Risk,7,70.75,450.8,Month-to-month,DSL,Credit card (automatic),Yes
6169-PGNCD,0.01228020748316534,0,Low Risk,57,74.3,4166.35,Two year,DSL,Credit card (automatic),No
0023-XUOPT,0.6073008630215385,1,Medium Risk,13,94.1,1215.6,Month-to-month,Fiber optic,Electronic check,Yes
4592-IWTJI,0.2922086132694983,0,Low Risk,3,29.7,91.7,Month-to-month,DSL,Credit card (automatic),Yes
4909-JOUPP,0.06083818389901479,0,Low Risk,72,109.7,7898.45,Two year,Fiber optic,Credit card (automatic),No
4657-FWVFY,0.35867879275930326,0,Low Risk,40,96.35,3915.4,Month-to-month,Fiber optic,Credit card (automatic),No
2257-BOVXD,0.3478202206610586,0,Low Risk,14,66.6,979.5,Month-to-month,DSL,Credit card (automatic),No
7729-JTEEC,0.4649335483067205,0,Medium Risk,2,44.5,90.05,Month-to-month,DSL,Electronic check,No
7632-MNYOY,0.12734305834971554,0,Low Risk,66,110.9,7432.05,One year,Fiber optic,Credit card (automatic),Yes
6518-LGAOV,0.5520063982357822,1,Medium Risk,38,105.0,4026.4,Month-to-month,Fiber optic,Electronic check,Yes
7242-QZLXF,0.6059752560005028,1,Medium Risk,1,25.3,25.3,Month-to-month,DSL,Electronic check,Yes
4576-CSAJH,0.08508430433954937,0,Low Risk,22,55.15,1193.05,One year,DSL,Credit card (automatic),Yes
1000-AJSLD,0.25935797391541526,0,Low Risk,1,20.1,20.1,Month-to-month,No,Mailed check,Yes
9696-RMYBA,0.6554808737361831,1,Medium Risk,5,80.1,398.55,Month-to-month,Fiber optic,Mailed check,No
8690-UPCZI,0.05424485656107093,0,Low Risk,29,69.05,1958.45,One year,DSL,Bank transfer (automatic),No
1062-LHZOD,0.5873151038382429,1,Medium Risk,1,69.9,69.9,Month-to-month,Fiber optic,Mailed check,Yes
9770-LXDBK,0.1764787956253994,0,Low Risk,3,20.4,63.15,Month-to-month,No,Mailed check,No
4086-WITJG,0.001673252465384694,0,Low Risk,71,19.7,1301.1,Two year,No,Credit card (automatic),No
8344-WFMFH,0.3524059664393851,0,Low Risk,9,50.1,484.05,Month-to-month,DSL,Electronic check,No
9600-NAXZN,0.5795021847887482,1,Medium Risk,43,101.4,4528.0,Month-to-month,Fiber optic,Electronic check,Yes
8822-KNBHV,0.0777105879497782,0,Low Risk,48,83.45,3887.85,One year,DSL,Credit card (automatic),No
8404-FYDIB,0.34597543018190585,0,Low Risk,26,86.65,2208.75,Month-to-month,Fiber optic,Credit card (automatic),No
2791-SFVEW,0.132642518462517,0,Low Risk,9,20.15,238.15,Month-to-month,No,Bank transfer (automatic),No
6457-USBER,0.7509184630979439,1,High Risk,1,80.8,80.8,Month-to-month,Fiber optic,Electronic check,Yes
6762-NSODU,0.0055541623683682696,0,Low Risk,46,19.4,958.15,Two year,No,Credit card (automatic),No
4662-EKDPQ,0.45061495685788217,0,Medium Risk,2,62.05,118.3,Month-to-month,DSL,Bank transfer (automatic),Yes
9248-OJYKK,0.7896740900089939,1,High Risk,1,76.45,76.45,Month-to-month,Fiber optic,Electronic check,Yes
9888-ZCUMM,0.017224226145940578,0,Low Risk,64,60.05,3845.45,Two year,DSL,Bank transfer (automatic),No
3398-FSHON,0.7330253493082168,1,High Risk,12,91.3,1094.5,Month-to-month,Fiber optic,Electronic check,Yes
3319-DWOEP,0.7857290562950544,1,High Risk,6,95.75,573.75,Month-to-month,Fiber optic,Electronic check,Yes
1074-WVEVG,0.007837539984807207,0,Low Risk,59,20.35,1267.0,One year,No,Mailed check,No
9979-RGMZT,0.4812862581361731,0,Medium Risk,7,94.05,633.45,One year,Fiber optic,Mailed check,No
6437-UDQJM,0.02558244423357441,0,Low Risk,72,84.1,6129.65,Two year,DSL,Credit card (automatic),No
1226-IENZN,0.6784716334214652,1,Medium Risk,16,78.75,1218.25,Month-to-month,Fiber optic,Electronic check,No
2108-GLPQB,0.20551035360708178,0,Low Risk,25,55.55,1405.3,Month-to-month,DSL,Credit card (automatic),No
9259-PACGQ,0.10403245092532022,0,Low Risk,34,62.65,2274.9,Month-to-month,DSL,Electronic check,Yes
4415-IJZTP,0.7596888477208865,1,High Risk,1,74.5,74.5,Month-to-month,Fiber optic,Electronic check,Yes
1465-VINDH,0.6219238831480982,1,Medium Risk,10,102.1,1068.85,Month-to-month,Fiber optic,Credit card (automatic),Yes
5474-LAMUQ,0.04042676815618865,0,Low Risk,24,20.1,533.9,One year,No,Mailed check,No
3468-DRVQJ,0.16736362545328282,0,Low Risk,10,70.3,676.15,One year,DSL,Electronic check,No
1122-YJBCS,0.014498054070595357,0,Low Risk,69,53.65,3804.4,One year,DSL,Credit card (automatic),No
4990-ALDGW,0.004484186361509882,0,Low Risk,57,20.75,1118.8,Two year,No,Mailed check,No
4816-OKWNX,0.13385803188397447,0,Low Risk,50,103.4,5236.4,One year,Fiber optic,Bank transfer (automatic),No
3315-IKYZQ,0.06559678968283142,0,Low Risk,28,50.8,1386.8,One year,DSL,Mailed check,No
2810-FTLEM,0.27886044357888695,0,Low Risk,16,50.15,762.25,Month-to-month,DSL,Electronic check,Yes
4747-LCAQL,0.17048474654524345,0,Low Risk,25,79.0,1902.0,Month-to-month,DSL,Mailed check,No
3411-WLRSQ,0.5980543189278568,1,Medium Risk,3,74.6,239.05,Month-to-month,Fiber optic,Bank transfer (automatic),No
0898-XCGTF,0.22835246286413896,0,Low Risk,61,96.5,5673.7,One year,Fiber optic,Bank transfer (automatic),No
8006-PYCSW,0.18333243795149695,0,Low Risk,2,20.1,39.8,Month-to-month,No,Mailed check,No
8249-THVEC,0.00907561577199016,0,Low Risk,51,19.4,997.75,One year,No,Mailed check,No
8722-PRFDV,0.010167881810534928,0,Low Risk,71,77.55,5574.35,Two year,DSL,Credit card (automatic),No
2164-SOQXL,0.07225206323978894,0,Low Risk,20,20.05,406.05,Month-to-month,No,Mailed check,No
4020-KIUDI,0.12376176601052634,0,Low Risk,6,19.85,138.85,Month-to-month,No,Credit card (automatic),No
5850-BDWCY,0.15673282078051862,0,Low Risk,6,20.2,123.65,Month-to-month,No,Mailed check,No
2038-YSEZE,0.08680118699137601,0,Low Risk,29,67.45,1801.1,Month-to-month,DSL,Mailed check,No
0827-ITJPH,0.015866058447840906,0,Low Risk,36,18.55,689.0,Two year,No,Credit card (automatic),No
8799-OXZMD,0.27598169968671415,0,Low Risk,28,29.75,790.7,Month-to-month,DSL,Mailed check,No
1925-TIBLE,0.7677108628827939,1,High Risk,7,86.5,582.5,Month-to-month,Fiber optic,Electronic check,Yes
1705-GUHPV,0.004814281004567665,0,Low Risk,63,24.2,1618.2,Two year,No,Mailed check,No
4779-ZGICK,0.007842347088117046,0,Low Risk,48,23.55,1173.35,Two year,No,Mailed check,No
0048-PIHNL,0.011277615422804017,0,Low Risk,49,20.45,900.9,One year,No,Bank transfer (automatic),No
0818-OCPZO,0.5712928779669543,1,Medium Risk,27,81.45,2122.05,Month-to-month,Fiber optic,Electronic check,Yes
3967-KXAPS,0.012407151041276087,0,Low Risk,72,92.3,6719.9,Two year,DSL,Credit card (automatic),No
1447-GIQMR,0.7121596080073542,1,High Risk,1,69.15,69.15,Month-to-month,Fiber optic,Electronic check,Yes
3704-IEAXF,0.009846886948328193,0,Low Risk,72,53.65,3784.0,Two year,DSL,Credit card (automatic),No
6810-VCAEX,0.021743613915188528,0,Low Risk,47,39.65,1798.65,One year,DSL,Credit card (automatic),No
0674-EYYZV,0.574537269429028,1,Medium Risk,1,54.65,54.65,Month-to-month,DSL,Electronic check,No
4480-MBMLB,0.3506464610852403,0,Low Risk,36,104.8,3886.45,One year,Fiber optic,Bank transfer (automatic),No
1395-OFUWC,0.08079041019251709,0,Low Risk,43,29.3,1224.05,Month-to-month,DSL,Credit card (automatic),No
0822-QGCXA,0.30577462911694575,0,Low Risk,27,83.85,2310.2,Month-to-month,DSL,Electronic check,No
0872-NXJYS,0.6944889719280731,1,Medium Risk,9,79.55,723.4,Month-to-month,Fiber optic,Electronic check,Yes
2832-KJCRD,0.5446574172506986,1,Medium Risk,38,103.65,3988.5,Month-to-month,Fiber optic,Electronic check,No
3588-WSTTJ,0.5933020035816787,1,Medium Risk,35,99.05,3554.6,Month-to-month,Fiber optic,Electronic check,No
4075-WKNIU,0.0990156291839794,0,Low Risk,0,73.35,0.0,Two year,DSL,Mailed check,No
5090-EMGTC,0.07893431669645698,0,Low Risk,59,100.05,6034.85,Two year,Fiber optic,Mailed check,No
2346-CZYIL,0.016797244189161103,0,Low Risk,27,20.35,531.6,Two year,No,Credit card (automatic),No
3798-EPWRR,0.45410681756230437,0,Medium Risk,2,43.95,85.1,Month-to-month,DSL,Electronic check,No
6258-NGCNG,0.19497028076555772,0,Low Risk,7,23.5,173.0,Month-to-month,No,Mailed check,No
4186-ZBUEW,0.09865153108320489,0,Low Risk,36,70.7,2511.95,One year,DSL,Mailed check,No
5274-XHAKY,0.26996029300682356,0,Low Risk,41,94.3,3893.6,Month-to-month,Fiber optic,Bank transfer (automatic),No
1442-BQPVU,0.3851034884047146,0,Low Risk,13,29.15,357.15,Month-to-month,DSL,Electronic check,No
3978-YNKDD,0.02000631122974155,0,Low Risk,19,20.85,467.5,Two year,No,Credit card (automatic),No
4940-KHCWD,0.007015345985611911,0,Low Risk,60,37.7,2288.7,Two year,DSL,Bank transfer (automatic),No
9412-ARGBX,0.06111629975781988,0,Low Risk,48,95.5,4627.85,Two year,Fiber optic,Mailed check,Yes
1389-CXMLU,0.7431102021350199,1,High Risk,3,91.05,289.1,Month-to-month,Fiber optic,Electronic check,Yes
9589-ABEPT,0.058163141839229326,0,Low Risk,69,92.45,6460.55,Two year,Fiber optic,Mailed check,No
9388-ZEYVT,0.08734742062637306,0,Low Risk,43,44.15,1931.3,One year,DSL,Electronic check,No
0305-SQECB,0.13687897766734464,0,Low Risk,11,36.05,402.6,One year,DSL,Mailed check,No
7605-SNLQG,0.10634502163057173,0,Low Risk,45,50.25,2221.55,Month-to-month,DSL,Credit card (automatic),No
4670-TABXH,0.07279126266365113,0,Low Risk,72,109.75,7758.9,Two year,Fiber optic,Credit card (automatic),No
5561-NWEVX,0.7048350052695203,1,High Risk,2,79.2,172.85,Month-to-month,Fiber optic,Electronic check,Yes
0064-SUDOG,0.02766296053467331,0,Low Risk,12,20.3,224.5,Two year,No,Bank transfer (automatic),No
8561-NMTBD,0.12049715310495351,0,Low Risk,67,112.35,7388.45,One year,Fiber optic,Credit card (automatic),No
5161-XEUVX,0.1100546824500473,0,Low Risk,37,94.3,3460.95,Two year,Fiber optic,Mailed check,No
8292-FRFZQ,0.03282355145110499,0,Low Risk,39,41.15,1700.9,One year,DSL,Bank transfer (automatic),No
8591-NXRCV,0.1184165236849677,0,Low Risk,41,74.65,3090.65,Month-to-month,DSL,Bank transfer (automatic),No
7895-VONWT,0.5175720335037884,1,Medium Risk,25,48.25,1293.8,Month-to-month,DSL,Electronic check,No
4526-RMTLL,0.07284608902936437,0,Low Risk,8,76.15,645.8,Two year,DSL,Credit card (automatic),No
6253-GNHWH,0.005094754284502839,0,Low Risk,71,71.1,5224.95,Two year,DSL,Mailed check,No
4566-NECEV,0.6642351270439854,1,Medium Risk,5,96.55,500.1,Month-to-month,Fiber optic,Electronic check,No
8080-POTJR,0.15289298396771625,0,Low Risk,30,79.3,2427.1,One year,DSL,Credit card (automatic),No
6906-MPARY,0.14631720191027775,0,Low Risk,40,89.6,3488.15,One year,Fiber optic,Credit card (automatic),No
3662-FXJFO,0.007305033164043784,0,Low Risk,54,20.5,1035.7,Two year,No,Mailed check,No
8107-RZLNV,0.1013111088880563,0,Low Risk,72,106.3,7565.35,Two year,Fiber optic,Bank transfer (automatic),No
0516-OOHAR,0.2124011436740469,0,Low Risk,28,100.35,2799.0,One year,Fiber optic,Bank transfer (automatic),No
2027-CWDNU,0.5003132687367656,1,Medium Risk,18,85.6,1601.5,Month-to-month,Fiber optic,Electronic check,No
2737-WFVYW,0.7355439321572499,1,High Risk,2,45.25,85.5,Month-to-month,DSL,Electronic check,Yes
9912-OMZDS,0.2599529315056501,0,Low Risk,59,106.15,6256.2,One year,Fiber optic,Electronic check,No
3733-ZEECP,0.2164570033476266,0,Low Risk,22,51.1,1232.9,Month-to-month,DSL,Electronic check,No
7878-RTCZG,0.1905309628733035,0,Low Risk,1,19.9,19.9,Month-to-month,No,Mailed check,No
2452-MRMZF,0.005105336622283262,0,Low Risk,72,25.7,1937.4,Two year,No,Credit card (automatic),No
2272-QAGFO,0.7050441150917511,1,High Risk,14,74.3,1096.25,Month-to-month,Fiber optic,Electronic check,Yes
7103-IPXPJ,0.23916175500269599,0,Low Risk,50,99.4,5059.75,One year,Fiber optic,Electronic check,No
4342-HFXWS,0.01905372699854967,0,Low Risk,48,69.7,3023.65,One year,DSL,Bank transfer (automatic),No
3545-CNWRG,0.4666945205124247,0,Medium Risk,49,98.35,4889.2,Month-to-month,Fiber optic,Electronic check,No
1785-BPHTP,0.40306053062336233,0,Medium Risk,28,85.45,2289.9,Month-to-month,Fiber optic,Electronic check,No
4989-LIXVT,0.3521444419189475,0,Low Risk,68,95.9,6503.2,Month-to-month,Fiber optic,Electronic check,No
7315-WYOAW,0.6269926146290881,1,Medium Risk,13,100.75,1313.25,Month-to-month,Fiber optic,Electronic check,No
1173-XZPYF,0.7351117489217645,1,High Risk,11,89.2,990.3,Month-to-month,Fiber optic,Electronic check,No
9850-OWRHQ,0.6641615748658556,1,Medium Risk,3,74.1,228.0,Month-to-month,Fiber optic,Credit card (automatic),Yes
3768-NLUBH,0.45391572610834297,0,Medium Risk,57,100.6,5746.15,Month-to-month,Fiber optic,Electronic check,Yes
8676-TRMJS,0.5980459902756636,1,Medium Risk,3,75.0,209.1,Month-to-month,Fiber optic,Mailed check,Yes
2509-TFPJU,0.003037137521241796,0,Low Risk,72,25.75,1864.2,Two year,No,Credit card (automatic),No
9530-GRMJG,0.030528260790210416,0,Low Risk,70,84.1,5979.7,Two year,DSL,Electronic check,No
6898-RBTLU,0.026145369462316836,0,Low Risk,49,79.3,3902.45,Two year,DSL,Bank transfer (automatic),No
5481-NTDOH,0.17646363649949515,0,Low Risk,67,107.05,7142.5,One year,Fiber optic,Credit card (automatic),No
2068-WWXQZ,0.0070584498094687035,0,Low Risk,46,20.05,902.0,Two year,No,Bank transfer (automatic),No
7359-SSBJK,0.011187724108815088,0,Low Risk,64,70.2,4481.0,Two year,DSL,Credit card (automatic),Yes
2061-VVFST,0.03971098479179132,0,Low Risk,37,19.5,805.2,Month-to-month,No,Bank transfer (automatic),No
0685-MLYYM,0.6474823099267638,1,Medium Risk,2,70.75,154.85,Month-to-month,Fiber optic,Electronic check,Yes
0749-IRGQE,0.586368865254878,1,Medium Risk,13,45.3,528.45,Month-to-month,DSL,Electronic check,No
2380-DAMQP,0.05727009682483106,0,Low Risk,72,115.15,8349.7,Two year,Fiber optic,Electronic check,No
2256-YLYLP,0.016188307208489548,0,Low Risk,68,72.95,4953.25,Two year,DSL,Bank transfer (automatic),No
1272-ILHFG,0.0487554115734734,0,Low Risk,15,19.65,332.65,One year,No,Mailed check,No
0164-XAIRP,0.02802155584514336,0,Low Risk,24,19.55,470.2,Two year,No,Bank transfer (automatic),No
5666-CYCYZ,0.5788601755964854,1,Medium Risk,24,89.55,2259.35,Month-to-month,Fiber optic,Electronic check,No
4011-ARPHK,0.11422698711897701,0,Low Risk,27,50.35,1411.35,Month-to-month,DSL,Mailed check,No
8182-PNAGI,0.1846813508603666,0,Low Risk,12,50.25,593.75,Month-to-month,DSL,Bank transfer (automatic),Yes
6365-HITVU,0.00701404553557318,0,Low Risk,71,87.25,6328.7,Two year,DSL,Credit card (automatic),No
7558-IMLMT,0.0033867985932579956,0,Low Risk,67,20.8,1411.9,Two year,No,Mailed check,No
9488-FYQAU,0.09159893064661825,0,Low Risk,63,109.25,6841.4,Two year,Fiber optic,Bank transfer (automatic),No
3590-TCXTB,0.19390699523547292,0,Low Risk,1,20.35,20.35,Month-to-month,No,Mailed check,No
6994-KERXL,0.5526945121850618,1,Medium Risk,4,55.9,238.5,Month-to-month,DSL,Electronic check,No
7957-RYHQD,0.21840070070758918,0,Low Risk,40,79.2,3233.85,Month-to-month,Fiber optic,Credit card (automatic),Yes
2180-DXNEG,0.7142181736762457,1,High Risk,12,96.0,1062.1,Month-to-month,Fiber optic,Electronic check,Yes
1960-UOTYM,0.023974993104901098,0,Low Risk,52,79.2,4016.3,Two year,DSL,Electronic check,No
2740-JFBOK,0.2977756179982329,0,Low Risk,10,24.0,226.55,Month-to-month,No,Electronic check,No
6500-JVEGC,0.0765975287971109,0,Low Risk,68,101.35,7110.75,One year,Fiber optic,Bank transfer (automatic),No
5515-AKOAJ,0.43682847386571844,0,Medium Risk,54,100.1,5440.9,Month-to-month,Fiber optic,Electronic check,Yes
8976-OQHGT,0.18325829921112594,0,Low Risk,4,56.5,235.1,Month-to-month,DSL,Mailed check,Yes
5245-VDBUR,0.03230963446794335,0,Low Risk,52,35.45,1958.95,One year,DSL,Mailed check,No
6230-BSUXY,0.7661318368421047,1,High Risk,1,85.0,85.0,Month-to-month,Fiber optic,Electronic check,Yes
8469-SNFFH,0.015945039450618956,0,Low Risk,70,79.4,5528.9,One year,DSL,Bank transfer (automatic),No
2144-ESWKO,0.0591608829743605,0,Low Risk,43,35.2,1463.7,One year,DSL,Credit card (automatic),No
1241-FPMOF,0.005683425208731343,0,Low Risk,52,19.65,1025.05,Two year,No,Mailed check,No
9928-BZVLZ,0.07788195790313444,0,Low Risk,12,49.85,552.1,Two year,DSL,Mailed check,No
4114-QMKVN,0.025766057151310962,0,Low Risk,56,68.75,3815.4,One year,DSL,Bank transfer (automatic),No
2775-SEFEE,0.07640274139553778,0,Low Risk,0,61.9,0.0,Two year,DSL,Bank transfer (automatic),No
9003-CPATH,0.35536930432726965,0,Low Risk,42,79.9,3313.4,Month-to-month,Fiber optic,Electronic check,No
1754-GKYPY,0.6104092560810821,1,Medium Risk,22,89.75,1938.9,Month-to-month,Fiber optic,Bank transfer (automatic),No
5294-CDGWY,0.062021616503675644,0,Low Risk,51,59.3,3014.65,One year,DSL,Electronic check,Yes
7956-XQWGU,0.08342023398185905,0,Low Risk,27,19.4,460.25,Month-to-month,No,Credit card (automatic),No
1591-MQJTP,0.19191554360035826,0,Low Risk,51,93.65,4839.15,One year,Fiber optic,Bank transfer (automatic),No
5295-PCJOO,0.338758978731387,0,Low Risk,4,49.4,184.4,Month-to-month,DSL,Electronic check,Yes
2369-FEVNO,0.2593269074071971,0,Low Risk,1,19.9,19.9,Month-to-month,No,Mailed check,No
9863-JZAIC,0.15714244548352135,0,Low Risk,35,55.0,2010.55,Month-to-month,DSL,Mailed check,Yes
7471-MQPOS,0.02806463513839154,0,Low Risk,71,72.9,5139.65,One year,DSL,Bank transfer (automatic),No
7660-HDPJV,0.7037078136737595,1,High Risk,1,69.2,69.2,Month-to-month,Fiber optic,Electronic check,Yes
5115-SQAAU,0.003959199696981602,0,Low Risk,69,25.6,1673.4,Two year,No,Bank transfer (automatic),No
9845-QOMAD,0.05096722378095122,0,Low Risk,14,19.75,309.35,One year,No,Mailed check,No
7672-VFMXZ,0.038472726181399304,0,Low Risk,57,55.7,3171.6,Month-to-month,DSL,Electronic check,No
9739-JLPQJ,0.0333260273921097,0,Low Risk,72,117.5,8670.1,Two year,Fiber optic,Credit card (automatic),No
9916-AYHTC,0.006210787680095615,0,Low Risk,48,19.85,916.0,Two year,No,Credit card (automatic),No
3855-ONCAR,0.6090034411665218,1,Medium Risk,4,78.9,299.75,Month-to-month,Fiber optic,Mailed check,No
1488-SYSFC,0.08864568343659927,0,Low Risk,31,20.65,702.05,Month-to-month,No,Electronic check,No
7931-PXHFC,0.07679483119870653,0,Low Risk,38,62.3,2354.8,One year,DSL,Mailed check,Yes
3990-QYKBE,0.6726206463805618,1,Medium Risk,37,92.5,3473.4,Month-to-month,Fiber optic,Electronic check,Yes
0970-QXPXW,0.19049978474541984,0,Low Risk,1,19.65,19.65,Month-to-month,No,Mailed check,No
3259-KNMRR,0.05649049119250875,0,Low Risk,57,79.75,4438.2,Two year,DSL,Bank transfer (automatic),No
6120-RJKLU,0.01933997164004676,0,Low Risk,62,79.95,4819.75,Two year,DSL,Credit card (automatic),No
9572-WUKSB,0.551200372097624,1,Medium Risk,3,29.9,92.25,Month-to-month,DSL,Electronic check,No
5893-KCLGT,0.002600031416874485,0,Low Risk,72,19.75,1567.0,Two year,No,Mailed check,No
0076-LVEPS,0.10935238410350034,0,Low Risk,29,45.0,1242.45,Month-to-month,DSL,Mailed check,No
3640-JQGJG,0.202517553962954,0,Low Risk,13,44.8,559.2,Month-to-month,DSL,Bank transfer (automatic),No
4919-MOAVT,0.5542654076363905,1,Medium Risk,3,69.65,220.1,Month-to-month,Fiber optic,Electronic check,Yes
1596-OQSPS,0.29470849564711726,0,Low Risk,11,51.1,531.15,Month-to-month,DSL,Electronic check,No
9867-XOBQA,0.039402639336813414,0,Low Risk,21,53.15,1183.2,Two year,DSL,Mailed check,No
9546-KDTRB,0.11291927825631161,0,Low Risk,19,24.7,465.85,Month-to-month,No,Bank transfer (automatic),No
3090-HAWSU,0.07922635005544727,0,Low Risk,61,111.6,6876.05,Two year,Fiber optic,Credit card (automatic),Yes
9820-RMCQV,0.17495391612797676,0,Low Risk,11,48.55,501.0,Month-to-month,DSL,Credit card (automatic),Yes
3174-RKMOW,0.4805095396860019,0,Medium Risk,35,109.95,3782.4,Month-to-month,Fiber optic,Electronic check,No
1760-CAZHT,0.05738066117231129,0,Low Risk,25,20.8,460.2,Month-to-month,No,Mailed check,No
7839-QRKXN,0.2552877205337796,0,Low Risk,1,20.2,20.2,Month-to-month,No,Mailed check,Yes
8441-SHIPE,0.005552125166319442,0,Low Risk,67,25.6,1790.35,Two year,No,Bank transfer (automatic),No
5204-QZXPU,0.5137199265720679,1,Medium Risk,19,39.65,733.35,Month-to-month,DSL,Electronic check,Yes
4597-ELFTS,0.01707311169519904,0,Low Risk,56,24.9,1334.0,One year,No,Electronic check,Yes
1320-GVNHT,0.05654181132243558,0,Low Risk,72,108.4,7767.25,Two year,Fiber optic,Credit card (automatic),No
1047-RNXZV,0.008751229713255485,0,Low Risk,43,19.55,876.15,Two year,No,Mailed check,No
3541-ZNUHK,0.20240616231524095,0,Low Risk,55,85.1,4600.95,Month-to-month,Fiber optic,Electronic check,No
8450-JOVAH,0.2728833861844328,0,Low Risk,2,56.7,113.55,Month-to-month,DSL,Mailed check,Yes
8725-JEDFD,0.406677058557132,0,Medium Risk,27,69.05,1793.25,Month-to-month,Fiber optic,Mailed check,No
7562-UXTPG,0.5276915902736198,1,Medium Risk,13,70.15,886.7,Month-to-month,Fiber optic,Mailed check,No
8071-SBTRN,0.08035980737422217,0,Low Risk,70,111.15,7737.55,Two year,Fiber optic,Mailed check,No
1113-IUJYX,0.19331537432171284,0,Low Risk,14,105.95,1348.9,One year,Fiber optic,Mailed check,Yes
6668-CNMFP,0.30043446649437877,0,Low Risk,19,89.35,1686.85,One year,Fiber optic,Bank transfer (automatic),No
5626-MGTUK,0.498154330623286,0,Medium Risk,20,89.1,1879.25,Month-to-month,Fiber optic,Bank transfer (automatic),No
5681-LLOEI,0.09815473214707715,0,Low Risk,43,91.25,4013.8,One year,Fiber optic,Credit card (automatic),No
8212-DJRCH,0.49365934135704514,0,Medium Risk,5,90.35,434.5,Month-to-month,Fiber optic,Mailed check,No
4323-OHFOW,0.14847037678225256,0,Low Risk,70,105.55,7195.35,One year,Fiber optic,Bank transfer (automatic),No
4933-BSAIP,0.009967401860224285,0,Low Risk,40,19.1,780.1,Two year,No,Mailed check,No
2030-BTZRO,0.05194140680831572,0,Low Risk,6,20.4,107.6,Two year,No,Credit card (automatic),No
1116-DXXDF,0.17614818873637028,0,Low Risk,39,100.45,3801.7,Two year,Fiber optic,Electronic check,No
9274-CNFMO,0.7039533197945318,1,High Risk,4,74.95,308.7,Month-to-month,Fiber optic,Electronic check,Yes
7758-XKCBS,0.41159806304452895,0,Medium Risk,15,29.7,438.25,Month-to-month,DSL,Electronic check,Yes
8992-JQYUN,0.7431594488491391,1,High Risk,1,50.35,50.35,Month-to-month,DSL,Electronic check,Yes
6563-VNPMN,0.1473273850596165,0,Low Risk,45,85.7,3778.1,Month-to-month,Fiber optic,Bank transfer (automatic),No
0617-AQNWT,0.014660547779965373,0,Low Risk,64,47.85,3147.5,Two year,DSL,Electronic check,Yes
2267-WTPYD,0.25036405666636424,0,Low Risk,57,94.0,5438.95,Month-to-month,Fiber optic,Credit card (automatic),No
0270-THENM,0.004484496919121542,0,Low Risk,72,69.85,5102.35,Two year,DSL,Bank transfer (automatic),No
2446-PLQVO,0.7083298022402804,1,High Risk,1,70.3,70.3,Month-to-month,Fiber optic,Electronic check,Yes
4707-MAXGU,0.003043306409728472,0,Low Risk,72,25.85,1872.2,Two year,No,Credit card (automatic),No
2710-WYVXG,0.058919236940207,0,Low Risk,3,71.1,213.35,Two year,DSL,Mailed check,No
3005-NFMTA,0.46536327953569373,0,Medium Risk,55,98.8,5617.75,Month-to-month,Fiber optic,Electronic check,Yes
6300-BWMJX,0.24136944536512409,0,Low Risk,59,93.35,5386.5,Month-to-month,Fiber optic,Electronic check,No
8784-CGILN,0.5821591026956107,1,Medium Risk,18,99.85,1776.95,Month-to-month,Fiber optic,Bank transfer (automatic),Yes
5389-FFVKB,0.4551372132112574,0,Medium Risk,32,80.3,2483.05,Month-to-month,Fiber optic,Credit card (automatic),Yes
7009-LGECI,0.3003629086465605,0,Low Risk,4,50.55,235.65,Month-to-month,DSL,Bank transfer (automatic),No
8444-WRIDW,0.19269583329852463,0,Low Risk,66,80.45,5224.35,Month-to-month,Fiber optic,Credit card (automatic),Yes
5022-KVDQT,0.5767829669063574,1,Medium Risk,27,81.3,2272.8,Month-to-month,Fiber optic,Electronic check,No
7976-CICYS,0.2168849302180696,0,Low Risk,4,20.7,83.75,Month-to-month,No,Credit card (automatic),No
1036-GUDCL,0.04597525999276441,0,Low Risk,60,79.05,4663.4,Month-to-month,DSL,Credit card (automatic),No
2005-DWQZJ,0.035909028470235825,0,Low Risk,8,19.05,201.7,Two year,No,Mailed check,No
8148-WOCMK,0.03289571076356962,0,Low Risk,8,19.6,125.0,Two year,No,Credit card (automatic),No
7815-PDTHL,0.01830854749224001,0,Low Risk,35,20.2,684.4,Two year,No,Mailed check,No
9451-LPGOO,0.7698778474689998,1,High Risk,7,86.8,620.35,Month-to-month,Fiber optic,Electronic check,Yes
9173-IVZVP,0.004435591805699588,0,Low Risk,53,20.9,1146.05,Two year,No,Mailed check,No
9129-UXERG,0.5696622469519019,1,Medium Risk,18,103.6,1806.35,Month-to-month,Fiber optic,Credit card (automatic),No
3635-JBPSG,0.17272285573193719,0,Low Risk,15,38.8,603.0,Two year,DSL,Mailed check,No
7964-ZRKKG,0.13058956912039446,0,Low Risk,67,88.4,5798.3,One year,Fiber optic,Bank transfer (automatic),No
5868-YWPDW,0.7187331456066574,1,High Risk,6,84.2,519.15,Month-to-month,Fiber optic,Electronic check,Yes
6229-LSCKB,0.7487980522389736,1,High Risk,6,79.7,497.6,Month-to-month,Fiber optic,Electronic check,No
2025-JKFWI,0.6371758456911939,1,Medium Risk,13,99.0,1301.7,Month-to-month,Fiber optic,Mailed check,Yes
4078-SAYYN,0.7806461775206419,1,High Risk,11,100.75,1129.75,Month-to-month,Fiber optic,Electronic check,Yes
1724-IQWNM,0.21831781669142017,0,Low Risk,1,19.3,19.3,Month-to-month,No,Mailed check,No
8217-QYOHV,0.23431352114895249,0,Low Risk,5,55.75,266.95,Month-to-month,DSL,Mailed check,No
5546-QUERU,0.09087638944968947,0,Low Risk,13,19.95,257.0,One year,No,Mailed check,No
9940-HPQPG,0.3837896592280835,0,Low Risk,9,91.75,865.8,Month-to-month,Fiber optic,Bank transfer (automatic),Yes
6897-UUBNU,0.268767040994862,0,Low Risk,29,89.65,2623.65,Month-to-month,Fiber optic,Mailed check,No
6127-IYJOZ,0.4821770098824723,0,Medium Risk,1,45.85,45.85,Month-to-month,DSL,Mailed check,No
6618-RYATB,0.6854657946936057,1,Medium Risk,1,79.55,79.55,Month-to-month,Fiber optic,Mailed check,Yes
8930-XOTDP,0.2235375882981156,0,Low Risk,18,55.95,1082.8,Month-to-month,DSL,Mailed check,No
5916-QEWPT,0.4160807054600397,0,Medium Risk,2,69.0,147.8,Month-to-month,DSL,Credit card (automatic),No
5060-TQUQN,0.2907765272064141,0,Low Risk,30,83.55,2570.2,Month-to-month,Fiber optic,Bank transfer (automatic),No
0531-XBKMM,0.005266563569732857,0,Low Risk,66,65.7,4378.9,Two year,DSL,Bank transfer (automatic),No
8465-SBRXP,0.11713987896557933,0,Low Risk,38,94.9,3616.25,Two year,Fiber optic,Bank transfer (automatic),No
2408-PSJVE,0.07088698942227512,0,Low Risk,44,61.9,2924.05,Month-to-month,DSL,Mailed check,No
9079-YEXQJ,0.32920060336440987,0,Low Risk,54,111.1,6014.85,Month-to-month,Fiber optic,Electronic check,Yes
9700-ZCLOT,0.18628018107299815,0,Low Risk,2,20.0,32.7,Month-to-month,No,Mailed check,No
8738-JOKAR,0.04114889096785036,0,Low Risk,42,67.7,2882.25,One year,DSL,Mailed check,No
4534-WGCIR,0.004518390187544812,0,Low Risk,58,25.15,1509.9,Two year,No,Credit card (automatic),No
1930-WNXSB,0.31744405073005433,0,Low Risk,58,92.85,5305.05,Month-to-month,Fiber optic,Electronic check,No
2685-SREOM,0.6041467773152859,1,Medium Risk,25,89.1,2368.4,Month-to-month,Fiber optic,Electronic check,Yes
3508-CFVZL,0.03960515238538019,0,Low Risk,71,111.3,7985.9,Two year,Fiber optic,Mailed check,No
0402-CQAJN,0.4821949717298891,0,Medium Risk,37,101.9,3545.35,Month-to-month,Fiber optic,Bank transfer (automatic),Yes
6692-UDPJC,0.5985410251867174,1,Medium Risk,14,91.65,1301.0,Month-to-month,Fiber optic,Electronic check,Yes
1273-MTETI,0.799686244711341,1,High Risk,4,88.85,372.45,Month-to-month,Fiber optic,Electronic check,Yes
0657-DOGUM,0.037983223884289354,0,Low Risk,48,60.6,2985.25,One year,DSL,Bank transfer (automatic),No
5480-HPRRX,0.5783673428795508,1,Medium Risk,3,25.3,77.75,Month-to-month,DSL,Electronic check,Yes
8792-AOROI,0.060233645982919484,0,Low Risk,8,65.5,564.35,Two year,DSL,Mailed check,No
0295-PPHDO,0.8325704664783564,1,High Risk,1,95.45,95.45,Month-to-month,Fiber optic,Electronic check,Yes
5146-YYFRZ,0.002610532085714056,0,Low Risk,67,19.95,1311.75,Two year,No,Bank transfer (automatic),No
1195-OIYEJ,0.7207858366952244,1,High Risk,13,91.1,1135.7,Month-to-month,Fiber optic,Electronic check,Yes
5906-CVLHP,0.028480547699073128,0,Low Risk,45,54.15,2319.8,One year,DSL,Credit card (automatic),Yes
3452-SRFEG,0.30255086938334436,0,Low Risk,49,74.6,3720.35,Month-to-month,Fiber optic,Bank transfer (automatic),No
4070-OKWVH,0.2574917462231901,0,Low Risk,52,94.6,5025.8,Month-to-month,Fiber optic,Bank transfer (automatic),No
5297-MDOIR,0.06505322838332785,0,Low Risk,63,81.15,5224.5,One year,Fiber optic,Credit card (automatic),No
6369-MCAKO,0.015593058764828109,0,Low Risk,68,89.05,6185.8,Two year,DSL,Bank transfer (automatic),No
4926-UMJZD,0.1397550726119967,0,Low Risk,31,49.2,1498.55,Month-to-month,DSL,Mailed check,No
6848-HJTXY,0.002890717706855116,0,Low Risk,64,19.45,1208.6,Two year,No,Credit card (automatic),No
6341-AEVKX,0.14132594392570097,0,Low Risk,62,104.3,6613.65,One year,Fiber optic,Electronic check,No
4501-EQDRN,0.5238518682666452,1,Medium Risk,1,69.7,69.7,Month-to-month,Fiber optic,Bank transfer (automatic),Yes
2990-HWIML,0.7601987144845355,1,High Risk,6,89.5,573.3,Month-to-month,Fiber optic,Electronic check,Yes
0682-USIXD,0.525334225450893,1,Medium Risk,21,86.05,1818.9,Month-to-month,Fiber optic,Electronic check,No
6976-BWGLQ,0.0023932603570181138,0,Low Risk,72,25.2,1787.35,Two year,No,Bank transfer (automatic),No
7078-NVFAM,0.1752417642117558,0,Low Risk,32,35.15,1051.05,Month-to-month,DSL,Electronic check,No
8065-QBYTO,0.07652348191491819,0,Low Risk,71,99.65,7181.25,One year,Fiber optic,Credit card (automatic),No
2133-TSRRM,0.3070474194079183,0,Low Risk,34,105.35,3688.6,Month-to-month,Fiber optic,Bank transfer (automatic),No
7384-GHBPI,0.6904850651588321,1,Medium Risk,3,35.15,99.75,Month-to-month,DSL,Electronic check,Yes
7603-USHJS,0.5363226933793476,1,Medium Risk,12,73.75,871.4,Month-to-month,Fiber optic,Credit card (automatic),Yes
7234-FECYN,0.7528545421999677,1,High Risk,8,101.35,780.5,Month-to-month,Fiber optic,Electronic check,Yes
2511-ALLCS,0.012955017338602508,0,Low Risk,35,24.3,821.6,Two year,No,Bank transfer (automatic),No
3191-CSNMG,0.6920464699560507,1,Medium Risk,3,80.7,239.45,Month-to-month,Fiber optic,Electronic check,No
7952-OBOYL,0.5703014114773527,1,Medium Risk,3,89.85,244.45,Month-to-month,Fiber optic,Mailed check,No
7470-DYNOE,0.09006370778435623,0,Low Risk,53,61.1,3357.9,One year,DSL,Electronic check,No
7853-OETYL,0.5236691238863911,1,Medium Risk,4,29.05,129.6,Month-to-month,DSL,Electronic check,No
1545-ACTAS,0.1527027957266992,0,Low Risk,48,99.7,4977.2,One year,Fiber optic,Bank transfer (automatic),No
5876-HZVZM,0.1536077117586943,0,Low Risk,6,55.9,365.35,Month-to-month,DSL,Credit card (automatic),Yes
1400-MMYXY,0.8179548881229305,1,High Risk,3,105.9,334.65,Month-to-month,Fiber optic,Electronic check,Yes
5126-RCXYW,0.016965508847884822,0,Low Risk,54,46.0,2424.05,Two year,DSL,Credit card (automatic),No
3085-QUOZK,0.3500125865523414,0,Low Risk,1,43.95,43.95,Month-to-month,DSL,Mailed check,Yes
2363-BJLSL,0.07998329598108721,0,Low Risk,62,80.4,4981.15,Month-to-month,DSL,Bank transfer (automatic),No
1956-YIFGE,0.3252500223184294,0,Low Risk,22,100.05,2090.25,One year,Fiber optic,Mailed check,No
3926-CUQZX,0.4287132386947254,0,Medium Risk,1,45.1,45.1,Month-to-month,DSL,Bank transfer (automatic),Yes
7921-LMDFQ,0.2525328190560914,0,Low Risk,51,94.0,4905.75,One year,Fiber optic,Bank transfer (automatic),No
2925-MXLSX,0.145059522782938,0,Low Risk,30,68.95,2038.7,One year,DSL,Credit card (automatic),No
5820-PTRYM,0.029291985341669744,0,Low Risk,56,68.45,4014.0,One year,DSL,Credit card (automatic),No
9609-BENEA,0.14063264085556498,0,Low Risk,35,69.0,2441.7,One year,DSL,Electronic check,No
6211-WHMYA,0.10041178145724712,0,Low Risk,64,43.85,2751.0,Month-to-month,DSL,Electronic check,No
4459-BBGHE,0.4142239897215607,0,Medium Risk,30,44.5,1307.8,Month-to-month,DSL,Electronic check,No
9945-PSVIP,0.022742613815789386,0,Low Risk,25,18.7,383.65,Two year,No,Mailed check,No
1041-RXHRA,0.21281834669247326,0,Low Risk,41,70.25,2868.05,Month-to-month,Fiber optic,Bank transfer (automatic),Yes
1750-CSKKM,0.3542130212025705,0,Low Risk,9,55.35,449.75,Month-to-month,DSL,Electronic check,Yes
9108-EJFJP,0.30400707909395813,0,Low Risk,1,53.55,53.55,Month-to-month,DSL,Mailed check,No
0530-IJVDB,0.06537079047265913,0,Low Risk,70,114.6,7882.5,Two year,Fiber optic,Electronic check,No
0508-SQWPL,0.004827572992119732,0,Low Risk,57,20.1,1087.7,Two year,No,Bank transfer (automatic),No
2215-ZAFGX,0.758350673529891,1,High Risk,9,85.5,791.7,Month-to-month,Fiber optic,Electronic check,No
8213-TAZPM,0.11493015946024591,0,Low Risk,69,108.75,7493.05,One year,Fiber optic,Bank transfer (automatic),No
7142-HVGBG,0.6020711055932464,1,Medium Risk,43,103.0,4414.3,Month-to-month,Fiber optic,Electronic check,Yes
1304-SEGFY,0.14045458310400763,0,Low Risk,72,97.85,6841.3,Two year,Fiber optic,Electronic check,No
7242-EDTYC,0.006133960886668474,0,Low Risk,44,19.55,819.95,Two year,No,Bank transfer (automatic),No
2904-GGUAZ,0.03268170984683023,0,Low Risk,72,84.05,6052.25,Two year,Fiber optic,Bank transfer (automatic),No
8267-ZNYVZ,0.25168837320253556,0,Low Risk,33,103.75,3361.05,One year,Fiber optic,Electronic check,Yes
5136-GFPMB,0.2596336088650346,0,Low Risk,54,89.4,4869.5,Month-to-month,Fiber optic,Credit card (automatic),No
2595-KIWPV,0.013373406403203765,0,Low Risk,27,19.7,509.3,Two year,No,Credit card (automatic),No
5243-SAOTC,0.24396818321508956,0,Low Risk,54,79.85,4308.25,Month-to-month,Fiber optic,Bank transfer (automatic),No
9398-MMQTO,0.460730146650046,0,Medium Risk,3,74.45,221.1,Month-to-month,Fiber optic,Credit card (automatic),No
7619-PLRLP,0.03590820134756898,0,Low Risk,53,74.1,3833.95,One year,DSL,Bank transfer (automatic),No
6457-GIRWB,0.7081710601621044,1,High Risk,1,69.35,69.35,Month-to-month,Fiber optic,Electronic check,Yes
6508-NJYRO,0.05979265530065753,0,Low Risk,15,18.8,294.95,One year,No,Mailed check,No
1450-SKCVI,0.23123855670279556,0,Low Risk,56,73.85,4092.85,Month-to-month,Fiber optic,Electronic check,Yes
4710-NKCAW,0.1489744473258561,0,Low Risk,5,64.4,316.9,Month-to-month,DSL,Credit card (automatic),No
5306-BVTKJ,0.03746367897964923,0,Low Risk,48,55.8,2651.2,One year,DSL,Credit card (automatic),No
0357-NVCRI,0.051593344425292134,0,Low Risk,25,20.05,471.7,Month-to-month,No,Credit card (automatic),No
5570-PTWEH,0.6636720599426762,1,Medium Risk,3,75.15,216.75,Month-to-month,Fiber optic,Credit card (automatic),Yes
2371-KFUOG,0.08814476510453075,0,Low Risk,58,99.15,5720.95,One year,Fiber optic,Bank transfer (automatic),No
0463-ZSDNT,0.39386266156687916,0,Low Risk,10,56.75,503.25,Month-to-month,DSL,Bank transfer (automatic),No
6502-MJQAE,0.7082128393175504,1,High Risk,1,69.6,69.6,Month-to-month,Fiber optic,Electronic check,Yes
6257-DTAYD,0.07278137831589217,0,Low Risk,71,104.15,7365.3,Two year,Fiber optic,Credit card (automatic),No
4616-ULAOA,0.07235872239767406,0,Low Risk,65,110.8,7245.9,Two year,Fiber optic,Credit card (automatic),No
7693-LCKZL,0.6580208491063027,1,Medium Risk,5,80.15,385.0,Month-to-month,Fiber optic,Electronic check,Yes
7746-AWNQW,0.2136255048201059,0,Low Risk,28,35.75,961.4,Month-to-month,DSL,Mailed check,No
5996-EBTKM,0.01651974340330062,0,Low Risk,67,69.9,4615.9,Two year,DSL,Bank transfer (automatic),No
2758-RNWXS,0.199908992202103,0,Low Risk,35,89.2,3251.3,One year,Fiber optic,Electronic check,No
2314-TNDJQ,0.005113278752438319,0,Low Risk,72,55.65,3880.05,Two year,DSL,Credit card (automatic),No
2405-LBMUW,0.02166968439134638,0,Low Risk,61,50.7,3088.75,One year,DSL,Bank transfer (automatic),No
3454-JFUBC,0.004153217167562691,0,Low Risk,68,20.0,1396.0,Two year,No,Credit card (automatic),No
0032-PGELS,0.3170784859422126,0,Low Risk,1,30.5,30.5,Month-to-month,DSL,Bank transfer (automatic),Yes
9039-ZVJDC,0.241124744252095,0,Low Risk,3,19.1,53.05,Month-to-month,No,Mailed check,No
6797-LNAQX,0.05676817010377132,0,Low Risk,70,98.3,6859.5,Two year,Fiber optic,Bank transfer (automatic),Yes
9013-AQORL,0.08731045755140136,0,Low Risk,48,45.55,2108.35,Month-to-month,DSL,Credit card (automatic),No
2898-MRKPI,0.14859281738465757,0,Low Risk,68,101.05,6770.5,One year,Fiber optic,Credit card (automatic),No
2750-BJLSB,0.1818276895731544,0,Low Risk,47,103.7,4730.6,One year,Fiber optic,Electronic check,No
3648-GZPHF,0.08837761468175583,0,Low Risk,32,36.25,1151.05,One year,DSL,Mailed check,No
2075-RMJIK,0.2612959397832676,0,Low Risk,5,49.4,232.55,Month-to-month,DSL,Mailed check,No
9588-YRFHY,0.008788139793414767,0,Low Risk,49,19.9,1022.6,Two year,No,Credit card (automatic),No
6394-MFYNG,0.4366642682162695,0,Medium Risk,48,107.4,5121.3,Month-to-month,Fiber optic,Bank transfer (automatic),Yes
1564-NTYXF,0.7583318301443924,1,High Risk,13,82.0,1127.2,Month-to-month,Fiber optic,Electronic check,Yes
9364-YKUVW,0.1529638456090453,0,Low Risk,15,19.8,309.4,Month-to-month,No,Mailed check,No
5392-AKEMH,0.4079472964179688,0,Medium Risk,12,45.05,523.1,Month-to-month,DSL,Electronic check,No
2451-YMUXS,0.01019387482339436,0,Low Risk,67,64.55,4250.1,Two year,DSL,Bank transfer (automatic),No
3914-FDRHP,0.524262027512008,1,Medium Risk,9,86.25,770.5,Month-to-month,Fiber optic,Electronic check,No
3078-ZKNTS,0.03801153477923638,0,Low Risk,13,19.75,246.7,Two year,No,Bank transfer (automatic),No
1024-KPRBB,0.2994690560749971,0,Low Risk,38,89.1,3342.0,One year,Fiber optic,Mailed check,No
4690-PKDQG,0.5283544871647174,1,Medium Risk,42,95.55,3930.6,Month-to-month,Fiber optic,Electronic check,No
8155-IBNHG,0.48954459182430626,0,Medium Risk,24,75.4,1747.85,Month-to-month,Fiber optic,Credit card (automatic),Yes
0886-QGENL,0.5720049507418659,1,Medium Risk,27,101.25,2754.45,Month-to-month,Fiber optic,Electronic check,Yes
9547-ITEFG,0.6293561535467876,1,Medium Risk,9,102.6,897.75,Month-to-month,Fiber optic,Credit card (automatic),No
1264-FUHCX,0.0817361071835243,0,Low Risk,49,56.3,2780.6,One year,DSL,Credit card (automatic),No
7789-CRUVC,0.1370910597186791,0,Low Risk,61,94.2,5895.45,Month-to-month,Fiber optic,Credit card (automatic),No
6598-KELSS,0.04434768292628279,0,Low Risk,50,43.05,2208.05,One year,DSL,Bank transfer (automatic),No
8739-WWKDU,0.6506059045106862,1,Medium Risk,25,89.5,2196.15,Month-to-month,Fiber optic,Electronic check,Yes
8685-WHQPW,0.5512138416081527,1,Medium Risk,22,74.4,1692.6,Month-to-month,Fiber optic,Bank transfer (automatic),Yes
4745-LSPLO,0.19392595606819754,0,Low Risk,1,20.5,20.5,Month-to-month,No,Mailed check,Yes
8083-YTZES,0.7431254383174195,1,High Risk,4,74.35,265.35,Month-to-month,Fiber optic,Electronic check,Yes
7240-FQLHE,0.5347225241089197,1,Medium Risk,18,99.75,1836.25,Month-to-month,Fiber optic,Bank transfer (automatic),Yes
6664-FPDAC,0.2942584665115455,0,Low Risk,56,111.95,6418.9,One year,Fiber optic,Electronic check,Yes
9972-VAFJJ,0.1707446873604271,0,Low Risk,53,94.0,4871.45,One year,Fiber optic,Electronic check,No
0422-UXFAP,0.3665471197986021,0,Low Risk,51,98.85,4947.55,One year,Fiber optic,Electronic check,No
1904-WAJAA,0.04697994727875572,0,Low Risk,24,64.35,1558.65,Two year,DSL,Electronic check,No
5130-YPIRV,0.014518672156521422,0,Low Risk,62,72.0,4284.2,Two year,DSL,Credit card (automatic),No
2843-CQMEG,0.2115429840216445,0,Low Risk,24,49.7,1218.25,Month-to-month,DSL,Mailed check,No
6439-PKTRR,0.01010653456846651,0,Low Risk,70,80.7,5617.95,Two year,DSL,Electronic check,No
5351-QESIO,0.43186093319067514,0,Medium Risk,1,24.2,24.2,Month-to-month,DSL,Mailed check,No
0786-VSSUD,0.47132509600012806,0,Medium Risk,16,39.0,679.85,Month-to-month,DSL,Mailed check,Yes
5568-DMXZS,0.37676835048688195,0,Low Risk,8,65.45,554.45,Month-to-month,DSL,Electronic check,No
8468-FZTOE,0.009084427992442475,0,Low Risk,72,74.35,5237.4,Two year,DSL,Electronic check,No
6633-SYEUS,0.2352681578190963,0,Low Risk,23,83.2,2032.3,Month-to-month,Fiber optic,Bank transfer (automatic),No
6447-GORXK,0.1480326743965813,0,Low Risk,31,25.0,789.2,Month-to-month,DSL,Credit card (automatic),No
6967-PEJLL,0.06895847037784374,0,Low Risk,37,40.2,1525.35,One year,DSL,Electronic check,No
3976-BWUCK,0.3907889328333938,0,Low Risk,30,94.1,2804.45,Month-to-month,Fiber optic,Credit card (automatic),Yes
5981-ZVXOT,0.38029823638262195,0,Low Risk,35,108.35,3726.15,One year,Fiber optic,Electronic check,No
1684-FLBGS,0.20401354289720278,0,Low Risk,23,69.5,1652.1,Month-to-month,DSL,Credit card (automatic),No
1389-WNUIB,0.12968708421064218,0,Low Risk,20,76.0,1588.75,One year,DSL,Bank transfer (automatic),No
0376-OIWME,0.47146642652316284,0,Medium Risk,36,93.6,3366.05,Month-to-month,Fiber optic,Electronic check,No
3585-ISXZP,0.6490376929131987,1,Medium Risk,8,95.65,778.1,Month-to-month,Fiber optic,Bank transfer (automatic),Yes
0218-QNVAS,0.10278754608475722,0,Low Risk,71,100.55,7113.75,One year,Fiber optic,Bank transfer (automatic),No
6583-QGCSI,0.46160751092785507,0,Medium Risk,50,88.05,4367.35,Month-to-month,Fiber optic,Electronic check,Yes
0804-YGEQV,0.024073714928761796,0,Low Risk,43,24.45,993.15,One year,No,Bank transfer (automatic),No
7164-BPTUT,0.015269048103713597,0,Low Risk,57,89.55,5012.35,Two year,DSL,Mailed check,No
4174-LPGTI,0.04848105942004027,0,Low Risk,41,66.5,2728.6,One year,DSL,Bank transfer (automatic),Yes
2523-EWWZL,0.46120192939348753,0,Medium Risk,27,76.1,2093.4,Month-to-month,Fiber optic,Electronic check,No
0928-XUTSN,0.6645108694435345,1,Medium Risk,13,80.5,1011.8,Month-to-month,Fiber optic,Electronic check,No
2108-XWMPY,0.410143376951426,0,Medium Risk,3,35.45,106.85,Month-to-month,DSL,Mailed check,Yes
0052-YNYOT,0.007155979806897813,0,Low Risk,67,20.55,1343.4,One year,No,Electronic check,No
6304-IJFSQ,0.38124085752628395,0,Low Risk,3,49.9,130.1,Month-to-month,DSL,Mailed check,Yes
9586-JGQKH,0.0901009913009401,0,Low Risk,64,105.4,6794.75,Two year,Fiber optic,Bank transfer (automatic),No
4501-VCPFK,0.22978267979766084,0,Low Risk,26,35.75,1022.5,Month-to-month,DSL,Electronic check,No
6075-SLNIL,0.4245151978210327,0,Medium Risk,38,95.1,3691.2,Month-to-month,Fiber optic,Credit card (automatic),No
9347-AERRL,0.03840802617942483,0,Low Risk,23,19.3,486.2,One year,No,Credit card (automatic),No
0093-XWZFY,0.47218817575481525,0,Medium Risk,40,104.5,4036.85,Month-to-month,Fiber optic,Credit card (automatic),Yes
2274-XUATA,0.016933101197845878,0,Low Risk,72,63.1,4685.55,Two year,DSL,Bank transfer (automatic),No
1980-KXVPM,0.6940046845355095,1,Medium Risk,3,75.05,256.25,Month-to-month,Fiber optic,Credit card (automatic),Yes
7703-ZEKEF,0.6061183707431117,1,Medium Risk,23,81.0,1917.1,Month-to-month,Fiber optic,Electronic check,Yes
0723-DRCLG,0.7890993510796196,1,High Risk,1,74.45,74.45,Month-to-month,Fiber optic,Electronic check,Yes
5482-NUPNA,0.2089220424191487,0,Low Risk,4,60.4,272.15,Month-to-month,DSL,Mailed check,Yes
6691-CCIHA,0.03163095160140575,0,Low Risk,62,84.95,5150.55,Two year,DSL,Electronic check,No
1685-BQULA,0.4040168050277373,0,Medium Risk,40,93.4,3756.4,Month-to-month,Fiber optic,Bank transfer (automatic),No
9053-EJUNL,0.4981711957759075,0,Medium Risk,41,89.2,3645.75,Month-to-month,Fiber optic,Electronic check,No
0666-UXTJO,0.44177836292394684,0,Medium Risk,34,85.2,2874.45,Month-to-month,Fiber optic,Credit card (automatic),No
1471-GIQKQ,0.38502105614048876,0,Low Risk,1,49.95,49.95,Month-to-month,DSL,Electronic check,No
4807-IZYOZ,0.00548562273876037,0,Low Risk,51,20.65,1020.75,Two year,No,Bank transfer (automatic),No
1122-JWTJW,0.5874620977643872,1,Medium Risk,1,70.65,70.65,Month-to-month,Fiber optic,Mailed check,Yes
9710-NJERN,0.01041941422231866,0,Low Risk,39,20.15,826.0,Two year,No,Mailed check,No
9837-FWLCH,0.19000083307498128,0,Low Risk,12,19.2,239.0,Month-to-month,No,Electronic check,No
1699-HPSBG,0.23995486428061294,0,Low Risk,12,59.8,727.8,One year,DSL,Electronic check,Yes
7203-OYKCT,0.2346799696789674,0,Low Risk,72,104.95,7544.3,One year,Fiber optic,Electronic check,No
1035-IPQPU,0.4640235190307406,0,Medium Risk,63,103.5,6479.4,Month-to-month,Fiber optic,Electronic check,No
7398-LXGYX,0.2541608018560113,0,Low Risk,44,84.8,3626.35,Month-to-month,Fiber optic,Credit card (automatic),No
2823-LKABH,0.5124791673291657,1,Medium Risk,18,95.05,1679.4,Month-to-month,Fiber optic,Bank transfer (automatic),No
8775-CEBBJ,0.34534161077475095,0,Low Risk,9,44.2,403.35,Month-to-month,DSL,Bank transfer (automatic),Yes
0550-DCXLH,0.24190680143178658,0,Low Risk,13,73.35,931.55,Month-to-month,DSL,Mailed check,No
9281-CEDRU,0.008319533883618932,0,Low Risk,68,64.1,4326.25,Two year,DSL,Bank transfer (automatic),No
2235-DWLJU,0.7321981430370902,1,High Risk,6,44.4,263.05,Month-to-month,DSL,Electronic check,No
0871-OPBXW,0.24631178041288565,0,Low Risk,2,20.05,39.25,Month-to-month,No,Mailed check,No
3605-JISKB,0.027983693615317863,0,Low Risk,55,60.0,3316.1,One year,DSL,Credit card (automatic),No
6894-LFHLY,0.789580056789186,1,High Risk,1,75.75,75.75,Month-to-month,Fiber optic,Electronic check,Yes
9767-FFLEM,0.3012097570815467,0,Low Risk,38,69.5,2625.25,Month-to-month,Fiber optic,Credit card (automatic),No
0639-TSIQW,0.18521955910072302,0,Low Risk,67,102.95,6886.25,Month-to-month,Fiber optic,Credit card (automatic),Yes
8456-QDAVC,0.5284528010396741,1,Medium Risk,19,78.7,1495.1,Month-to-month,Fiber optic,Bank transfer (automatic),No
7750-EYXWZ,0.2682880434313993,0,Low Risk,12,60.65,743.3,One year,DSL,Electronic check,No
2569-WGERO,0.0029412950454842943,0,Low Risk,72,21.15,1419.4,Two year,No,Bank transfer (automatic),No
6840-RESVB,0.12152529345699735,0,Low Risk,24,84.8,1990.5,One year,DSL,Mailed check,No
2234-XADUH,0.13274812579232143,0,Low Risk,72,103.2,7362.9,One year,Fiber optic,Credit card (automatic),No
4801-JZAZL,0.39087015821437704,0,Low Risk,11,29.6,346.45,Month-to-month,DSL,Electronic check,No
8361-LTMKD,0.7136130787754101,1,High Risk,4,74.4,306.6,Month-to-month,Fiber optic,Mailed check,Yes
3186-AJIEK,0.04831935523484593,0,Low Risk,66,105.65,6844.5,Two year,Fiber optic,Bank transfer (automatic),No
